JvmtiExport can_access_local_variables 0
JvmtiExport can_hotswap_or_post_breakpoint 0
JvmtiExport can_post_on_exceptions 0
# 293 ciObject found
instanceKlass org/apache/maven/artifact/handler/DefaultArtifactHandler$$FastClassByGuice$$194008205
instanceKlass org/apache/maven/artifact/handler/DefaultArtifactHandler$__sisu12$$FastClassByGuice$$193535496
instanceKlass org/apache/maven/repository/internal/DefaultVersionResolver$Record
instanceKlass org/apache/maven/repository/internal/DefaultVersionResolver$VersionInfo
instanceKlass org/apache/maven/artifact/repository/metadata/io/xpp3/MetadataXpp3Reader$1
instanceKlass org/apache/maven/artifact/repository/metadata/io/xpp3/MetadataXpp3Reader$ContentTransformer
instanceKlass org/apache/maven/artifact/repository/metadata/io/xpp3/MetadataXpp3Reader
instanceKlass org/eclipse/aether/repository/AuthenticationDigest
instanceKlass org/eclipse/aether/internal/impl/Utils
instanceKlass org/eclipse/aether/repository/LocalMetadataResult
instanceKlass org/eclipse/aether/repository/LocalMetadataRequest
instanceKlass org/eclipse/aether/resolution/MetadataResult
instanceKlass org/eclipse/aether/resolution/MetadataRequest
instanceKlass org/eclipse/aether/metadata/AbstractMetadata
instanceKlass org/eclipse/aether/util/graph/selector/ExclusionDependencySelector$ExclusionComparator
instanceKlass org/eclipse/aether/graph/Dependency$Exclusions$1
instanceKlass org/apache/maven/model/merge/ModelMerger$NotifierKeyComputer
instanceKlass org/eclipse/aether/internal/impl/collect/DataPool$GraphKey
instanceKlass org/eclipse/aether/internal/impl/collect/DefaultDependencyCycle
instanceKlass org/eclipse/aether/internal/impl/collect/DataPool$HardInternPool$$Lambda$133
instanceKlass org/eclipse/aether/internal/impl/collect/DataPool$Descriptor
instanceKlass org/eclipse/aether/internal/impl/collect/DataPool$Constraint$VersionRepo
instanceKlass org/eclipse/aether/internal/impl/collect/DataPool$Constraint
instanceKlass org/eclipse/aether/internal/impl/collect/DataPool$ConstraintKey
instanceKlass org/eclipse/aether/util/graph/manager/ClassicDependencyManager$Key
instanceKlass org/eclipse/aether/internal/impl/collect/CollectStepDataImpl
instanceKlass org/eclipse/aether/collection/CollectStepData
instanceKlass org/eclipse/aether/internal/impl/collect/df/NodeStack
instanceKlass org/eclipse/aether/graph/DependencyCycle
instanceKlass org/eclipse/aether/internal/impl/collect/DataPool$HardInternPool
instanceKlass org/eclipse/aether/internal/impl/collect/DataPool$WeakInternPool
instanceKlass org/eclipse/aether/internal/impl/collect/DataPool$InternPool
instanceKlass org/eclipse/aether/internal/impl/collect/CachingArtifactTypeRegistry
instanceKlass org/apache/maven/RepositoryUtils$$Lambda$132
instanceKlass org/eclipse/aether/util/artifact/ArtifactIdUtils
instanceKlass org/apache/maven/project/DefaultDependencyResolutionRequest
instanceKlass org/apache/maven/lifecycle/internal/LifecycleDependencyResolver$ReactorDependencyFilter
instanceKlass org/eclipse/aether/util/filter/AndDependencyFilter
instanceKlass org/eclipse/aether/util/filter/ScopeDependencyFilter
instanceKlass org/apache/maven/project/artifact/DefaultProjectArtifactsCache$CacheKey
instanceKlass org/apache/maven/lifecycle/internal/MojoExecutor$1
instanceKlass org/apache/maven/lifecycle/internal/ExecutionPlanItem
instanceKlass org/apache/maven/lifecycle/internal/DefaultMojoExecutionConfigurator$$Lambda$131
instanceKlass java/lang/invoke/LambdaForm$DMH
instanceKlass java/lang/invoke/LambdaForm$DMH
instanceKlass org/apache/maven/lifecycle/internal/DefaultMojoExecutionConfigurator$$Lambda$130
instanceKlass org/apache/maven/lifecycle/internal/DefaultMojoExecutionConfigurator$$Lambda$129
instanceKlass org/apache/maven/lifecycle/internal/DefaultMojoExecutionConfigurator$$Lambda$128
instanceKlass org/apache/maven/lifecycle/internal/DefaultMojoExecutionConfigurator$$Lambda$127
instanceKlass org/apache/maven/lifecycle/internal/DefaultMojoExecutionConfigurator$$Lambda$126
instanceKlass org/apache/maven/lifecycle/internal/DefaultMojoExecutionConfigurator$$Lambda$125
instanceKlass org/apache/maven/model/Exclusion
instanceKlass org/codehaus/plexus/component/repository/ComponentRequirement
instanceKlass org/apache/maven/model/Notifier
instanceKlass org/apache/maven/model/Site
instanceKlass org/apache/maven/lifecycle/internal/DefaultMojoExecutionConfigurator$$Lambda$124
instanceKlass org/apache/maven/lifecycle/internal/DefaultMojoExecutionConfigurator$$Lambda$123
instanceKlass java/util/stream/Collectors$$Lambda$122
instanceKlass java/util/stream/Collectors$$Lambda$121
instanceKlass java/util/stream/Collectors$$Lambda$120
instanceKlass org/apache/maven/lifecycle/internal/DefaultMojoExecutionConfigurator$$Lambda$119
instanceKlass java/util/LinkedList$LLSpliterator
instanceKlass org/apache/maven/lifecycle/internal/DefaultMojoExecutionConfigurator$$Lambda$118
instanceKlass org/apache/maven/lifecycle/internal/DefaultMojoExecutionConfigurator$$FastClassByGuice$$192221049
instanceKlass org/apache/maven/plugin/MavenPluginValidator
instanceKlass java/io/RandomAccessFile$1
instanceKlass org/codehaus/plexus/component/repository/ComponentDependency
instanceKlass org/codehaus/plexus/configuration/DefaultPlexusConfiguration
instanceKlass org/eclipse/aether/util/version/GenericVersion$Item
instanceKlass org/eclipse/aether/util/version/GenericVersion$Tokenizer
instanceKlass org/eclipse/aether/util/version/GenericVersion
instanceKlass org/eclipse/aether/util/version/GenericVersionConstraint
instanceKlass org/eclipse/aether/version/VersionRange
instanceKlass org/eclipse/aether/version/VersionConstraint
instanceKlass org/eclipse/aether/util/version/GenericVersionScheme
instanceKlass java/util/Formattable
instanceKlass java/util/Formatter$Conversion
instanceKlass java/util/Formatter$Flags
instanceKlass java/util/Formatter$FormatSpecifier
instanceKlass java/util/Formatter$FixedString
instanceKlass java/util/Formatter$FormatString
instanceKlass java/util/Formatter
instanceKlass org/apache/maven/repository/internal/DefaultModelCache$Key
instanceKlass org/apache/maven/model/building/ModelCacheTag$2
instanceKlass org/apache/maven/model/building/ModelCacheTag$1
instanceKlass org/apache/maven/model/io/xpp3/MavenXpp3Reader$1
instanceKlass org/apache/maven/model/io/xpp3/MavenXpp3Reader$ContentTransformer
instanceKlass org/apache/maven/model/io/xpp3/MavenXpp3Reader
instanceKlass org/apache/maven/repository/internal/DefaultModelResolver
instanceKlass org/eclipse/aether/named/support/NamedLockFactorySupport$$Lambda$117
instanceKlass java/util/AbstractMap$2$1
instanceKlass sun/nio/ch/IOStatus
instanceKlass java/nio/DirectByteBuffer$Deallocator
instanceKlass sun/nio/ch/Util$BufferCache
instanceKlass sun/nio/ch/Util
instanceKlass sun/nio/ch/NativeThread
instanceKlass java/nio/channels/Channels
instanceKlass sun/nio/fs/WindowsSecurityDescriptor
instanceKlass sun/nio/ch/FileChannelImpl$Closer
instanceKlass sun/nio/ch/NativeDispatcher
instanceKlass sun/nio/ch/NativeThreadSet
instanceKlass sun/nio/ch/IOUtil$1
instanceKlass sun/nio/ch/IOUtil
instanceKlass java/nio/file/attribute/FileAttribute
instanceKlass sun/nio/fs/WindowsChannelFactory$Flags
instanceKlass sun/nio/fs/WindowsChannelFactory$1
instanceKlass sun/nio/fs/WindowsChannelFactory
instanceKlass sun/nio/fs/WindowsFileSystemProvider$1
instanceKlass org/eclipse/aether/repository/LocalArtifactRequest
instanceKlass org/eclipse/aether/internal/impl/DefaultRepositoryEventDispatcher$1
instanceKlass org/eclipse/aether/RepositoryEvent$Builder
instanceKlass org/eclipse/aether/internal/impl/filter/RemoteRepositoryFilterSourceSupport$SimpleResult
instanceKlass org/eclipse/aether/internal/impl/filter/DefaultRemoteRepositoryFilterManager$$Lambda$116
instanceKlass org/eclipse/aether/named/support/ReadWriteLockNamedLock$$Lambda$115
instanceKlass org/eclipse/aether/named/support/NamedLockFactorySupport$$Lambda$114
instanceKlass org/eclipse/aether/internal/impl/synccontext/named/NamedLockFactoryAdapter$AdaptedLockSyncContext
instanceKlass org/eclipse/aether/internal/impl/synccontext/named/GAVNameMapper
instanceKlass org/eclipse/aether/internal/impl/synccontext/named/NameMappers
instanceKlass org/eclipse/sisu/wire/NamedIterableAdapter$NamedEntry
instanceKlass org/eclipse/sisu/wire/NamedIterableAdapter$NamedIterator
instanceKlass org/eclipse/aether/DefaultSessionData$$Lambda$113
instanceKlass org/eclipse/aether/internal/impl/synccontext/DefaultSyncContextFactory$$Lambda$112
instanceKlass org/apache/maven/repository/internal/DefaultVersionResolver$Key
instanceKlass org/eclipse/aether/artifact/AbstractArtifact
instanceKlass org/apache/maven/plugin/DefaultPluginDescriptorCache$$Lambda$111
instanceKlass org/apache/maven/plugin/internal/DefaultMavenPluginManager$$Lambda$110
instanceKlass org/apache/maven/plugin/DefaultPluginDescriptorCache$CacheKey
instanceKlass org/apache/maven/lifecycle/internal/GoalTask
instanceKlass org/apache/maven/execution/ProjectExecutionEvent
instanceKlass org/apache/maven/lifecycle/internal/CompoundProjectExecutionListener
instanceKlass org/apache/maven/lifecycle/internal/DefaultLifecycleMappingDelegate$$FastClassByGuice$$191425898
instanceKlass org/apache/maven/lifecycle/internal/DefaultLifecycleExecutionPlanCalculator$$FastClassByGuice$$190446897
instanceKlass org/apache/maven/project/artifact/DefaultProjectArtifactsCache$$FastClassByGuice$$189117133
instanceKlass java/util/concurrent/locks/ReentrantReadWriteLock$WriteLock
instanceKlass java/util/concurrent/locks/ReentrantReadWriteLock$ReadLock
instanceKlass org/apache/maven/lifecycle/internal/builder/singlethreaded/SingleThreadedBuilder$$FastClassByGuice$$188250066
instanceKlass org/apache/maven/graph/DefaultProjectDependencyGraph$MavenProjectComparator
instanceKlass org/apache/maven/lifecycle/internal/LifecycleTask
instanceKlass org/apache/maven/internal/aether/MavenChainedWorkspaceReader
instanceKlass java/util/stream/Collectors$$Lambda$109
instanceKlass java/util/stream/Collectors$$Lambda$108
instanceKlass java/util/stream/Collectors$$Lambda$107
instanceKlass org/apache/maven/ReactorReader$$Lambda$106
instanceKlass org/apache/maven/ReactorReader$$Lambda$105
instanceKlass org/apache/maven/session/scope/internal/SessionScope$ScopeState$$Lambda$104
instanceKlass org/apache/maven/execution/MavenSession$$Lambda$103
instanceKlass org/apache/maven/execution/MavenSession$$Lambda$102
instanceKlass java/util/LinkedList$ListItr
instanceKlass org/codehaus/plexus/util/dag/TopologicalSorter
instanceKlass org/codehaus/plexus/util/dag/Vertex
instanceKlass org/codehaus/plexus/util/dag/DAG
instanceKlass org/apache/maven/project/ProjectSorter
instanceKlass org/apache/maven/graph/DefaultProjectDependencyGraph
instanceKlass org/apache/maven/project/DefaultProjectBuildingResult
instanceKlass org/apache/maven/lifecycle/Lifecycle$__sisu8$$FastClassByGuice$$186686442
instanceKlass org/apache/maven/lifecycle/Lifecycle$__sisu7$$FastClassByGuice$$186278591
instanceKlass org/apache/maven/lifecycle/mapping/LifecycleMojo
instanceKlass org/apache/maven/lifecycle/mapping/DefaultLifecycleMapping$__sisu1$$FastClassByGuice$$185332441
instanceKlass org/apache/maven/lifecycle/mapping/Lifecycle
instanceKlass org/apache/maven/model/building/DefaultModelBuildingEvent
instanceKlass org/apache/maven/model/building/ModelBuildingEventCatapult$1
instanceKlass org/apache/maven/project/ReactorModelPool$CacheKey
instanceKlass org/apache/maven/project/DefaultProjectBuilder$InterimResult
instanceKlass org/apache/commons/lang3/Validate
instanceKlass org/apache/maven/artifact/versioning/ComparableVersion$StringItem
instanceKlass org/apache/maven/artifact/handler/DefaultArtifactHandler$__sisu13$$FastClassByGuice$$183701674
instanceKlass org/apache/maven/artifact/versioning/Restriction
instanceKlass org/apache/maven/artifact/ArtifactUtils
instanceKlass org/apache/maven/artifact/DefaultArtifact
instanceKlass org/apache/maven/artifact/handler/DefaultArtifactHandler$__sisu9$$FastClassByGuice$$183455438
instanceKlass java/lang/Byte$ByteCache
instanceKlass java/lang/Short$ShortCache
instanceKlass org/apache/commons/lang3/math/NumberUtils
instanceKlass org/apache/maven/artifact/versioning/ComparableVersion$IntItem
instanceKlass org/apache/maven/artifact/versioning/ComparableVersion$Item
instanceKlass org/apache/maven/artifact/versioning/ComparableVersion
instanceKlass org/apache/maven/artifact/versioning/DefaultArtifactVersion
instanceKlass org/apache/maven/repository/internal/ArtifactDescriptorUtils
instanceKlass org/apache/maven/model/Extension
instanceKlass org/codehaus/plexus/interpolation/util/StringUtils
instanceKlass org/apache/maven/model/DependencyManagement
instanceKlass org/apache/maven/model/Prerequisites
instanceKlass org/apache/maven/model/Organization
instanceKlass org/apache/maven/model/Scm
instanceKlass org/apache/maven/model/MailingList
instanceKlass org/apache/maven/model/IssueManagement
instanceKlass org/apache/maven/model/CiManagement
instanceKlass org/apache/maven/model/Parent
instanceKlass org/codehaus/plexus/interpolation/reflection/MethodMap
instanceKlass org/codehaus/plexus/interpolation/reflection/ClassMap$CacheMiss
instanceKlass org/codehaus/plexus/interpolation/reflection/ClassMap
instanceKlass org/codehaus/plexus/interpolation/reflection/ReflectionValueExtractor$Tokenizer
instanceKlass org/codehaus/plexus/interpolation/reflection/ReflectionValueExtractor
instanceKlass org/codehaus/plexus/interpolation/util/ValueSourceUtils
instanceKlass org/apache/maven/model/interpolation/StringVisitorModelInterpolator$ModelVisitor
instanceKlass org/apache/maven/model/interpolation/StringVisitorModelInterpolator$1
instanceKlass org/codehaus/plexus/interpolation/PrefixAwareRecursionInterceptor
instanceKlass org/codehaus/plexus/interpolation/StringSearchInterpolator
instanceKlass org/apache/maven/model/interpolation/UrlNormalizingPostProcessor
instanceKlass org/apache/maven/model/interpolation/PathTranslatingPostProcessor
instanceKlass java/text/DontCareFieldPosition$1
instanceKlass java/text/Format$FieldDelegate
instanceKlass sun/util/resources/Bundles$2
instanceKlass sun/util/resources/LocaleData$LocaleDataResourceBundleProvider
instanceKlass java/util/spi/ResourceBundleProvider
instanceKlass org/apache/maven/model/interpolation/MavenBuildTimestamp
instanceKlass org/apache/maven/model/interpolation/ProblemDetectingValueSource
instanceKlass org/codehaus/plexus/interpolation/PrefixedValueSourceWrapper
instanceKlass org/codehaus/plexus/interpolation/FeedbackEnabledValueSource
instanceKlass org/codehaus/plexus/interpolation/AbstractDelegatingValueSource
instanceKlass org/codehaus/plexus/interpolation/QueryEnabledValueSource
instanceKlass org/apache/maven/model/merge/ModelMerger$ExtensionKeyComputer
instanceKlass org/apache/maven/model/merge/ModelMerger$ResourceKeyComputer
instanceKlass org/apache/maven/model/merge/ModelMerger$SourceDominant
instanceKlass org/apache/maven/model/merge/ModelMerger$DependencyKeyComputer
instanceKlass org/apache/maven/model/profile/DefaultProfileActivationContext$$Lambda$101
instanceKlass org/apache/maven/model/profile/DefaultProfileActivationContext$$Lambda$100
instanceKlass org/apache/maven/model/profile/DefaultProfileActivationContext$$Lambda$99
instanceKlass java/util/Spliterators$IteratorSpliterator
instanceKlass org/apache/maven/model/ActivationProperty
instanceKlass org/apache/maven/model/building/DefaultModelBuilder$$Lambda$98
instanceKlass org/apache/maven/model/building/DefaultModelProblem
instanceKlass org/apache/maven/model/building/ModelProblemCollectorRequest
instanceKlass org/apache/maven/model/building/ModelProblemUtils
instanceKlass org/apache/maven/model/io/xpp3/MavenXpp3ReaderEx$Xpp3DomBuilderInputLocationBuilder
instanceKlass org/apache/maven/model/DistributionManagement
instanceKlass org/apache/maven/model/License
instanceKlass org/apache/maven/model/io/xpp3/MavenXpp3ReaderEx$1
instanceKlass org/codehaus/plexus/util/xml/Xpp3DomBuilder$InputLocationBuilder
instanceKlass org/apache/maven/model/io/xpp3/MavenXpp3ReaderEx$ContentTransformer
instanceKlass org/apache/maven/model/io/xpp3/MavenXpp3ReaderEx
instanceKlass org/apache/maven/model/building/ModelSource2
instanceKlass org/apache/maven/model/building/DefaultModelBuildingResult
instanceKlass org/apache/maven/model/building/AbstractModelBuildingListener
instanceKlass org/apache/maven/project/ProjectModelResolver
instanceKlass org/apache/maven/model/building/DefaultModelBuildingRequest
instanceKlass org/apache/maven/artifact/repository/LegacyLocalRepositoryManager
instanceKlass org/apache/maven/repository/internal/DefaultModelCache
instanceKlass org/apache/maven/project/DefaultProjectBuildingRequest
instanceKlass org/slf4j/impl/OutputChoice$1
instanceKlass org/apache/maven/shared/utils/logging/AnsiMessageBuilder
instanceKlass org/apache/maven/shared/utils/logging/LoggerLevelRenderer
instanceKlass org/apache/maven/lifecycle/internal/DefaultExecutionEventCatapult$1
instanceKlass org/apache/maven/lifecycle/internal/DefaultExecutionEvent
instanceKlass org/apache/maven/AbstractMavenLifecycleParticipant
instanceKlass org/apache/maven/session/scope/internal/SessionScope$CachingProvider
instanceKlass org/apache/maven/session/scope/internal/SessionScope$$Lambda$97
instanceKlass org/apache/maven/settings/RuntimeInfo
instanceKlass org/eclipse/aether/internal/impl/LocalPathPrefixComposerFactorySupport$LocalPathPrefixComposerSupport
instanceKlass org/eclipse/aether/internal/impl/SimpleLocalRepositoryManager
instanceKlass java/util/ArrayList$SubList$1
instanceKlass org/eclipse/aether/internal/impl/PrioritizedComponent
instanceKlass org/eclipse/sisu/wire/EntrySetAdapter$ValueIterator
instanceKlass org/eclipse/aether/internal/impl/PrioritizedComponents
instanceKlass org/apache/maven/RepositoryUtils$$Lambda$96
instanceKlass java/util/Collections$2
instanceKlass org/eclipse/aether/repository/RemoteRepository$Builder
instanceKlass org/eclipse/aether/util/ConfigUtils
instanceKlass org/eclipse/aether/AbstractRepositoryListener
instanceKlass org/eclipse/aether/util/repository/DefaultAuthenticationSelector
instanceKlass org/eclipse/aether/util/repository/DefaultProxySelector
instanceKlass org/eclipse/aether/util/repository/DefaultMirrorSelector$MirrorDef
instanceKlass org/eclipse/aether/util/repository/DefaultMirrorSelector
instanceKlass org/apache/maven/settings/crypto/DefaultSettingsDecryptionResult
instanceKlass org/apache/maven/settings/crypto/DefaultSettingsDecryptionRequest
instanceKlass org/apache/maven/RepositoryUtils$MavenArtifactTypeRegistry
instanceKlass org/apache/maven/RepositoryUtils
instanceKlass org/eclipse/aether/util/repository/SimpleResolutionErrorPolicy
instanceKlass java/util/stream/Collectors$$Lambda$95
instanceKlass java/util/stream/Collectors$$Lambda$94
instanceKlass java/lang/invoke/LambdaForm$DMH
instanceKlass java/util/stream/Collectors$$Lambda$93
instanceKlass org/apache/maven/internal/aether/DefaultRepositorySystemSessionFactory$$Lambda$92
instanceKlass org/apache/maven/internal/aether/DefaultRepositorySystemSessionFactory$$Lambda$91
instanceKlass org/apache/maven/internal/aether/DefaultRepositorySystemSessionFactory$$Lambda$90
instanceKlass org/apache/maven/internal/aether/DefaultRepositorySystemSessionFactory$$Lambda$89
instanceKlass org/apache/maven/internal/aether/DefaultRepositorySystemSessionFactory$$Lambda$88
instanceKlass org/apache/maven/internal/aether/DefaultRepositorySystemSessionFactory$$Lambda$87
instanceKlass org/eclipse/aether/util/repository/SimpleArtifactDescriptorPolicy
instanceKlass org/eclipse/aether/artifact/DefaultArtifactType
instanceKlass org/eclipse/aether/util/artifact/SimpleArtifactTypeRegistry
instanceKlass org/eclipse/aether/util/graph/transformer/JavaDependencyContextRefiner
instanceKlass org/eclipse/aether/util/graph/transformer/ChainedDependencyGraphTransformer
instanceKlass org/eclipse/aether/util/graph/transformer/ConflictResolver
instanceKlass org/eclipse/aether/graph/Exclusion
instanceKlass org/eclipse/aether/util/graph/selector/ExclusionDependencySelector
instanceKlass org/eclipse/aether/util/graph/selector/OptionalDependencySelector
instanceKlass org/eclipse/aether/util/graph/selector/ScopeDependencySelector
instanceKlass org/eclipse/aether/util/graph/selector/AndDependencySelector
instanceKlass org/eclipse/aether/util/graph/manager/ClassicDependencyManager
instanceKlass org/eclipse/aether/util/graph/traverser/FatArtifactTraverser
instanceKlass org/eclipse/aether/DefaultSessionData
instanceKlass org/eclipse/aether/DefaultRepositorySystemSession$NullFileTransformerManager
instanceKlass org/eclipse/aether/transform/FileTransformerManager
instanceKlass org/eclipse/aether/DefaultRepositorySystemSession$NullArtifactTypeRegistry
instanceKlass org/eclipse/aether/DefaultRepositorySystemSession$NullAuthenticationSelector
instanceKlass org/eclipse/aether/DefaultRepositorySystemSession$NullProxySelector
instanceKlass org/eclipse/aether/DefaultRepositorySystemSession$NullMirrorSelector
instanceKlass org/eclipse/aether/artifact/ArtifactTypeRegistry
instanceKlass org/eclipse/aether/collection/DependencyGraphTransformer
instanceKlass org/eclipse/aether/util/graph/transformer/ConflictResolver$VersionSelector
instanceKlass org/eclipse/aether/util/graph/transformer/ConflictResolver$ScopeSelector
instanceKlass org/eclipse/aether/util/graph/transformer/ConflictResolver$OptionalitySelector
instanceKlass org/eclipse/aether/util/graph/transformer/ConflictResolver$ScopeDeriver
instanceKlass org/apache/maven/repository/internal/MavenRepositorySystemUtils
instanceKlass org/apache/maven/execution/DefaultMavenExecutionResult
instanceKlass org/apache/maven/artifact/repository/MavenArtifactRepository
instanceKlass org/apache/maven/artifact/repository/layout/ArtifactRepositoryLayout2
instanceKlass org/apache/maven/artifact/repository/layout/DefaultRepositoryLayout$$FastClassByGuice$$181915362
instanceKlass org/apache/maven/execution/AbstractExecutionListener
instanceKlass org/eclipse/aether/transfer/AbstractTransferListener
instanceKlass org/apache/maven/toolchain/building/DefaultToolchainsBuildingResult
instanceKlass org/apache/maven/toolchain/building/DefaultToolchainsBuilder$1
instanceKlass org/apache/maven/toolchain/model/io/xpp3/MavenToolchainsXpp3Writer
instanceKlass org/apache/maven/toolchain/model/io/xpp3/MavenToolchainsXpp3Reader$1
instanceKlass org/apache/maven/toolchain/model/io/xpp3/MavenToolchainsXpp3Reader$ContentTransformer
instanceKlass org/apache/maven/toolchain/model/io/xpp3/MavenToolchainsXpp3Reader
instanceKlass org/apache/maven/building/DefaultProblemCollector
instanceKlass org/apache/maven/building/ProblemCollectorFactory
instanceKlass org/apache/maven/toolchain/building/DefaultToolchainsBuildingRequest
instanceKlass org/apache/maven/settings/SettingsUtils
instanceKlass org/apache/maven/settings/building/DefaultSettingsBuildingResult
instanceKlass org/codehaus/plexus/interpolation/SimpleRecursionInterceptor
instanceKlass org/apache/maven/settings/building/DefaultSettingsBuilder$1
instanceKlass org/codehaus/plexus/interpolation/os/OperatingSystemUtils$DefaultEnvVarSource
instanceKlass org/codehaus/plexus/interpolation/os/OperatingSystemUtils$EnvVarSource
instanceKlass org/codehaus/plexus/interpolation/os/OperatingSystemUtils
instanceKlass org/codehaus/plexus/interpolation/AbstractValueSource
instanceKlass org/codehaus/plexus/interpolation/RegexBasedInterpolator
instanceKlass org/codehaus/plexus/util/xml/pull/MXSerializer
instanceKlass org/codehaus/plexus/util/xml/pull/XmlSerializer
instanceKlass org/apache/maven/settings/io/xpp3/SettingsXpp3Writer
instanceKlass org/codehaus/plexus/util/xml/pull/EntityReplacementMap
instanceKlass org/apache/maven/settings/io/xpp3/SettingsXpp3Reader$1
instanceKlass org/apache/maven/settings/io/xpp3/SettingsXpp3Reader$ContentTransformer
instanceKlass org/apache/maven/settings/io/xpp3/SettingsXpp3Reader
instanceKlass org/apache/maven/building/FileSource
instanceKlass org/apache/maven/settings/building/DefaultSettingsBuildingRequest
instanceKlass java/util/regex/CharPredicates$$Lambda$86
instanceKlass org/apache/maven/graph/DefaultGraphBuilder$$FastClassByGuice$$180379192
instanceKlass jdk/internal/math/FDBigInteger
instanceKlass org/apache/maven/plugin/prefix/internal/DefaultPluginPrefixResolver$$FastClassByGuice$$179323767
instanceKlass org/apache/maven/plugin/CompoundMojoExecutionListener
instanceKlass org/apache/maven/plugin/DefaultBuildPluginManager$$FastClassByGuice$$178537154
instanceKlass org/apache/maven/lifecycle/internal/DefaultLifecycleTaskSegmentCalculator$$FastClassByGuice$$177828201
instanceKlass org/apache/maven/lifecycle/internal/DefaultExecutionEventCatapult$$FastClassByGuice$$177199160
instanceKlass org/apache/maven/project/DefaultProjectDependenciesResolver$$FastClassByGuice$$175441383
instanceKlass org/apache/maven/project/RepositorySessionDecorator
instanceKlass org/apache/maven/plugin/DefaultPluginArtifactsCache$$FastClassByGuice$$175088090
instanceKlass com/google/common/collect/MapMakerInternalMap$StrongValueEntry
instanceKlass com/google/inject/internal/DelegatingInvocationHandler
instanceKlass org/apache/maven/artifact/repository/metadata/io/DefaultMetadataReader$$FastClassByGuice$$173906437
instanceKlass org/apache/maven/plugin/version/internal/DefaultPluginVersionResolver$$FastClassByGuice$$172958020
instanceKlass org/apache/maven/plugin/DefaultExtensionRealmCache$$FastClassByGuice$$171163449
instanceKlass org/apache/maven/rtinfo/internal/DefaultRuntimeInformation$$FastClassByGuice$$170605536
instanceKlass org/apache/maven/plugin/DefaultPluginRealmCache$$FastClassByGuice$$169346600
instanceKlass org/apache/maven/plugin/DefaultPluginDescriptorCache$$FastClassByGuice$$167975266
instanceKlass org/apache/maven/plugin/internal/DefaultMavenPluginManager$$FastClassByGuice$$167168776
instanceKlass sun/security/provider/AbstractDrbg$$Lambda$85
instanceKlass sun/security/provider/EntropySource
instanceKlass java/lang/invoke/LambdaForm$DMH
instanceKlass java/lang/invoke/LambdaForm$DMH
instanceKlass sun/security/provider/AbstractDrbg
instanceKlass java/security/DrbgParameters$Instantiation
instanceKlass java/security/DrbgParameters
instanceKlass sun/security/provider/MoreDrbgParameters
instanceKlass sun/security/provider/DRBG$$Lambda$84
instanceKlass java/security/SecureRandomSpi
instanceKlass java/security/SecureRandomParameters
instanceKlass jdk/internal/event/Event
instanceKlass sun/security/util/KnownOIDs$$Lambda$83
instanceKlass java/lang/invoke/LambdaForm$DMH
instanceKlass sun/security/util/SecurityProviderConstants
instanceKlass java/security/Provider$UString
instanceKlass java/security/Provider$Service
instanceKlass sun/security/provider/NativePRNG$NonBlocking
instanceKlass sun/security/provider/NativePRNG$Blocking
instanceKlass sun/security/provider/NativePRNG
instanceKlass sun/security/provider/SunEntries$1
instanceKlass sun/security/provider/SunEntries
instanceKlass sun/security/util/SecurityConstants
instanceKlass sun/security/jca/ProviderList$2
instanceKlass jdk/internal/math/FloatingDecimal$ASCIIToBinaryBuffer
instanceKlass jdk/internal/math/FloatingDecimal$PreparedASCIIToBinaryBuffer
instanceKlass jdk/internal/math/FloatingDecimal$ASCIIToBinaryConverter
instanceKlass jdk/internal/math/FloatingDecimal$BinaryToASCIIBuffer
instanceKlass jdk/internal/math/FloatingDecimal$ExceptionalBinaryToASCIIBuffer
instanceKlass jdk/internal/math/FloatingDecimal$BinaryToASCIIConverter
instanceKlass jdk/internal/math/FloatingDecimal
instanceKlass java/security/Provider$EngineDescription
instanceKlass java/security/Provider$ServiceKey
instanceKlass sun/security/jca/ProviderConfig
instanceKlass sun/security/jca/ProviderList
instanceKlass sun/security/jca/Providers
instanceKlass java/security/Key
instanceKlass java/security/spec/AlgorithmParameterSpec
instanceKlass org/apache/maven/repository/DefaultMirrorSelector$$FastClassByGuice$$166255578
instanceKlass org/apache/maven/repository/legacy/repository/DefaultArtifactRepositoryFactory$$FastClassByGuice$$164630025
instanceKlass org/eclipse/aether/artifact/ArtifactType
instanceKlass org/eclipse/aether/internal/impl/synccontext/named/NamedLockFactoryAdapterFactoryImpl$$Lambda$82
instanceKlass java/lang/invoke/LambdaForm$DMH
instanceKlass org/eclipse/sisu/wire/NamedIterableAdapter
instanceKlass org/eclipse/aether/internal/impl/DefaultUpdateCheckManager$1
instanceKlass org/apache/maven/project/artifact/DefaultMavenMetadataCache$$FastClassByGuice$$164393387
instanceKlass org/apache/maven/repository/legacy/DefaultUpdateCheckManager$$FastClassByGuice$$162864735
instanceKlass org/apache/maven/repository/legacy/DefaultWagonManager$$FastClassByGuice$$161698052
instanceKlass org/apache/maven/artifact/repository/metadata/DefaultRepositoryMetadataManager$$FastClassByGuice$$160467781
instanceKlass org/apache/maven/project/artifact/DefaultMetadataSource$$FastClassByGuice$$159403450
instanceKlass org/apache/maven/artifact/resolver/DefaultResolutionErrorHandler$$FastClassByGuice$$158916714
instanceKlass org/apache/maven/plugin/internal/DefaultLegacySupport$$FastClassByGuice$$157900269
instanceKlass org/apache/maven/repository/legacy/resolver/conflict/NearestConflictResolver$$FastClassByGuice$$156886051
instanceKlass org/apache/maven/artifact/resolver/DefaultArtifactCollector$$FastClassByGuice$$156009000
instanceKlass org/apache/maven/artifact/resolver/DefaultArtifactResolver$DaemonThreadCreator
instanceKlass java/util/concurrent/ThreadPoolExecutor$AbortPolicy
instanceKlass java/util/concurrent/RejectedExecutionHandler
instanceKlass java/util/concurrent/AbstractExecutorService
instanceKlass java/util/concurrent/ExecutorService
instanceKlass org/apache/maven/artifact/resolver/DefaultArtifactResolver$$FastClassByGuice$$154967608
instanceKlass org/apache/maven/artifact/handler/manager/DefaultArtifactHandlerManager$$FastClassByGuice$$153526200
instanceKlass org/apache/maven/artifact/factory/DefaultArtifactFactory$$FastClassByGuice$$152953725
instanceKlass org/apache/maven/repository/legacy/LegacyRepositorySystem$$FastClassByGuice$$151782422
instanceKlass org/apache/maven/project/DefaultProjectRealmCache$$FastClassByGuice$$150175274
instanceKlass org/codehaus/plexus/classworlds/realm/Entry
instanceKlass java/util/Random
instanceKlass org/eclipse/sisu/inject/Guice4$1
instanceKlass org/apache/maven/project/DefaultProjectBuildingHelper$$FastClassByGuice$$149781268
instanceKlass org/apache/maven/lifecycle/internal/DefaultLifecyclePluginAnalyzer$$FastClassByGuice$$147855240
instanceKlass org/apache/maven/model/plugin/DefaultLifecycleBindingsInjector$$FastClassByGuice$$147504401
instanceKlass org/apache/maven/model/Contributor
instanceKlass org/apache/maven/model/PatternSet
instanceKlass org/apache/maven/model/merge/ModelMerger$KeyComputer
instanceKlass org/apache/maven/model/merge/ModelMerger$Remapping
instanceKlass org/apache/maven/project/DefaultProjectBuilder$$FastClassByGuice$$146277314
instanceKlass org/apache/maven/DefaultMaven$$FastClassByGuice$$145733764
instanceKlass org/apache/maven/cli/event/DefaultEventSpyContext
instanceKlass org/eclipse/sisu/wire/EntryListAdapter$ValueIterator
instanceKlass org/apache/maven/cli/logging/Slf4jLogger
instanceKlass org/eclipse/sisu/inject/LazyBeanEntry$JsrNamed
instanceKlass org/eclipse/sisu/inject/LazyBeanEntry
instanceKlass javax/annotation/Priority
instanceKlass org/eclipse/sisu/inject/Implementations
instanceKlass org/eclipse/sisu/plexus/LazyPlexusBean
instanceKlass org/eclipse/sisu/inject/RankedSequence$Itr
instanceKlass org/eclipse/sisu/inject/RankedBindings$Itr
instanceKlass org/eclipse/sisu/inject/LocatedBeans$Itr
instanceKlass org/eclipse/sisu/plexus/RealmFilteredBeans$FilteredItr
instanceKlass org/eclipse/sisu/plexus/DefaultPlexusBeans$Itr
instanceKlass org/eclipse/sisu/plexus/DefaultPlexusBeans
instanceKlass org/eclipse/sisu/plexus/RealmFilteredBeans
instanceKlass org/eclipse/sisu/inject/LocatedBeans
instanceKlass org/eclipse/sisu/inject/MildElements$Indexable
instanceKlass com/google/inject/internal/ProviderInternalFactory$1
instanceKlass com/google/inject/internal/ConstructorInjector$1
instanceKlass org/eclipse/sisu/inject/MildValues$ValueItr
instanceKlass org/eclipse/sisu/inject/RankedSequence$Content
instanceKlass org/eclipse/sisu/inject/InjectorBindings
instanceKlass com/google/inject/spi/ProvisionListener$ProvisionInvocation
instanceKlass com/google/inject/internal/MembersInjectorImpl$1
instanceKlass com/google/inject/internal/InternalContext
instanceKlass com/google/inject/internal/Initializer$1
instanceKlass com/google/common/collect/AbstractMapBasedMultimap$AsMap$AsMapIterator
instanceKlass org/codehaus/plexus/DefaultPlexusContainer$$FastClassByGuice$$144283402
instanceKlass org/eclipse/sisu/wire/TypeConverterCache$$FastClassByGuice$$142965787
instanceKlass com/google/inject/internal/SingleMethodInjector$1
instanceKlass org/eclipse/sisu/inject/DefaultBeanLocator$$FastClassByGuice$$142231128
instanceKlass com/google/inject/internal/InjectorImpl$MethodInvoker
instanceKlass com/google/inject/internal/SingleMethodInjector
instanceKlass org/eclipse/sisu/plexus/PlexusXmlBeanConverter$$FastClassByGuice$$141043202
instanceKlass org/sonatype/plexus/components/sec/dispatcher/DefaultSecDispatcher$$FastClassByGuice$$140060371
instanceKlass org/sonatype/plexus/components/cipher/DefaultPlexusCipher$$FastClassByGuice$$138530806
instanceKlass org/apache/maven/settings/validation/DefaultSettingsValidator$$FastClassByGuice$$137905398
instanceKlass org/apache/maven/settings/io/DefaultSettingsWriter$$FastClassByGuice$$136896092
instanceKlass org/apache/maven/settings/io/DefaultSettingsReader$$FastClassByGuice$$135771090
instanceKlass org/apache/maven/settings/crypto/DefaultSettingsDecrypter$$FastClassByGuice$$134837580
instanceKlass org/apache/maven/settings/building/DefaultSettingsBuilder$$FastClassByGuice$$133348330
instanceKlass org/eclipse/aether/transport/wagon/WagonTransporterFactory$$FastClassByGuice$$132210466
instanceKlass org/eclipse/aether/internal/transport/wagon/PlexusWagonProvider$$FastClassByGuice$$131396108
instanceKlass org/eclipse/aether/internal/transport/wagon/PlexusWagonConfigurator$$FastClassByGuice$$130723265
instanceKlass org/eclipse/aether/transport/http/XChecksumChecksumExtractor$$FastClassByGuice$$129605173
instanceKlass org/eclipse/aether/transport/http/Nexus2ChecksumExtractor$$FastClassByGuice$$128447786
instanceKlass org/eclipse/aether/transport/http/HttpTransporterFactory$$FastClassByGuice$$126996678
instanceKlass org/eclipse/aether/transport/file/FileTransporterFactory$$FastClassByGuice$$126563055
instanceKlass org/apache/maven/repository/internal/VersionsMetadataGeneratorFactory$$FastClassByGuice$$125301431
instanceKlass org/apache/maven/repository/internal/SnapshotMetadataGeneratorFactory$$FastClassByGuice$$124030572
instanceKlass org/apache/maven/repository/internal/PluginsMetadataGeneratorFactory$$FastClassByGuice$$122828448
instanceKlass org/apache/maven/repository/internal/DefaultVersionResolver$$FastClassByGuice$$122464495
instanceKlass org/apache/maven/repository/internal/DefaultVersionRangeResolver$$FastClassByGuice$$120889375
instanceKlass org/apache/maven/repository/internal/DefaultModelCacheFactory$$FastClassByGuice$$120117965
instanceKlass org/apache/maven/repository/internal/DefaultArtifactDescriptorReader$$FastClassByGuice$$118771626
instanceKlass org/eclipse/aether/named/providers/NoopNamedLockFactory$$FastClassByGuice$$117578603
instanceKlass org/eclipse/aether/named/providers/LocalSemaphoreNamedLockFactory$$FastClassByGuice$$116537083
instanceKlass org/eclipse/aether/named/providers/LocalReadWriteLockNamedLockFactory$$FastClassByGuice$$116136532
instanceKlass org/eclipse/aether/named/providers/FileLockNamedLockFactory$$FastClassByGuice$$114417168
instanceKlass org/eclipse/aether/internal/impl/synccontext/named/providers/StaticNameMapperProvider$$FastClassByGuice$$113814924
instanceKlass org/eclipse/aether/internal/impl/synccontext/named/providers/GAVNameMapperProvider$$FastClassByGuice$$113010886
instanceKlass org/eclipse/aether/internal/impl/synccontext/named/providers/FileStaticNameMapperProvider$$FastClassByGuice$$111503885
instanceKlass org/eclipse/aether/internal/impl/synccontext/named/providers/FileHashingGAVNameMapperProvider$$FastClassByGuice$$110435544
instanceKlass org/eclipse/aether/internal/impl/synccontext/named/providers/FileGAVNameMapperProvider$$FastClassByGuice$$109065770
instanceKlass org/eclipse/aether/internal/impl/synccontext/named/providers/DiscriminatingNameMapperProvider$$FastClassByGuice$$108612065
instanceKlass org/eclipse/aether/internal/impl/synccontext/named/NamedLockFactoryAdapterFactoryImpl$$FastClassByGuice$$107723094
instanceKlass org/eclipse/aether/internal/impl/synccontext/legacy/DefaultSyncContextFactory$$FastClassByGuice$$106929086
instanceKlass org/eclipse/aether/internal/impl/synccontext/DefaultSyncContextFactory$$FastClassByGuice$$105860918
instanceKlass org/eclipse/aether/internal/impl/slf4j/Slf4jLoggerFactory$$FastClassByGuice$$103866377
instanceKlass org/eclipse/aether/internal/impl/resolution/TrustedChecksumsArtifactResolverPostProcessor$$FastClassByGuice$$102991816
instanceKlass org/eclipse/aether/internal/impl/filter/PrefixesRemoteRepositoryFilterSource$$FastClassByGuice$$102684303
instanceKlass org/eclipse/aether/internal/impl/filter/GroupIdRemoteRepositoryFilterSource$$FastClassByGuice$$101104426
instanceKlass org/eclipse/aether/internal/impl/filter/DefaultRemoteRepositoryFilterManager$$FastClassByGuice$$99924224
instanceKlass org/eclipse/aether/internal/impl/collect/df/DfDependencyCollector$$FastClassByGuice$$98987141
instanceKlass org/eclipse/aether/internal/impl/collect/bf/BfDependencyCollector$$FastClassByGuice$$98053391
instanceKlass org/eclipse/aether/internal/impl/collect/DefaultDependencyCollector$$FastClassByGuice$$97031856
instanceKlass org/eclipse/aether/internal/impl/checksum/TrustedToProvidedChecksumsSourceAdapter$$FastClassByGuice$$95509585
instanceKlass org/eclipse/aether/internal/impl/checksum/SummaryFileTrustedChecksumsSource$$FastClassByGuice$$95317619
instanceKlass org/eclipse/aether/internal/impl/checksum/SparseDirectoryTrustedChecksumsSource$$FastClassByGuice$$94217728
instanceKlass org/eclipse/aether/internal/impl/checksum/Sha512ChecksumAlgorithmFactory$$FastClassByGuice$$92501254
instanceKlass org/eclipse/aether/internal/impl/checksum/Sha256ChecksumAlgorithmFactory$$FastClassByGuice$$91471398
instanceKlass org/eclipse/aether/internal/impl/checksum/Sha1ChecksumAlgorithmFactory$$FastClassByGuice$$90281380
instanceKlass com/google/inject/internal/aop/ImmutableStringTrie$$Lambda$81
instanceKlass org/eclipse/aether/internal/impl/checksum/Md5ChecksumAlgorithmFactory$$FastClassByGuice$$89844533
instanceKlass org/eclipse/aether/internal/impl/checksum/DefaultChecksumAlgorithmFactorySelector$$FastClassByGuice$$88460625
instanceKlass org/eclipse/aether/internal/impl/SimpleLocalRepositoryManagerFactory$$FastClassByGuice$$88018113
instanceKlass org/eclipse/aether/internal/impl/Maven2RepositoryLayoutFactory$$FastClassByGuice$$86951217
instanceKlass org/eclipse/aether/internal/impl/LoggerFactoryProvider$$FastClassByGuice$$85218761
instanceKlass org/eclipse/aether/internal/impl/EnhancedLocalRepositoryManagerFactory$$FastClassByGuice$$84190997
instanceKlass org/eclipse/aether/internal/impl/DefaultUpdatePolicyAnalyzer$$FastClassByGuice$$83049254
instanceKlass org/eclipse/aether/internal/impl/DefaultUpdateCheckManager$$FastClassByGuice$$82024574
instanceKlass org/eclipse/aether/internal/impl/DefaultTransporterProvider$$FastClassByGuice$$81045650
instanceKlass org/eclipse/aether/internal/impl/DefaultTrackingFileManager$$FastClassByGuice$$80136898
instanceKlass org/eclipse/aether/internal/impl/DefaultRepositorySystemLifecycle$$FastClassByGuice$$78974804
instanceKlass org/eclipse/aether/internal/impl/DefaultRepositorySystem$$FastClassByGuice$$77641503
instanceKlass org/eclipse/aether/internal/impl/DefaultRepositoryLayoutProvider$$FastClassByGuice$$76632783
instanceKlass org/eclipse/aether/internal/impl/DefaultRepositoryEventDispatcher$$FastClassByGuice$$75911006
instanceKlass org/eclipse/aether/internal/impl/DefaultRepositoryConnectorProvider$$FastClassByGuice$$74604217
instanceKlass org/eclipse/aether/internal/impl/DefaultRemoteRepositoryManager$$FastClassByGuice$$74407384
instanceKlass org/eclipse/aether/internal/impl/DefaultOfflineController$$FastClassByGuice$$73382854
instanceKlass org/eclipse/aether/internal/impl/DefaultMetadataResolver$$FastClassByGuice$$72094294
instanceKlass org/eclipse/aether/internal/impl/DefaultLocalRepositoryProvider$$FastClassByGuice$$70570903
instanceKlass org/eclipse/aether/internal/impl/DefaultLocalPathPrefixComposerFactory$$FastClassByGuice$$70135530
instanceKlass org/eclipse/aether/internal/impl/DefaultLocalPathComposer$$FastClassByGuice$$68462951
instanceKlass org/eclipse/aether/internal/impl/DefaultInstaller$$FastClassByGuice$$67886831
instanceKlass org/eclipse/aether/internal/impl/DefaultFileProcessor$$FastClassByGuice$$66731318
instanceKlass org/eclipse/aether/internal/impl/DefaultDeployer$$FastClassByGuice$$65573504
instanceKlass org/eclipse/aether/internal/impl/DefaultChecksumPolicyProvider$$FastClassByGuice$$64658811
instanceKlass org/eclipse/aether/internal/impl/DefaultArtifactResolver$$FastClassByGuice$$63017912
instanceKlass org/eclipse/aether/connector/basic/BasicRepositoryConnectorFactory$$FastClassByGuice$$62510093
instanceKlass org/apache/maven/model/validation/DefaultModelValidator$$FastClassByGuice$$61053545
instanceKlass org/apache/maven/model/superpom/DefaultSuperPomProvider$$FastClassByGuice$$60763663
instanceKlass org/apache/maven/model/profile/activation/PropertyProfileActivator$$FastClassByGuice$$59318077
instanceKlass org/apache/maven/model/profile/activation/OperatingSystemProfileActivator$$FastClassByGuice$$58236207
instanceKlass org/apache/maven/model/profile/activation/JdkVersionProfileActivator$$FastClassByGuice$$57056983
instanceKlass org/apache/maven/model/profile/activation/FileProfileActivator$$FastClassByGuice$$55588503
instanceKlass org/apache/maven/model/profile/DefaultProfileSelector$$FastClassByGuice$$55410884
instanceKlass org/apache/maven/model/profile/DefaultProfileInjector$$FastClassByGuice$$54282815
instanceKlass org/apache/maven/model/plugin/DefaultReportingConverter$$FastClassByGuice$$53062246
instanceKlass org/apache/maven/model/plugin/DefaultReportConfigurationExpander$$FastClassByGuice$$52275145
instanceKlass org/apache/maven/model/plugin/DefaultPluginConfigurationExpander$$FastClassByGuice$$51260962
instanceKlass org/apache/maven/model/path/ProfileActivationFilePathInterpolator$$FastClassByGuice$$49681356
instanceKlass org/apache/maven/model/path/DefaultUrlNormalizer$$FastClassByGuice$$49237413
instanceKlass org/apache/maven/model/path/DefaultPathTranslator$$FastClassByGuice$$47241438
instanceKlass org/apache/maven/model/path/DefaultModelUrlNormalizer$$FastClassByGuice$$46575757
instanceKlass org/apache/maven/model/path/DefaultModelPathTranslator$$FastClassByGuice$$46089623
instanceKlass org/apache/maven/model/normalization/DefaultModelNormalizer$$FastClassByGuice$$44278425
instanceKlass org/apache/maven/model/management/DefaultPluginManagementInjector$$FastClassByGuice$$43809755
instanceKlass org/apache/maven/model/management/DefaultDependencyManagementInjector$$FastClassByGuice$$42264413
instanceKlass org/apache/maven/model/locator/DefaultModelLocator$$FastClassByGuice$$41644736
instanceKlass org/apache/maven/model/io/DefaultModelWriter$$FastClassByGuice$$40352352
instanceKlass org/apache/maven/model/io/DefaultModelReader$$FastClassByGuice$$39145206
instanceKlass org/apache/maven/model/interpolation/StringVisitorModelInterpolator$$FastClassByGuice$$38400145
instanceKlass org/apache/maven/model/interpolation/DefaultModelVersionProcessor$$FastClassByGuice$$36944751
instanceKlass org/apache/maven/model/inheritance/DefaultInheritanceAssembler$$FastClassByGuice$$35985681
instanceKlass org/apache/maven/model/composition/DefaultDependencyManagementImporter$$FastClassByGuice$$34620765
instanceKlass org/apache/maven/model/building/DefaultModelProcessor$$FastClassByGuice$$34076694
instanceKlass org/apache/maven/model/building/DefaultModelBuilder$$FastClassByGuice$$32749270
instanceKlass org/apache/maven/cli/internal/BootstrapCoreExtensionManager$$FastClassByGuice$$32064095
instanceKlass org/apache/maven/cli/configuration/SettingsXmlConfigurationProcessor$$FastClassByGuice$$30901377
instanceKlass org/apache/maven/toolchain/io/DefaultToolchainsWriter$$FastClassByGuice$$30012074
instanceKlass org/apache/maven/toolchain/io/DefaultToolchainsReader$$FastClassByGuice$$28985625
instanceKlass org/apache/maven/toolchain/building/DefaultToolchainsBuilder$$FastClassByGuice$$27593276
instanceKlass org/apache/maven/plugin/internal/ReadOnlyPluginParametersValidator$$FastClassByGuice$$27239445
instanceKlass org/apache/maven/plugin/internal/DeprecatedPluginValidator$$FastClassByGuice$$25855577
instanceKlass org/apache/maven/plugin/internal/DeprecatedCoreExpressionValidator$$FastClassByGuice$$24838171
instanceKlass org/apache/maven/plugin/DefaultMojosExecutionStrategy$$FastClassByGuice$$23948411
instanceKlass org/apache/maven/lifecycle/internal/LifecycleDependencyResolver$$FastClassByGuice$$23024791
instanceKlass org/apache/maven/lifecycle/internal/DefaultProjectArtifactFactory$$FastClassByGuice$$21171897
instanceKlass org/apache/maven/internal/aether/ResolverLifecycle$$FastClassByGuice$$20332517
instanceKlass com/google/inject/internal/InjectorImpl$SyntheticProviderBindingImpl$1
instanceKlass com/google/inject/internal/InjectorImpl$1
instanceKlass org/apache/maven/internal/aether/DefaultRepositorySystemSessionFactory$$FastClassByGuice$$19677100
instanceKlass com/google/inject/internal/SingleFieldInjector
instanceKlass org/apache/maven/extension/internal/CoreExportsProvider$$FastClassByGuice$$17898482
instanceKlass org/apache/maven/execution/DefaultMavenExecutionRequestPopulator$$FastClassByGuice$$17184737
instanceKlass org/apache/maven/classrealm/DefaultClassRealmManager$$FastClassByGuice$$16743150
instanceKlass org/apache/maven/ReactorReader$$FastClassByGuice$$15109625
instanceKlass org/apache/maven/DefaultArtifactFilterManager$$FastClassByGuice$$13706397
instanceKlass com/google/inject/internal/SingleParameterInjector
instanceKlass org/apache/maven/lifecycle/internal/builder/BuilderCommon$$FastClassByGuice$$13061314
instanceKlass org/apache/maven/lifecycle/internal/BuildListCalculator$$FastClassByGuice$$12177792
instanceKlass org/apache/maven/lifecycle/internal/LifecycleDebugLogger$$FastClassByGuice$$10506770
instanceKlass org/apache/maven/lifecycle/internal/MojoExecutor$$FastClassByGuice$$9564208
instanceKlass org/apache/maven/lifecycle/DefaultLifecycles$$FastClassByGuice$$8800441
instanceKlass org/apache/maven/bridge/MavenRepositorySystem$$FastClassByGuice$$8353400
instanceKlass org/apache/maven/lifecycle/Lifecycle$$FastClassByGuice$$6975148
instanceKlass org/eclipse/sisu/plexus/PlexusConfigurations$ConfigurationProvider
instanceKlass org/apache/maven/eventspy/internal/EventSpyDispatcher$$FastClassByGuice$$5646416
instanceKlass javax/annotation/PostConstruct
instanceKlass org/apache/maven/lifecycle/internal/LifecycleModuleBuilder$$FastClassByGuice$$4259893
instanceKlass org/eclipse/sisu/bean/BeanPropertySetter
instanceKlass org/apache/maven/lifecycle/internal/LifecyclePluginResolver$$FastClassByGuice$$3881495
instanceKlass org/apache/maven/lifecycle/internal/MojoDescriptorCreator$$FastClassByGuice$$2355231
instanceKlass org/apache/maven/lifecycle/internal/LifecycleStarter$$FastClassByGuice$$1254863
instanceKlass com/google/inject/internal/ProxyFactory
instanceKlass com/google/common/collect/TransformedIterator
instanceKlass com/google/inject/internal/ConstructorInjectorStore$$Lambda$80
instanceKlass com/google/inject/spi/InterceptorBinding
instanceKlass com/google/inject/internal/MethodAspect
instanceKlass com/google/inject/internal/MembersInjectorImpl
instanceKlass org/eclipse/sisu/bean/BeanInjector
instanceKlass org/eclipse/sisu/plexus/PlexusLifecycleManager$2
instanceKlass org/eclipse/sisu/bean/PropertyBinder$1
instanceKlass org/eclipse/sisu/plexus/ProvidedPropertyBinding
instanceKlass org/eclipse/sisu/plexus/PlexusRequirements$AbstractRequirementProvider
instanceKlass org/eclipse/sisu/bean/BeanPropertyField
instanceKlass org/eclipse/sisu/bean/DeclaredMembers$MemberIterator
instanceKlass org/eclipse/sisu/bean/BeanPropertyIterator
instanceKlass org/eclipse/sisu/bean/DeclaredMembers
instanceKlass org/eclipse/sisu/bean/IgnoreSetters
instanceKlass org/eclipse/sisu/bean/BeanProperties
instanceKlass org/eclipse/sisu/plexus/PlexusRequirements
instanceKlass org/eclipse/sisu/plexus/PlexusConfigurations
instanceKlass org/eclipse/sisu/plexus/PlexusPropertyBinder
instanceKlass org/eclipse/sisu/bean/BeanLifecycle
instanceKlass com/google/inject/internal/EncounterImpl
instanceKlass com/google/inject/internal/AbstractBindingProcessor$Processor$$Lambda$79
instanceKlass org/apache/maven/session/scope/internal/SessionScope$$Lambda$78
instanceKlass org/apache/maven/execution/scope/internal/MojoExecutionScope$2
instanceKlass com/google/inject/internal/ProviderInternalFactory
instanceKlass com/google/inject/internal/InternalProviderInstanceBindingImpl$Factory
instanceKlass com/google/inject/internal/FactoryProxy
instanceKlass com/google/inject/internal/InternalFactoryToProviderAdapter
instanceKlass com/google/inject/internal/ConstructionContext
instanceKlass com/google/inject/internal/SingletonScope$1
instanceKlass com/google/inject/internal/ProviderToInternalFactoryAdapter
instanceKlass com/google/inject/internal/CycleDetectingLock$CycleDetectingLockFactory$ReentrantCycleDetectingLock
instanceKlass com/google/inject/internal/Initializer$InjectableReference
instanceKlass com/google/inject/internal/ProvisionListenerStackCallback
instanceKlass com/google/common/cache/LocalCache$AbstractReferenceEntry
instanceKlass com/google/inject/internal/ProvisionListenerCallbackStore$KeyBinding
instanceKlass com/google/inject/internal/util/Classes
instanceKlass com/google/inject/spi/ExposedBinding
instanceKlass com/google/inject/internal/CreationListener
instanceKlass com/google/inject/internal/InjectorShell$LoggerFactory
instanceKlass com/google/inject/internal/InjectorShell$InjectorFactory
instanceKlass com/google/inject/internal/Initializables$1
instanceKlass com/google/inject/internal/Initializables
instanceKlass com/google/inject/internal/ConstantFactory
instanceKlass com/google/inject/internal/InjectorShell
instanceKlass com/google/inject/internal/ProvisionListenerCallbackStore
instanceKlass com/google/inject/internal/SingleMemberInjector
instanceKlass com/google/inject/spi/TypeEncounter
instanceKlass com/google/inject/internal/MembersInjectorStore
instanceKlass com/google/inject/internal/TypeConverterBindingProcessor$4
instanceKlass com/google/inject/internal/TypeConverterBindingProcessor$2
instanceKlass com/google/inject/internal/TypeConverterBindingProcessor$1
instanceKlass com/google/inject/internal/TypeConverterBindingProcessor$5
instanceKlass com/google/inject/internal/FailableCache
instanceKlass com/google/inject/internal/ConstructorInjectorStore
instanceKlass com/google/inject/internal/DeferredLookups
instanceKlass com/google/inject/spi/ProviderBinding
instanceKlass com/google/inject/spi/ConvertedConstantBinding
instanceKlass com/google/inject/internal/InjectorImpl
instanceKlass com/google/inject/internal/Lookups
instanceKlass com/google/inject/internal/InjectorImpl$InjectorOptions
instanceKlass com/google/inject/internal/AbstractProcessor$$Lambda$77
instanceKlass java/lang/invoke/LambdaForm$DMH
instanceKlass com/google/inject/spi/BindingSourceRestriction$$Lambda$76
instanceKlass com/google/inject/internal/ProvisionListenerStackCallback$ProvisionCallback
instanceKlass com/google/inject/internal/ConstructorInjector
instanceKlass com/google/inject/internal/DefaultConstructionProxyFactory$FastClassProxy
instanceKlass java/lang/invoke/LambdaForm$MH
instanceKlass com/google/inject/internal/aop/AbstractGlueGenerator$$Lambda$75
instanceKlass com/google/inject/internal/aop/ImmutableStringTrie
instanceKlass java/util/function/ToIntFunction
instanceKlass java/lang/invoke/LambdaForm$DMH
instanceKlass org/apache/maven/plugin/internal/DefaultPluginDependenciesResolver$$FastClassByGuice$$200367
instanceKlass com/google/inject/internal/aop/GeneratedClassDefiner
instanceKlass java/lang/ClassLoader$$DefineAccessByGuice$$
instanceKlass java/lang/WeakPairMap$$Lambda$74
instanceKlass java/lang/Module$$Lambda$73
instanceKlass java/lang/module/ModuleDescriptor$Builder$$Lambda$72
instanceKlass jdk/internal/module/Checks
instanceKlass java/lang/module/ModuleDescriptor$Builder
instanceKlass java/lang/reflect/Proxy$ProxyBuilder$$Lambda$71
instanceKlass jdk/internal/vm/annotation/ForceInline
instanceKlass java/lang/reflect/AccessibleObject$$Lambda$70
instanceKlass com/google/inject/internal/aop/UnsafeClassDefiner$ClassLoaderDefineClassHolder$$Lambda$69
instanceKlass com/google/inject/internal/aop/UnsafeClassDefiner$ClassLoaderDefineClassHolder
instanceKlass com/google/inject/internal/asm/$Handler
instanceKlass com/google/inject/internal/asm/$Attribute
instanceKlass com/google/inject/internal/aop/BytecodeTasks
instanceKlass com/google/inject/internal/aop/AbstractGlueGenerator$$Lambda$68
instanceKlass com/google/inject/internal/asm/$Handle
instanceKlass com/google/inject/internal/asm/$Label
instanceKlass com/google/inject/internal/asm/$Frame
instanceKlass com/google/inject/internal/asm/$ByteVector
instanceKlass com/google/inject/internal/asm/$Symbol
instanceKlass com/google/inject/internal/asm/$SymbolTable
instanceKlass com/google/inject/internal/asm/$ModuleVisitor
instanceKlass com/google/inject/internal/asm/$MethodVisitor
instanceKlass com/google/inject/internal/asm/$AnnotationVisitor
instanceKlass com/google/inject/internal/asm/$FieldVisitor
instanceKlass com/google/inject/internal/asm/$RecordComponentVisitor
instanceKlass com/google/inject/internal/asm/$ClassVisitor
instanceKlass com/google/inject/internal/aop/AbstractGlueGenerator
instanceKlass com/google/inject/internal/aop/ClassBuilding$$Lambda$67
instanceKlass com/google/inject/internal/aop/ClassBuilding$$Lambda$66
instanceKlass com/google/inject/internal/asm/$Type
instanceKlass com/google/inject/internal/aop/UnsafeClassDefiner$$Lambda$65
instanceKlass com/google/inject/internal/aop/AnonymousClassDefiner
instanceKlass com/google/inject/internal/aop/UnsafeClassDefiner
instanceKlass com/google/inject/internal/aop/ClassDefining$ClassDefinerHolder
instanceKlass com/google/inject/internal/aop/ClassDefiner
instanceKlass com/google/inject/internal/aop/ClassDefining
instanceKlass com/google/inject/internal/aop/ClassBuilding$$Lambda$64
instanceKlass java/lang/invoke/LambdaForm$DMH
instanceKlass com/google/inject/internal/BytecodeGen$$Lambda$63
instanceKlass com/google/inject/internal/BytecodeGen$EnhancerBuilder
instanceKlass com/google/inject/internal/aop/ClassBuilding
instanceKlass com/google/common/collect/MapMakerInternalMap$WeakKeyStrongValueEntry$Helper
instanceKlass com/google/common/collect/MapMakerInternalMap$InternalEntry
instanceKlass com/google/common/collect/MapMakerInternalMap$1
instanceKlass com/google/common/collect/MapMakerInternalMap$InternalEntryHelper
instanceKlass com/google/common/collect/MapMakerInternalMap$WeakValueReference
instanceKlass com/google/common/collect/MapMaker
instanceKlass com/google/inject/internal/BytecodeGen
instanceKlass com/google/inject/internal/ConstructionProxy
instanceKlass com/google/inject/internal/DefaultConstructionProxyFactory
instanceKlass com/google/inject/internal/ConstructionProxyFactory
instanceKlass com/google/inject/internal/ConstructorBindingImpl$Factory
instanceKlass org/eclipse/sisu/inject/TypeArguments$Implicit
instanceKlass org/eclipse/sisu/wire/PlaceholderBeanProvider
instanceKlass org/eclipse/sisu/wire/BeanProviders$3
instanceKlass org/sonatype/inject/BeanEntry
instanceKlass org/eclipse/sisu/BeanEntry
instanceKlass org/eclipse/sisu/wire/BeanProviders$4
instanceKlass org/eclipse/sisu/wire/BeanProviders$7
instanceKlass org/eclipse/sisu/wire/BeanProviders$6
instanceKlass org/eclipse/sisu/wire/BeanProviders$1
instanceKlass com/google/inject/spi/ProviderLookup$1
instanceKlass com/google/inject/spi/ProviderWithDependencies
instanceKlass com/google/inject/spi/ProviderLookup
instanceKlass org/eclipse/sisu/wire/BeanProviders
instanceKlass org/eclipse/sisu/inject/HiddenSource
instanceKlass org/eclipse/sisu/wire/LocatorWiring
instanceKlass com/google/inject/ProvidedBy
instanceKlass com/google/inject/ImplementedBy
instanceKlass org/sonatype/plexus/components/cipher/PBECipher
instanceKlass org/apache/maven/settings/crypto/SettingsDecryptionResult
instanceKlass org/apache/maven/settings/building/DefaultSettingsProblemCollector
instanceKlass org/apache/maven/settings/merge/MavenSettingsMerger
instanceKlass org/apache/maven/settings/building/SettingsBuildingResult
instanceKlass org/apache/maven/settings/building/SettingsProblemCollector
instanceKlass org/eclipse/aether/impl/MetadataGenerator
instanceKlass org/apache/maven/model/Relocation
instanceKlass org/apache/maven/repository/internal/ArtifactDescriptorReaderDelegate
instanceKlass org/eclipse/aether/named/support/AdaptedSemaphoreNamedLock$AdaptedSemaphore
instanceKlass java/nio/channels/spi/AbstractInterruptibleChannel
instanceKlass java/nio/channels/InterruptibleChannel
instanceKlass java/nio/channels/ScatteringByteChannel
instanceKlass java/nio/channels/GatheringByteChannel
instanceKlass java/nio/channels/SeekableByteChannel
instanceKlass java/nio/channels/ByteChannel
instanceKlass org/eclipse/aether/named/support/NamedLockFactorySupport$NamedLockHolder
instanceKlass org/eclipse/aether/named/support/NamedLockSupport
instanceKlass org/eclipse/aether/named/NamedLock
instanceKlass org/eclipse/aether/internal/impl/synccontext/named/NamedLockFactoryAdapter
instanceKlass org/eclipse/aether/spi/log/Logger
instanceKlass org/eclipse/aether/internal/impl/filter/PrefixesRemoteRepositoryFilterSource$Node
instanceKlass org/eclipse/aether/spi/connector/filter/RemoteRepositoryFilter$Result
instanceKlass org/eclipse/aether/spi/connector/filter/RemoteRepositoryFilter
instanceKlass org/eclipse/aether/collection/DependencyTraverser
instanceKlass org/eclipse/aether/collection/DependencyManager
instanceKlass org/eclipse/aether/internal/impl/collect/df/DfDependencyCollector$Args
instanceKlass org/eclipse/aether/internal/impl/collect/bf/BfDependencyCollector$DescriptorResolutionResult
instanceKlass org/eclipse/aether/internal/impl/collect/bf/BfDependencyCollector$Args
instanceKlass org/eclipse/aether/internal/impl/collect/bf/DependencyProcessingContext
instanceKlass org/eclipse/aether/internal/impl/collect/bf/DependencyResolutionSkipper
instanceKlass org/eclipse/aether/collection/VersionFilter
instanceKlass org/eclipse/aether/internal/impl/collect/DependencyCollectorDelegate$Results
instanceKlass org/eclipse/aether/internal/impl/collect/DefaultVersionFilterContext
instanceKlass org/eclipse/aether/internal/impl/collect/DefaultDependencyCollectionContext
instanceKlass org/eclipse/aether/collection/DependencyCollectionContext
instanceKlass org/eclipse/aether/internal/impl/collect/DataPool
instanceKlass org/eclipse/aether/graph/DefaultDependencyNode
instanceKlass org/eclipse/aether/graph/Dependency
instanceKlass org/eclipse/aether/version/Version
instanceKlass org/eclipse/aether/internal/impl/collect/PremanagedDependency
instanceKlass org/eclipse/aether/collection/VersionFilter$VersionFilterContext
instanceKlass org/eclipse/aether/collection/DependencyGraphTransformationContext
instanceKlass org/eclipse/aether/spi/connector/Transfer
instanceKlass org/eclipse/aether/internal/impl/checksum/SummaryFileTrustedChecksumsSource$SummaryFileWriter
instanceKlass org/eclipse/aether/internal/impl/checksum/SparseDirectoryTrustedChecksumsSource$SparseDirectoryWriter
instanceKlass org/eclipse/aether/spi/checksums/TrustedChecksumsSource$Writer
instanceKlass org/eclipse/aether/spi/connector/checksum/ChecksumAlgorithm
instanceKlass org/eclipse/aether/impl/UpdateCheck
instanceKlass org/eclipse/aether/spi/connector/transport/Transporter
instanceKlass org/eclipse/aether/resolution/VersionRequest
instanceKlass org/eclipse/aether/collection/CollectResult
instanceKlass org/eclipse/aether/collection/CollectRequest
instanceKlass org/eclipse/aether/resolution/VersionRangeResult
instanceKlass org/eclipse/aether/resolution/VersionRangeRequest
instanceKlass org/eclipse/aether/resolution/DependencyResult
instanceKlass org/eclipse/aether/resolution/DependencyRequest
instanceKlass org/eclipse/aether/resolution/ArtifactDescriptorResult
instanceKlass org/eclipse/aether/resolution/ArtifactDescriptorRequest
instanceKlass org/eclipse/aether/spi/connector/layout/RepositoryLayout
instanceKlass org/eclipse/aether/RepositoryEvent
instanceKlass org/eclipse/aether/repository/LocalRepository
instanceKlass org/eclipse/aether/internal/impl/LocalPathPrefixComposer
instanceKlass org/eclipse/aether/transform/FileTransformer
instanceKlass org/eclipse/aether/installation/InstallResult
instanceKlass org/eclipse/aether/installation/InstallRequest
instanceKlass org/eclipse/aether/spi/io/FileProcessor$ProgressListener
instanceKlass org/eclipse/aether/internal/impl/DefaultDeployer$EventCatapult
instanceKlass org/eclipse/aether/repository/RepositoryPolicy
instanceKlass org/eclipse/aether/SyncContext
instanceKlass org/eclipse/aether/deployment/DeployResult
instanceKlass org/eclipse/aether/deployment/DeployRequest
instanceKlass org/eclipse/aether/transfer/TransferResource
instanceKlass org/eclipse/aether/spi/connector/checksum/ChecksumPolicy
instanceKlass org/eclipse/aether/resolution/VersionResult
instanceKlass org/eclipse/aether/repository/LocalArtifactResult
instanceKlass org/eclipse/aether/resolution/ArtifactResult
instanceKlass org/eclipse/aether/resolution/ArtifactRequest
instanceKlass org/eclipse/aether/internal/impl/DefaultArtifactResolver$ResolutionGroup
instanceKlass org/eclipse/aether/spi/locator/ServiceLocator
instanceKlass org/eclipse/aether/repository/RemoteRepository
instanceKlass org/eclipse/aether/spi/connector/RepositoryConnector
instanceKlass org/apache/maven/model/Activation
instanceKlass org/apache/maven/model/ActivationOS
instanceKlass org/apache/maven/model/profile/activation/JdkVersionProfileActivator$RangeValue
instanceKlass org/apache/maven/model/InputLocation
instanceKlass org/apache/maven/model/InputSource
instanceKlass org/apache/maven/model/interpolation/StringVisitorModelInterpolator$InnerInterpolator
instanceKlass org/apache/maven/model/building/ModelBuildingEventCatapult
instanceKlass org/apache/maven/model/ActivationFile
instanceKlass org/apache/maven/model/building/ModelData
instanceKlass org/apache/maven/model/building/DefaultModelProblemCollector
instanceKlass org/apache/maven/model/profile/DefaultProfileActivationContext
instanceKlass org/apache/maven/model/building/ModelCacheTag
instanceKlass org/apache/maven/model/building/ModelBuildingEvent
instanceKlass org/apache/maven/model/building/ModelProblemCollectorExt
instanceKlass org/apache/maven/model/profile/ProfileActivationContext
instanceKlass org/apache/maven/cli/internal/extension/model/CoreExtension
instanceKlass org/apache/maven/building/ProblemCollector
instanceKlass org/apache/maven/toolchain/merge/MavenToolchainMerger
instanceKlass org/codehaus/plexus/interpolation/InterpolationPostProcessor
instanceKlass org/apache/maven/toolchain/building/ToolchainsBuildingResult
instanceKlass com/google/inject/util/Types
instanceKlass javax/annotation/PreDestroy
instanceKlass org/eclipse/sisu/Nullable
instanceKlass org/eclipse/aether/repository/LocalRepositoryManager
instanceKlass org/eclipse/aether/repository/AuthenticationSelector
instanceKlass org/eclipse/aether/repository/ProxySelector
instanceKlass org/eclipse/aether/repository/MirrorSelector
instanceKlass org/eclipse/aether/resolution/ResolutionErrorPolicy
instanceKlass org/apache/maven/classrealm/ClassRealmManagerDelegate
instanceKlass org/apache/maven/classrealm/ClassRealmConstituent
instanceKlass org/apache/maven/classrealm/ClassRealmRequest
instanceKlass org/eclipse/aether/repository/WorkspaceRepository
instanceKlass org/apache/maven/ArtifactFilterManagerDelegate
instanceKlass org/apache/maven/plugin/PluginRealmCache$PluginRealmSupplier
instanceKlass org/apache/maven/plugin/PluginRealmCache$Key
instanceKlass org/apache/maven/plugin/DefaultPluginRealmCache
instanceKlass org/apache/maven/repository/ArtifactTransferListener
instanceKlass org/apache/maven/repository/legacy/LegacyRepositorySystem
instanceKlass org/apache/maven/project/artifact/ProjectArtifactsCache$CacheRecord
instanceKlass org/apache/maven/project/artifact/ProjectArtifactsCache$Key
instanceKlass org/apache/maven/project/artifact/DefaultProjectArtifactsCache
instanceKlass org/apache/maven/project/DefaultProjectBuildingHelper
instanceKlass org/apache/maven/repository/legacy/resolver/conflict/NewestConflictResolver
instanceKlass org/apache/maven/project/path/DefaultPathTranslator
instanceKlass org/apache/maven/repository/metadata/DefaultGraphConflictResolutionPolicy
instanceKlass org/apache/maven/plugin/DefaultBuildPluginManager
instanceKlass org/apache/maven/model/merge/ModelMerger
instanceKlass org/apache/maven/model/plugin/DefaultLifecycleBindingsInjector
instanceKlass org/apache/maven/plugin/internal/DefaultPluginManager
instanceKlass org/apache/maven/settings/crypto/SettingsDecryptionRequest
instanceKlass org/apache/maven/wagon/observers/ChecksumObserver
instanceKlass org/apache/maven/repository/legacy/DefaultWagonManager
instanceKlass org/apache/maven/model/Reporting
instanceKlass org/apache/maven/model/PluginContainer
instanceKlass org/apache/maven/project/inheritance/DefaultModelInheritanceAssembler
instanceKlass org/apache/maven/artifact/repository/layout/FlatRepositoryLayout
instanceKlass org/apache/maven/lifecycle/internal/DefaultLifecycleExecutionPlanCalculator
instanceKlass org/eclipse/aether/util/graph/visitor/AbstractDepthFirstNodeListGenerator
instanceKlass org/apache/maven/plugin/PluginRealmCache$CacheRecord
instanceKlass org/apache/maven/plugin/descriptor/PluginDescriptorBuilder
instanceKlass org/apache/maven/plugin/logging/Log
instanceKlass org/apache/maven/plugin/internal/DefaultMavenPluginManager
instanceKlass org/apache/maven/artifact/repository/metadata/io/DefaultMetadataReader
instanceKlass org/apache/maven/lifecycle/internal/ProjectSegment
instanceKlass org/apache/maven/lifecycle/internal/builder/multithreaded/ThreadOutputMuxer
instanceKlass org/apache/maven/lifecycle/internal/builder/multithreaded/ConcurrencyDependencyGraph
instanceKlass java/util/concurrent/CompletionService
instanceKlass org/apache/maven/lifecycle/internal/builder/multithreaded/MultiThreadedBuilder
instanceKlass org/apache/maven/lifecycle/internal/PhaseRecorder
instanceKlass org/apache/maven/lifecycle/internal/DependencyContext
instanceKlass org/apache/maven/lifecycle/internal/ProjectIndex
instanceKlass java/util/concurrent/locks/ReentrantReadWriteLock
instanceKlass java/util/concurrent/locks/ReadWriteLock
instanceKlass org/apache/maven/plugin/MojoExecutionRunner
instanceKlass org/apache/maven/toolchain/DefaultToolchainsBuilder
instanceKlass org/apache/maven/model/RepositoryPolicy
instanceKlass org/apache/maven/settings/RepositoryPolicy
instanceKlass org/apache/maven/settings/RepositoryBase
instanceKlass org/apache/maven/artifact/repository/Authentication
instanceKlass org/apache/maven/repository/Proxy
instanceKlass org/apache/maven/profiles/ProfilesRoot
instanceKlass org/apache/maven/artifact/resolver/DefaultArtifactResolver
instanceKlass org/apache/maven/toolchain/model/TrackableBase
instanceKlass org/apache/maven/toolchain/DefaultToolchain
instanceKlass org/apache/maven/toolchain/ToolchainPrivate
instanceKlass org/apache/maven/toolchain/java/JavaToolchain
instanceKlass org/apache/maven/toolchain/java/JavaToolchainFactory
instanceKlass org/apache/maven/repository/legacy/resolver/conflict/OldestConflictResolver
instanceKlass org/apache/maven/model/building/ModelBuildingResult
instanceKlass org/apache/maven/project/ReactorModelPool
instanceKlass org/apache/maven/project/DefaultProjectBuilder$InternalConfig
instanceKlass org/apache/maven/model/RepositoryBase
instanceKlass org/apache/maven/model/resolution/ModelResolver
instanceKlass org/apache/maven/model/building/ModelBuildingListener
instanceKlass org/apache/maven/model/building/ModelCache
instanceKlass org/apache/maven/project/DefaultProjectBuilder
instanceKlass org/apache/maven/project/ProjectBuildingResult
instanceKlass org/apache/maven/exception/ExceptionSummary
instanceKlass org/apache/maven/exception/DefaultExceptionHandler
instanceKlass org/apache/maven/project/ProjectRealmCache$CacheRecord
instanceKlass org/apache/maven/project/ProjectRealmCache$Key
instanceKlass org/apache/maven/project/DefaultProjectRealmCache
instanceKlass org/apache/maven/lifecycle/internal/DefaultLifecyclePluginAnalyzer$GoalSpec
instanceKlass org/apache/maven/lifecycle/mapping/LifecyclePhase
instanceKlass org/apache/maven/lifecycle/internal/DefaultLifecyclePluginAnalyzer
instanceKlass org/apache/maven/DefaultProjectDependenciesResolver
instanceKlass org/codehaus/plexus/component/configurator/ConfigurationListener
instanceKlass org/codehaus/classworlds/ClassRealm
instanceKlass org/codehaus/plexus/component/configurator/AbstractComponentConfigurator
instanceKlass org/codehaus/plexus/component/repository/ComponentSetDescriptor
instanceKlass org/apache/maven/plugin/PluginDescriptorCache$PluginDescriptorSupplier
instanceKlass org/apache/maven/plugin/PluginDescriptorCache$Key
instanceKlass org/apache/maven/plugin/DefaultPluginDescriptorCache
instanceKlass org/codehaus/plexus/interpolation/Interpolator
instanceKlass org/codehaus/plexus/interpolation/BasicInterpolator
instanceKlass org/codehaus/plexus/interpolation/ValueSource
instanceKlass org/codehaus/plexus/interpolation/RecursionInterceptor
instanceKlass org/apache/maven/plugin/internal/DefaultLegacySupport
instanceKlass org/eclipse/aether/graph/DependencyNode
instanceKlass org/eclipse/aether/collection/DependencySelector
instanceKlass org/eclipse/aether/resolution/ArtifactDescriptorPolicy
instanceKlass org/apache/maven/plugin/internal/DefaultPluginDependenciesResolver
instanceKlass org/apache/maven/artifact/repository/DefaultArtifactRepositoryFactory
instanceKlass org/apache/http/config/Registry
instanceKlass org/apache/http/impl/conn/PoolingHttpClientConnectionManager
instanceKlass org/apache/http/pool/ConnPoolControl
instanceKlass org/apache/http/client/methods/CloseableHttpResponse
instanceKlass org/apache/http/HttpResponse
instanceKlass org/apache/maven/wagon/shared/http/BasicAuthScope
instanceKlass org/apache/maven/wagon/shared/http/HttpConfiguration
instanceKlass org/apache/http/impl/client/CloseableHttpClient
instanceKlass org/apache/http/client/HttpClient
instanceKlass org/apache/http/Header
instanceKlass org/apache/http/NameValuePair
instanceKlass org/apache/http/client/RedirectStrategy
instanceKlass org/apache/http/config/Lookup
instanceKlass org/apache/http/client/HttpRequestRetryHandler
instanceKlass org/apache/http/conn/ssl/TrustStrategy
instanceKlass org/apache/http/ssl/TrustStrategy
instanceKlass org/apache/http/auth/Credentials
instanceKlass org/apache/http/client/AuthCache
instanceKlass org/apache/http/client/CredentialsProvider
instanceKlass org/apache/http/client/ServiceUnavailableRetryStrategy
instanceKlass org/apache/http/protocol/HttpContext
instanceKlass org/apache/http/client/methods/HttpUriRequest
instanceKlass org/apache/http/HttpRequest
instanceKlass org/apache/http/HttpMessage
instanceKlass org/apache/http/auth/AuthScheme
instanceKlass org/apache/http/HttpEntity
instanceKlass org/apache/http/conn/HttpClientConnectionManager
instanceKlass org/apache/maven/wagon/OutputData
instanceKlass org/apache/maven/wagon/InputData
instanceKlass java/util/EventObject
instanceKlass org/apache/maven/wagon/events/SessionListener
instanceKlass org/apache/maven/wagon/resource/Resource
instanceKlass org/apache/maven/wagon/repository/RepositoryPermissions
instanceKlass org/apache/maven/wagon/proxy/ProxyInfo
instanceKlass org/apache/maven/wagon/authentication/AuthenticationInfo
instanceKlass org/apache/maven/wagon/events/TransferEventSupport
instanceKlass org/apache/maven/wagon/events/SessionEventSupport
instanceKlass org/apache/maven/wagon/repository/Repository
instanceKlass org/apache/maven/wagon/proxy/ProxyInfoProvider
instanceKlass org/apache/maven/wagon/AbstractWagon
instanceKlass org/apache/maven/wagon/StreamingWagon
instanceKlass org/apache/maven/artifact/handler/manager/DefaultArtifactHandlerManager
instanceKlass org/apache/maven/artifact/repository/metadata/Versioning
instanceKlass org/apache/maven/lifecycle/MavenExecutionPlan
instanceKlass org/apache/maven/lifecycle/DefaultLifecycleExecutor
instanceKlass org/apache/maven/plugin/version/internal/DefaultPluginVersionResolver$Versions
instanceKlass org/apache/maven/plugin/version/internal/DefaultPluginVersionResult
instanceKlass org/eclipse/aether/SessionData
instanceKlass org/apache/maven/plugin/version/internal/DefaultPluginVersionResolver$Key
instanceKlass org/apache/maven/plugin/version/PluginVersionResult
instanceKlass org/apache/maven/plugin/version/internal/DefaultPluginVersionResolver
instanceKlass org/apache/maven/eventspy/EventSpy
instanceKlass org/eclipse/aether/RepositoryListener
instanceKlass org/apache/maven/execution/ExecutionEvent
instanceKlass org/apache/maven/lifecycle/internal/DefaultExecutionEventCatapult
instanceKlass org/eclipse/aether/RequestTrace
instanceKlass org/eclipse/aether/repository/ArtifactRepository
instanceKlass org/apache/maven/plugin/prefix/PluginPrefixResult
instanceKlass org/apache/maven/plugin/prefix/internal/DefaultPluginPrefixResolver
instanceKlass org/apache/maven/repository/metadata/ClasspathContainer
instanceKlass org/apache/maven/repository/metadata/DefaultClasspathTransformation
instanceKlass org/apache/maven/artifact/repository/layout/DefaultRepositoryLayout
instanceKlass org/eclipse/aether/DefaultRepositorySystemSession
instanceKlass org/apache/maven/execution/MavenExecutionResult
instanceKlass org/apache/maven/DefaultMaven
instanceKlass org/eclipse/aether/version/VersionScheme
instanceKlass org/apache/maven/rtinfo/internal/DefaultRuntimeInformation
instanceKlass org/apache/maven/lifecycle/internal/DefaultLifecycleTaskSegmentCalculator
instanceKlass java/nio/channels/WritableByteChannel
instanceKlass java/nio/channels/ReadableByteChannel
instanceKlass java/nio/channels/Channel
instanceKlass org/sonatype/plexus/components/sec/dispatcher/PasswordDecryptor
instanceKlass sun/reflect/generics/tree/MethodTypeSignature
instanceKlass sun/reflect/generics/tree/VoidDescriptor
instanceKlass org/sonatype/plexus/components/sec/dispatcher/model/SettingsSecurity
instanceKlass org/apache/maven/settings/building/SettingsBuildingRequest
instanceKlass org/apache/maven/model/building/ModelProblem
instanceKlass org/apache/maven/project/artifact/MavenMetadataSource$ProjectRelocation
instanceKlass org/apache/maven/artifact/repository/metadata/Metadata
instanceKlass org/apache/maven/model/Dependency
instanceKlass org/apache/maven/artifact/repository/metadata/RepositoryMetadata
instanceKlass org/apache/maven/project/artifact/MavenMetadataSource
instanceKlass org/apache/maven/wagon/events/TransferListener
instanceKlass org/apache/maven/profiles/ProfileManager
instanceKlass org/apache/maven/project/ProjectBuilderConfiguration
instanceKlass org/apache/maven/project/DefaultMavenProjectBuilder
instanceKlass org/apache/maven/toolchain/Toolchain
instanceKlass org/apache/maven/toolchain/DefaultToolchainManager
instanceKlass org/apache/maven/repository/legacy/resolver/conflict/NearestConflictResolver
instanceKlass org/apache/maven/lifecycle/internal/ReactorBuildStatus
instanceKlass org/apache/maven/lifecycle/internal/ProjectBuildList
instanceKlass org/apache/maven/lifecycle/internal/builder/singlethreaded/SingleThreadedBuilder
instanceKlass org/apache/maven/lifecycle/internal/TaskSegment
instanceKlass org/apache/maven/lifecycle/internal/ReactorContext
instanceKlass org/apache/maven/execution/ProjectExecutionListener
instanceKlass org/apache/maven/execution/BuildSummary
instanceKlass org/apache/maven/artifact/handler/DefaultArtifactHandler
instanceKlass org/apache/maven/plugin/descriptor/Parameter
instanceKlass org/apache/maven/lifecycle/internal/DefaultMojoExecutionConfigurator
instanceKlass org/apache/maven/lifecycle/internal/DefaultLifecycleMappingDelegate
instanceKlass org/apache/maven/artifact/factory/DefaultArtifactFactory
instanceKlass org/apache/maven/artifact/resolver/DefaultResolutionErrorHandler
instanceKlass org/apache/maven/artifact/metadata/ArtifactMetadata
instanceKlass org/apache/maven/repository/legacy/metadata/ArtifactMetadata
instanceKlass org/eclipse/aether/metadata/Metadata
instanceKlass org/eclipse/aether/artifact/Artifact
instanceKlass org/codehaus/plexus/logging/AbstractLogEnabled
instanceKlass org/apache/maven/model/building/Result
instanceKlass org/apache/maven/model/building/ModelSource
instanceKlass org/apache/maven/execution/ProjectDependencyGraph
instanceKlass org/apache/maven/graph/DefaultGraphBuilder
instanceKlass org/apache/maven/settings/TrackableBase
instanceKlass org/apache/maven/repository/DefaultMirrorSelector
instanceKlass org/apache/maven/plugin/ExtensionRealmCache$CacheRecord
instanceKlass org/apache/maven/plugin/ExtensionRealmCache$Key
instanceKlass org/apache/maven/plugin/DefaultExtensionRealmCache
instanceKlass org/apache/maven/lifecycle/mapping/DefaultLifecycleMapping
instanceKlass org/eclipse/sisu/space/asm/Item
instanceKlass org/eclipse/sisu/space/asm/ByteVector
instanceKlass org/eclipse/sisu/space/asm/FieldVisitor
instanceKlass org/eclipse/sisu/space/asm/MethodVisitor
instanceKlass org/apache/maven/plugin/version/PluginVersionRequest
instanceKlass org/apache/maven/plugin/prefix/PluginPrefixRequest
instanceKlass org/apache/maven/project/DefaultDependencyResolutionResult
instanceKlass org/apache/maven/project/DependencyResolutionRequest
instanceKlass org/eclipse/aether/graph/DependencyVisitor
instanceKlass org/apache/maven/project/DependencyResolutionResult
instanceKlass org/apache/maven/project/DefaultProjectDependenciesResolver
instanceKlass org/apache/maven/project/artifact/DefaultMavenMetadataCache$CacheKey
instanceKlass org/apache/maven/repository/legacy/metadata/ResolutionGroup
instanceKlass org/apache/maven/project/artifact/DefaultMavenMetadataCache
instanceKlass org/apache/maven/artifact/versioning/VersionRange
instanceKlass org/apache/maven/artifact/resolver/ArtifactResolutionResult
instanceKlass org/apache/maven/artifact/resolver/ArtifactResolutionRequest
instanceKlass org/apache/maven/artifact/resolver/filter/ArtifactFilter
instanceKlass org/apache/maven/repository/legacy/metadata/MetadataResolutionRequest
instanceKlass org/apache/maven/repository/legacy/resolver/DefaultLegacyArtifactCollector
instanceKlass org/apache/maven/artifact/repository/RepositoryRequest
instanceKlass org/apache/maven/artifact/Artifact
instanceKlass org/apache/maven/repository/legacy/resolver/transform/DefaultArtifactTransformationManager
instanceKlass org/apache/maven/repository/legacy/resolver/conflict/DefaultConflictResolverFactory
instanceKlass org/apache/maven/project/validation/ModelValidationResult
instanceKlass org/apache/maven/model/ModelBase
instanceKlass org/apache/maven/model/building/ModelBuildingRequest
instanceKlass org/apache/maven/model/building/ModelProblemCollector
instanceKlass org/apache/maven/project/validation/DefaultModelValidator
instanceKlass org/apache/maven/artifact/repository/ArtifactRepositoryPolicy
instanceKlass org/apache/maven/artifact/repository/ArtifactRepository
instanceKlass org/apache/maven/repository/legacy/repository/DefaultArtifactRepositoryFactory
instanceKlass org/apache/maven/configuration/BeanConfigurationRequest
instanceKlass org/codehaus/plexus/component/configurator/expression/ExpressionEvaluator
instanceKlass org/codehaus/plexus/configuration/PlexusConfiguration
instanceKlass org/codehaus/plexus/component/configurator/converters/lookup/ConverterLookup
instanceKlass org/apache/maven/configuration/internal/DefaultBeanConfigurator
instanceKlass org/eclipse/aether/RepositorySystemSession
instanceKlass org/eclipse/aether/graph/DependencyFilter
instanceKlass org/apache/maven/model/ConfigurationContainer
instanceKlass org/apache/maven/model/InputLocationTracker
instanceKlass org/apache/maven/plugin/PluginArtifactsCache$CacheRecord
instanceKlass org/apache/maven/plugin/PluginArtifactsCache$Key
instanceKlass org/apache/maven/plugin/DefaultPluginArtifactsCache
instanceKlass org/apache/maven/artifact/versioning/ArtifactVersion
instanceKlass org/apache/maven/execution/DefaultRuntimeInformation
instanceKlass org/apache/maven/artifact/resolver/ResolutionNode
instanceKlass org/apache/maven/repository/legacy/resolver/conflict/FarthestConflictResolver
instanceKlass org/apache/maven/repository/metadata/MetadataGraphEdge
instanceKlass org/apache/maven/repository/metadata/MetadataGraph
instanceKlass org/apache/maven/repository/metadata/MetadataGraphVertex
instanceKlass org/apache/maven/repository/metadata/DefaultGraphConflictResolver
instanceKlass org/eclipse/sisu/inject/Guice4
instanceKlass com/google/inject/spi/ProviderWithExtensionVisitor
instanceKlass com/google/common/collect/Iterables
instanceKlass java/util/stream/ForEachOps$ForEachOp
instanceKlass java/util/stream/ForEachOps
instanceKlass com/google/inject/spi/InjectionPoint$$Lambda$62
instanceKlass com/google/inject/spi/InjectionPoint$$Lambda$61
instanceKlass com/google/inject/spi/InjectionPoint$$Lambda$60
instanceKlass com/google/inject/spi/InjectionPoint$$Lambda$59
instanceKlass org/eclipse/sisu/plexus/PlexusBean
instanceKlass org/codehaus/plexus/component/repository/ComponentDescriptor
instanceKlass com/google/inject/internal/GuiceInternal
instanceKlass org/sonatype/inject/Parameters
instanceKlass org/eclipse/sisu/plexus/PlexusXmlBeanConverter
instanceKlass org/eclipse/sisu/plexus/PlexusBeanConverter
instanceKlass com/google/inject/spi/TypeConverterBinding
instanceKlass java/lang/reflect/AnnotatedParameterizedType
instanceKlass sun/reflect/generics/tree/Wildcard
instanceKlass sun/reflect/generics/tree/BottomSignature
instanceKlass com/google/inject/spi/ProvisionListenerBinding
instanceKlass com/google/inject/spi/TypeListenerBinding
instanceKlass org/eclipse/sisu/bean/BeanListener
instanceKlass com/google/inject/matcher/Matchers
instanceKlass org/eclipse/sisu/bean/PropertyBinder
instanceKlass org/eclipse/sisu/plexus/PlexusBeanBinder
instanceKlass com/google/inject/spi/InjectionListener
instanceKlass org/sonatype/plexus/components/sec/dispatcher/DefaultSecDispatcher
instanceKlass org/sonatype/plexus/components/cipher/DefaultPlexusCipher
instanceKlass org/sonatype/plexus/components/cipher/PlexusCipher
instanceKlass org/apache/maven/settings/validation/DefaultSettingsValidator
instanceKlass org/apache/maven/settings/validation/SettingsValidator
instanceKlass org/apache/maven/settings/io/DefaultSettingsWriter
instanceKlass org/apache/maven/settings/io/SettingsWriter
instanceKlass org/apache/maven/settings/io/DefaultSettingsReader
instanceKlass org/apache/maven/settings/io/SettingsReader
instanceKlass org/apache/maven/settings/crypto/DefaultSettingsDecrypter
instanceKlass org/apache/maven/settings/crypto/SettingsDecrypter
instanceKlass org/apache/maven/settings/building/DefaultSettingsBuilder
instanceKlass org/apache/maven/settings/building/SettingsBuilder
instanceKlass org/eclipse/aether/transport/wagon/WagonTransporterFactory
instanceKlass org/eclipse/aether/internal/transport/wagon/PlexusWagonProvider
instanceKlass org/eclipse/aether/transport/wagon/WagonProvider
instanceKlass org/eclipse/aether/internal/transport/wagon/PlexusWagonConfigurator
instanceKlass org/eclipse/aether/transport/wagon/WagonConfigurator
instanceKlass org/eclipse/aether/transport/http/ChecksumExtractor
instanceKlass org/eclipse/aether/transport/http/HttpTransporterFactory
instanceKlass org/eclipse/aether/transport/file/FileTransporterFactory
instanceKlass org/eclipse/aether/spi/connector/transport/TransporterFactory
instanceKlass org/apache/maven/repository/internal/VersionsMetadataGeneratorFactory
instanceKlass org/apache/maven/repository/internal/SnapshotMetadataGeneratorFactory
instanceKlass org/apache/maven/repository/internal/PluginsMetadataGeneratorFactory
instanceKlass org/eclipse/aether/impl/MetadataGeneratorFactory
instanceKlass org/apache/maven/repository/internal/DefaultVersionResolver
instanceKlass org/eclipse/aether/impl/VersionResolver
instanceKlass org/apache/maven/repository/internal/DefaultVersionRangeResolver
instanceKlass org/eclipse/aether/impl/VersionRangeResolver
instanceKlass org/apache/maven/repository/internal/DefaultModelCacheFactory
instanceKlass org/apache/maven/repository/internal/ModelCacheFactory
instanceKlass org/apache/maven/repository/internal/DefaultArtifactDescriptorReader
instanceKlass org/eclipse/aether/impl/ArtifactDescriptorReader
instanceKlass org/eclipse/aether/named/support/NamedLockFactorySupport
instanceKlass org/eclipse/aether/named/NamedLockFactory
instanceKlass org/eclipse/aether/internal/impl/synccontext/named/providers/StaticNameMapperProvider
instanceKlass org/eclipse/aether/internal/impl/synccontext/named/providers/GAVNameMapperProvider
instanceKlass org/eclipse/aether/internal/impl/synccontext/named/providers/FileStaticNameMapperProvider
instanceKlass org/eclipse/aether/internal/impl/synccontext/named/providers/FileHashingGAVNameMapperProvider
instanceKlass org/eclipse/aether/internal/impl/synccontext/named/providers/FileGAVNameMapperProvider
instanceKlass org/eclipse/aether/internal/impl/synccontext/named/NameMapper
instanceKlass org/eclipse/aether/internal/impl/synccontext/named/providers/DiscriminatingNameMapperProvider
instanceKlass org/eclipse/aether/internal/impl/synccontext/named/NamedLockFactoryAdapterFactoryImpl
instanceKlass org/eclipse/aether/internal/impl/synccontext/named/NamedLockFactoryAdapterFactory
instanceKlass org/eclipse/aether/internal/impl/synccontext/legacy/DefaultSyncContextFactory
instanceKlass org/eclipse/aether/impl/SyncContextFactory
instanceKlass org/eclipse/aether/internal/impl/synccontext/DefaultSyncContextFactory
instanceKlass org/eclipse/aether/spi/synccontext/SyncContextFactory
instanceKlass java/lang/Deprecated
instanceKlass org/eclipse/aether/internal/impl/slf4j/Slf4jLoggerFactory
instanceKlass org/eclipse/aether/internal/impl/resolution/ArtifactResolverPostProcessorSupport
instanceKlass org/eclipse/aether/internal/impl/filter/RemoteRepositoryFilterSourceSupport
instanceKlass org/eclipse/aether/spi/connector/filter/RemoteRepositoryFilterSource
instanceKlass org/eclipse/aether/spi/resolution/ArtifactResolverPostProcessor
instanceKlass org/eclipse/aether/internal/impl/filter/DefaultRemoteRepositoryFilterManager
instanceKlass org/eclipse/aether/impl/RemoteRepositoryFilterManager
instanceKlass org/eclipse/aether/internal/impl/collect/DependencyCollectorDelegate
instanceKlass org/eclipse/aether/internal/impl/collect/DefaultDependencyCollector
instanceKlass org/eclipse/aether/impl/DependencyCollector
instanceKlass org/eclipse/aether/internal/impl/checksum/TrustedToProvidedChecksumsSourceAdapter
instanceKlass org/eclipse/aether/spi/connector/checksum/ProvidedChecksumsSource
instanceKlass org/eclipse/aether/internal/impl/checksum/FileTrustedChecksumsSourceSupport
instanceKlass org/eclipse/aether/spi/checksums/TrustedChecksumsSource
instanceKlass org/eclipse/aether/spi/connector/checksum/ChecksumAlgorithmFactorySupport
instanceKlass org/eclipse/aether/spi/connector/checksum/ChecksumAlgorithmFactory
instanceKlass org/eclipse/aether/internal/impl/checksum/DefaultChecksumAlgorithmFactorySelector
instanceKlass org/eclipse/aether/spi/connector/checksum/ChecksumAlgorithmFactorySelector
instanceKlass org/eclipse/aether/internal/impl/SimpleLocalRepositoryManagerFactory
instanceKlass org/eclipse/aether/internal/impl/Maven2RepositoryLayoutFactory
instanceKlass org/eclipse/aether/spi/connector/layout/RepositoryLayoutFactory
instanceKlass org/eclipse/aether/spi/log/LoggerFactory
instanceKlass org/eclipse/aether/internal/impl/LoggerFactoryProvider
instanceKlass org/eclipse/aether/internal/impl/EnhancedLocalRepositoryManagerFactory
instanceKlass org/eclipse/aether/spi/localrepo/LocalRepositoryManagerFactory
instanceKlass org/eclipse/aether/internal/impl/DefaultUpdatePolicyAnalyzer
instanceKlass org/eclipse/aether/impl/UpdatePolicyAnalyzer
instanceKlass org/eclipse/aether/internal/impl/DefaultUpdateCheckManager
instanceKlass org/eclipse/aether/impl/UpdateCheckManager
instanceKlass org/eclipse/aether/internal/impl/DefaultTransporterProvider
instanceKlass org/eclipse/aether/spi/connector/transport/TransporterProvider
instanceKlass org/eclipse/aether/internal/impl/DefaultTrackingFileManager
instanceKlass org/eclipse/aether/internal/impl/TrackingFileManager
instanceKlass org/eclipse/aether/internal/impl/DefaultRepositorySystemLifecycle
instanceKlass org/eclipse/aether/impl/RepositorySystemLifecycle
instanceKlass org/eclipse/aether/internal/impl/DefaultRepositorySystem
instanceKlass org/eclipse/aether/RepositorySystem
instanceKlass org/eclipse/aether/internal/impl/DefaultRepositoryLayoutProvider
instanceKlass org/eclipse/aether/spi/connector/layout/RepositoryLayoutProvider
instanceKlass org/eclipse/aether/internal/impl/DefaultRepositoryEventDispatcher
instanceKlass org/eclipse/aether/impl/RepositoryEventDispatcher
instanceKlass org/eclipse/aether/internal/impl/DefaultRepositoryConnectorProvider
instanceKlass org/eclipse/aether/impl/RepositoryConnectorProvider
instanceKlass org/eclipse/aether/internal/impl/DefaultRemoteRepositoryManager
instanceKlass org/eclipse/aether/impl/RemoteRepositoryManager
instanceKlass org/eclipse/aether/internal/impl/DefaultOfflineController
instanceKlass org/eclipse/aether/impl/OfflineController
instanceKlass org/eclipse/aether/internal/impl/DefaultMetadataResolver
instanceKlass org/eclipse/aether/impl/MetadataResolver
instanceKlass org/eclipse/aether/internal/impl/DefaultLocalRepositoryProvider
instanceKlass org/eclipse/aether/impl/LocalRepositoryProvider
instanceKlass org/eclipse/aether/internal/impl/LocalPathPrefixComposerFactorySupport
instanceKlass org/eclipse/aether/internal/impl/LocalPathPrefixComposerFactory
instanceKlass org/eclipse/aether/internal/impl/DefaultLocalPathComposer
instanceKlass org/eclipse/aether/internal/impl/LocalPathComposer
instanceKlass org/eclipse/aether/internal/impl/DefaultInstaller
instanceKlass org/eclipse/aether/impl/Installer
instanceKlass org/eclipse/aether/internal/impl/DefaultFileProcessor
instanceKlass org/eclipse/aether/spi/io/FileProcessor
instanceKlass org/eclipse/aether/internal/impl/DefaultDeployer
instanceKlass org/eclipse/aether/impl/Deployer
instanceKlass org/eclipse/aether/internal/impl/DefaultChecksumPolicyProvider
instanceKlass org/eclipse/aether/spi/connector/checksum/ChecksumPolicyProvider
instanceKlass org/eclipse/aether/internal/impl/DefaultArtifactResolver
instanceKlass org/eclipse/aether/impl/ArtifactResolver
instanceKlass org/eclipse/aether/connector/basic/BasicRepositoryConnectorFactory
instanceKlass org/eclipse/aether/spi/locator/Service
instanceKlass org/eclipse/aether/spi/connector/RepositoryConnectorFactory
instanceKlass org/apache/maven/model/validation/DefaultModelValidator
instanceKlass org/apache/maven/model/validation/ModelValidator
instanceKlass org/apache/maven/model/superpom/DefaultSuperPomProvider
instanceKlass org/apache/maven/model/superpom/SuperPomProvider
instanceKlass org/apache/maven/model/profile/activation/PropertyProfileActivator
instanceKlass org/apache/maven/model/profile/activation/OperatingSystemProfileActivator
instanceKlass org/apache/maven/model/profile/activation/JdkVersionProfileActivator
instanceKlass org/apache/maven/model/profile/activation/FileProfileActivator
instanceKlass org/apache/maven/model/profile/activation/ProfileActivator
instanceKlass org/apache/maven/model/profile/DefaultProfileSelector
instanceKlass org/apache/maven/model/profile/ProfileSelector
instanceKlass org/apache/maven/model/profile/DefaultProfileInjector
instanceKlass org/apache/maven/model/profile/ProfileInjector
instanceKlass org/apache/maven/model/plugin/DefaultReportingConverter
instanceKlass org/apache/maven/model/plugin/ReportingConverter
instanceKlass org/apache/maven/model/plugin/DefaultReportConfigurationExpander
instanceKlass org/apache/maven/model/plugin/ReportConfigurationExpander
instanceKlass org/apache/maven/model/plugin/DefaultPluginConfigurationExpander
instanceKlass org/apache/maven/model/plugin/PluginConfigurationExpander
instanceKlass org/apache/maven/model/path/ProfileActivationFilePathInterpolator
instanceKlass org/apache/maven/model/path/DefaultUrlNormalizer
instanceKlass org/apache/maven/model/path/UrlNormalizer
instanceKlass org/apache/maven/model/path/DefaultPathTranslator
instanceKlass org/apache/maven/model/path/PathTranslator
instanceKlass org/apache/maven/model/path/DefaultModelUrlNormalizer
instanceKlass org/apache/maven/model/path/ModelUrlNormalizer
instanceKlass org/apache/maven/model/path/DefaultModelPathTranslator
instanceKlass org/apache/maven/model/path/ModelPathTranslator
instanceKlass org/apache/maven/model/normalization/DefaultModelNormalizer
instanceKlass org/apache/maven/model/normalization/ModelNormalizer
instanceKlass org/apache/maven/model/management/DefaultPluginManagementInjector
instanceKlass org/apache/maven/model/management/PluginManagementInjector
instanceKlass org/apache/maven/model/management/DefaultDependencyManagementInjector
instanceKlass org/apache/maven/model/management/DependencyManagementInjector
instanceKlass org/apache/maven/model/locator/DefaultModelLocator
instanceKlass org/apache/maven/model/io/DefaultModelWriter
instanceKlass org/apache/maven/model/io/ModelWriter
instanceKlass org/apache/maven/model/io/DefaultModelReader
instanceKlass org/apache/maven/model/interpolation/AbstractStringBasedModelInterpolator
instanceKlass org/apache/maven/model/interpolation/ModelInterpolator
instanceKlass org/apache/maven/model/interpolation/DefaultModelVersionProcessor
instanceKlass org/apache/maven/model/interpolation/ModelVersionProcessor
instanceKlass org/apache/maven/model/inheritance/DefaultInheritanceAssembler
instanceKlass org/apache/maven/model/inheritance/InheritanceAssembler
instanceKlass org/apache/maven/model/composition/DefaultDependencyManagementImporter
instanceKlass org/apache/maven/model/composition/DependencyManagementImporter
instanceKlass sun/reflect/annotation/AnnotationParser$$Lambda$58
instanceKlass org/apache/maven/model/building/DefaultModelProcessor
instanceKlass org/apache/maven/model/building/ModelProcessor
instanceKlass org/apache/maven/model/io/ModelReader
instanceKlass org/apache/maven/model/locator/ModelLocator
instanceKlass org/apache/maven/model/building/DefaultModelBuilder
instanceKlass org/apache/maven/model/building/ModelBuilder
instanceKlass org/apache/maven/cli/internal/BootstrapCoreExtensionManager
instanceKlass org/apache/maven/cli/configuration/SettingsXmlConfigurationProcessor
instanceKlass org/apache/maven/cli/configuration/ConfigurationProcessor
instanceKlass org/apache/maven/toolchain/io/DefaultToolchainsWriter
instanceKlass org/apache/maven/toolchain/io/ToolchainsWriter
instanceKlass org/apache/maven/toolchain/io/DefaultToolchainsReader
instanceKlass org/apache/maven/toolchain/io/ToolchainsReader
instanceKlass org/apache/maven/toolchain/building/DefaultToolchainsBuilder
instanceKlass org/apache/maven/toolchain/building/ToolchainsBuilder
instanceKlass jdk/internal/reflect/ClassDefiner$1
instanceKlass jdk/internal/reflect/ClassDefiner
instanceKlass jdk/internal/reflect/MethodAccessorGenerator$1
instanceKlass jdk/internal/reflect/Label$PatchInfo
instanceKlass jdk/internal/reflect/Label
instanceKlass jdk/internal/reflect/UTF8
instanceKlass jdk/internal/reflect/ClassFileAssembler
instanceKlass jdk/internal/reflect/ByteVectorImpl
instanceKlass jdk/internal/reflect/ByteVector
instanceKlass jdk/internal/reflect/ByteVectorFactory
instanceKlass jdk/internal/reflect/AccessorGenerator
instanceKlass jdk/internal/reflect/ClassFileConstants
instanceKlass java/lang/invoke/LambdaForm$Hidden
instanceKlass org/apache/maven/execution/MavenSession
instanceKlass org/apache/maven/session/scope/internal/SessionScope$ScopeState
instanceKlass org/apache/maven/session/scope/internal/SessionScope$$Lambda$57
instanceKlass org/apache/maven/session/scope/internal/SessionScope
instanceKlass org/apache/maven/plugin/internal/AbstractMavenPluginParametersValidator
instanceKlass org/apache/maven/plugin/internal/MavenPluginConfigurationValidator
instanceKlass org/apache/maven/plugin/DefaultMojosExecutionStrategy
instanceKlass org/apache/maven/plugin/MojosExecutionStrategy
instanceKlass org/apache/maven/lifecycle/internal/LifecycleDependencyResolver
instanceKlass org/apache/maven/lifecycle/internal/DefaultProjectArtifactFactory
instanceKlass org/apache/maven/lifecycle/internal/ProjectArtifactFactory
instanceKlass org/apache/maven/internal/aether/ResolverLifecycle
instanceKlass org/apache/maven/internal/aether/DefaultRepositorySystemSessionFactory
instanceKlass org/apache/maven/extension/internal/CoreExportsProvider
instanceKlass org/apache/maven/plugin/MojoExecution
instanceKlass org/apache/maven/project/MavenProject
instanceKlass org/apache/maven/execution/scope/internal/MojoExecutionScope$ScopeState
instanceKlass org/apache/maven/execution/MojoExecutionEvent
instanceKlass org/apache/maven/execution/scope/MojoExecutionScoped
instanceKlass com/google/inject/RestrictedBindingSource$Permit
instanceKlass org/apache/maven/execution/scope/internal/MojoExecutionScope$1
instanceKlass org/apache/maven/execution/scope/internal/MojoExecutionScope
instanceKlass org/apache/maven/execution/MojoExecutionListener
instanceKlass org/eclipse/sisu/space/QualifiedTypeBinder$1
instanceKlass org/apache/maven/execution/DefaultMavenExecutionRequestPopulator
instanceKlass org/apache/maven/execution/MavenExecutionRequestPopulator
instanceKlass org/apache/maven/classrealm/DefaultClassRealmManager
instanceKlass org/apache/maven/classrealm/ClassRealmManager
instanceKlass org/apache/maven/SessionScoped
instanceKlass org/apache/maven/ReactorReader
instanceKlass org/apache/maven/repository/internal/MavenWorkspaceReader
instanceKlass org/eclipse/aether/repository/WorkspaceReader
instanceKlass org/eclipse/sisu/space/WildcardKey$QualifiedImpl
instanceKlass org/eclipse/sisu/space/WildcardKey$Qualified
instanceKlass org/eclipse/sisu/space/WildcardKey
instanceKlass org/eclipse/sisu/Typed
instanceKlass org/sonatype/inject/EagerSingleton
instanceKlass org/eclipse/sisu/EagerSingleton
instanceKlass org/sonatype/inject/Mediator
instanceKlass org/eclipse/sisu/inject/TypeArguments
instanceKlass org/apache/maven/DefaultArtifactFilterManager
instanceKlass org/apache/maven/ArtifactFilterManager
instanceKlass org/eclipse/sisu/space/asm/Context
instanceKlass org/eclipse/sisu/space/asm/Attribute
instanceKlass org/eclipse/sisu/space/asm/AnnotationVisitor
instanceKlass org/eclipse/sisu/space/asm/ClassReader
instanceKlass org/eclipse/sisu/space/IndexedClassFinder$1
instanceKlass org/eclipse/sisu/inject/Logs$SLF4JSink
instanceKlass org/eclipse/sisu/inject/Logs$Sink
instanceKlass org/eclipse/sisu/inject/Logs
instanceKlass org/eclipse/sisu/space/QualifierCache
instanceKlass org/eclipse/sisu/space/QualifiedTypeVisitor
instanceKlass org/eclipse/sisu/plexus/PlexusTypeVisitor$ComponentAnnotationVisitor
instanceKlass org/eclipse/sisu/space/AnnotationVisitor
instanceKlass org/eclipse/sisu/plexus/PlexusTypeVisitor
instanceKlass org/eclipse/sisu/space/ClassVisitor
instanceKlass org/eclipse/sisu/plexus/PlexusXmlBeanModule$PlexusXmlBeanSource
instanceKlass org/eclipse/sisu/inject/DescriptionSource
instanceKlass org/eclipse/sisu/inject/AnnotatedSource
instanceKlass org/eclipse/sisu/Priority
instanceKlass org/eclipse/sisu/Hidden
instanceKlass org/eclipse/sisu/Description
instanceKlass org/eclipse/sisu/inject/Sources
instanceKlass com/google/inject/Key$AnnotationInstanceStrategy
instanceKlass com/google/inject/name/NamedImpl
instanceKlass com/google/inject/name/Named
instanceKlass com/google/inject/name/Names
instanceKlass com/google/inject/internal/MoreTypes$ParameterizedTypeImpl
instanceKlass sun/reflect/generics/reflectiveObjects/ParameterizedTypeImpl
instanceKlass sun/reflect/generics/reflectiveObjects/LazyReflectiveObjectGenerator
instanceKlass org/apache/maven/wagon/Wagon
instanceKlass org/codehaus/plexus/component/configurator/ComponentConfigurator
instanceKlass org/apache/maven/toolchain/ToolchainsBuilder
instanceKlass org/apache/maven/toolchain/ToolchainManagerPrivate
instanceKlass org/apache/maven/toolchain/ToolchainManager
instanceKlass org/apache/maven/toolchain/ToolchainFactory
instanceKlass org/apache/maven/settings/MavenSettingsBuilder
instanceKlass org/apache/maven/rtinfo/RuntimeInformation
instanceKlass org/apache/maven/project/artifact/ProjectArtifactsCache
instanceKlass org/apache/maven/project/artifact/MavenMetadataCache
instanceKlass org/apache/maven/project/ProjectRealmCache
instanceKlass org/apache/maven/project/ProjectDependenciesResolver
instanceKlass org/apache/maven/project/ProjectBuildingHelper
instanceKlass org/apache/maven/project/ProjectBuilder
instanceKlass org/apache/maven/project/MavenProjectHelper
instanceKlass org/apache/maven/plugin/version/PluginVersionResolver
instanceKlass org/apache/maven/plugin/prefix/PluginPrefixResolver
instanceKlass org/apache/maven/plugin/internal/PluginDependenciesResolver
instanceKlass org/apache/maven/plugin/PluginRealmCache
instanceKlass org/apache/maven/plugin/PluginManager
instanceKlass org/apache/maven/plugin/PluginDescriptorCache
instanceKlass org/apache/maven/plugin/PluginArtifactsCache
instanceKlass org/apache/maven/plugin/MavenPluginManager
instanceKlass org/apache/maven/plugin/LegacySupport
instanceKlass org/apache/maven/plugin/ExtensionRealmCache
instanceKlass org/apache/maven/plugin/BuildPluginManager
instanceKlass org/apache/maven/model/plugin/LifecycleBindingsInjector
instanceKlass org/apache/maven/lifecycle/internal/builder/BuilderCommon
instanceKlass org/apache/maven/lifecycle/internal/builder/Builder
instanceKlass org/apache/maven/lifecycle/internal/MojoExecutor
instanceKlass org/apache/maven/lifecycle/internal/MojoDescriptorCreator
instanceKlass org/apache/maven/lifecycle/internal/LifecycleTaskSegmentCalculator
instanceKlass org/apache/maven/lifecycle/internal/LifecycleStarter
instanceKlass org/apache/maven/lifecycle/internal/LifecyclePluginResolver
instanceKlass org/apache/maven/lifecycle/internal/LifecycleModuleBuilder
instanceKlass org/apache/maven/lifecycle/internal/LifecycleExecutionPlanCalculator
instanceKlass org/apache/maven/lifecycle/internal/LifecycleDebugLogger
instanceKlass org/apache/maven/lifecycle/internal/ExecutionEventCatapult
instanceKlass org/apache/maven/lifecycle/internal/BuildListCalculator
instanceKlass org/apache/maven/lifecycle/MojoExecutionConfigurator
instanceKlass org/apache/maven/lifecycle/LifecycleMappingDelegate
instanceKlass org/apache/maven/lifecycle/LifecycleExecutor
instanceKlass org/apache/maven/lifecycle/LifeCyclePluginAnalyzer
instanceKlass org/apache/maven/lifecycle/DefaultLifecycles
instanceKlass org/apache/maven/graph/GraphBuilder
instanceKlass org/apache/maven/eventspy/internal/EventSpyDispatcher
instanceKlass org/apache/maven/configuration/BeanConfigurator
instanceKlass org/apache/maven/bridge/MavenRepositorySystem
instanceKlass org/apache/maven/artifact/resolver/ResolutionErrorHandler
instanceKlass org/apache/maven/artifact/repository/metadata/io/MetadataReader
instanceKlass org/apache/maven/artifact/metadata/ArtifactMetadataSource
instanceKlass org/apache/maven/repository/legacy/metadata/ArtifactMetadataSource
instanceKlass org/apache/maven/artifact/handler/manager/ArtifactHandlerManager
instanceKlass org/apache/maven/artifact/factory/ArtifactFactory
instanceKlass org/apache/maven/ProjectDependenciesResolver
instanceKlass org/apache/maven/Maven
instanceKlass org/apache/maven/artifact/handler/ArtifactHandler
instanceKlass org/sonatype/plexus/components/sec/dispatcher/SecDispatcher
instanceKlass org/apache/maven/lifecycle/Lifecycle
instanceKlass org/eclipse/sisu/space/CloningClassSpace$1
instanceKlass org/apache/maven/lifecycle/mapping/LifecycleMapping
instanceKlass org/apache/maven/repository/metadata/GraphConflictResolver
instanceKlass org/apache/maven/repository/metadata/GraphConflictResolutionPolicy
instanceKlass org/eclipse/sisu/plexus/ConfigurationImpl
instanceKlass org/apache/maven/repository/metadata/ClasspathTransformation
instanceKlass org/apache/maven/repository/legacy/resolver/transform/ArtifactTransformationManager
instanceKlass org/apache/maven/repository/legacy/resolver/transform/ArtifactTransformation
instanceKlass org/apache/maven/repository/legacy/resolver/conflict/ConflictResolverFactory
instanceKlass org/apache/maven/repository/legacy/resolver/conflict/ConflictResolver
instanceKlass org/apache/maven/repository/legacy/repository/ArtifactRepositoryFactory
instanceKlass org/apache/maven/repository/legacy/UpdateCheckManager
instanceKlass org/apache/maven/repository/RepositorySystem
instanceKlass org/apache/maven/repository/MirrorSelector
instanceKlass org/apache/maven/project/validation/ModelValidator
instanceKlass org/apache/maven/project/path/PathTranslator
instanceKlass org/apache/maven/project/interpolation/ModelInterpolator
instanceKlass org/apache/maven/project/inheritance/ModelInheritanceAssembler
instanceKlass org/apache/maven/project/MavenProjectBuilder
instanceKlass org/apache/maven/profiles/MavenProfilesBuilder
instanceKlass org/apache/maven/execution/RuntimeInformation
instanceKlass org/apache/maven/artifact/resolver/ArtifactResolver
instanceKlass org/apache/maven/artifact/resolver/ArtifactCollector
instanceKlass org/apache/maven/repository/legacy/resolver/LegacyArtifactCollector
instanceKlass org/apache/maven/artifact/repository/metadata/RepositoryMetadataManager
instanceKlass org/apache/maven/artifact/repository/layout/ArtifactRepositoryLayout
instanceKlass org/apache/maven/artifact/repository/ArtifactRepositoryFactory
instanceKlass org/apache/maven/artifact/manager/WagonManager
instanceKlass org/apache/maven/repository/legacy/WagonManager
instanceKlass org/apache/maven/artifact/installer/ArtifactInstaller
instanceKlass org/eclipse/sisu/plexus/PlexusXmlMetadata
instanceKlass org/eclipse/sisu/plexus/Roles
instanceKlass org/apache/maven/artifact/deployer/ArtifactDeployer
instanceKlass org/eclipse/sisu/plexus/Hints
instanceKlass org/eclipse/sisu/space/AbstractDeferredClass
instanceKlass org/eclipse/sisu/plexus/RequirementImpl
instanceKlass org/codehaus/plexus/component/annotations/Requirement
instanceKlass org/eclipse/sisu/space/Streams
instanceKlass org/eclipse/sisu/plexus/ComponentImpl
instanceKlass org/codehaus/plexus/component/annotations/Component
instanceKlass org/eclipse/sisu/plexus/PlexusTypeRegistry
instanceKlass org/eclipse/sisu/plexus/PlexusXmlScanner
instanceKlass org/eclipse/sisu/space/QualifiedTypeBinder
instanceKlass org/eclipse/sisu/plexus/PlexusTypeBinder
instanceKlass com/google/inject/spi/InjectionRequest
instanceKlass org/eclipse/sisu/bean/BeanProperty
instanceKlass com/google/common/collect/ObjectArrays
instanceKlass com/google/inject/internal/Nullability
instanceKlass com/google/inject/internal/KotlinSupport$KotlinUnsupported$$Lambda$56
instanceKlass java/lang/invoke/LambdaForm$DMH
instanceKlass com/google/inject/internal/KotlinSupport$KotlinUnsupported
instanceKlass com/google/inject/internal/KotlinSupport$KotlinSupportHolder
instanceKlass com/google/inject/internal/KotlinSupportInterface
instanceKlass com/google/inject/internal/KotlinSupport
instanceKlass com/google/inject/spi/InjectionPoint$OverrideIndex
instanceKlass org/eclipse/sisu/Mediator
instanceKlass org/eclipse/sisu/inject/RankedBindings
instanceKlass sun/reflect/generics/tree/TypeVariableSignature
instanceKlass com/google/inject/Inject
instanceKlass javax/inject/Inject
instanceKlass com/google/inject/internal/DeclaredMembers$$Lambda$55
instanceKlass com/google/inject/internal/DeclaredMembers$$Lambda$54
instanceKlass com/google/inject/internal/DeclaredMembers$$Lambda$53
instanceKlass com/google/inject/internal/DeclaredMembers$$Lambda$52
instanceKlass java/lang/reflect/WildcardType
instanceKlass java/lang/reflect/TypeVariable
instanceKlass com/google/inject/spi/InjectionPoint$InjectableMembers
instanceKlass com/google/inject/spi/InjectionPoint$InjectableMember
instanceKlass com/google/inject/spi/InjectionPoint
instanceKlass java/lang/reflect/ParameterizedType
instanceKlass com/google/inject/internal/MoreTypes$GenericArrayTypeImpl
instanceKlass com/google/inject/internal/MoreTypes$CompositeType
instanceKlass com/google/inject/Key$AnnotationTypeStrategy
instanceKlass com/google/common/cache/LocalCache$StrongValueReference
instanceKlass com/google/common/util/concurrent/AbstractFuture$Failure
instanceKlass com/google/common/util/concurrent/AbstractFuture$Cancellation
instanceKlass com/google/common/util/concurrent/AbstractFuture$SetFuture
instanceKlass com/google/common/util/concurrent/Uninterruptibles
instanceKlass com/google/common/util/concurrent/AbstractFuture$Waiter
instanceKlass com/google/common/util/concurrent/AbstractFuture$Listener
instanceKlass jdk/internal/reflect/UnsafeFieldAccessorFactory
instanceKlass java/lang/reflect/AccessibleObject$$Lambda$51
instanceKlass com/google/common/util/concurrent/AbstractFuture$UnsafeAtomicHelper$1
instanceKlass sun/misc/Unsafe
instanceKlass java/util/concurrent/Executor
instanceKlass com/google/common/util/concurrent/AbstractFuture$AtomicHelper
instanceKlass com/google/common/util/concurrent/internal/InternalFutureFailureAccess
instanceKlass com/google/common/util/concurrent/AbstractFuture$Trusted
instanceKlass com/google/common/util/concurrent/ListenableFuture
instanceKlass com/google/common/cache/LocalCache$LoadingValueReference
instanceKlass sun/reflect/annotation/AnnotationParser$$Lambda$50
instanceKlass java/lang/annotation/Documented
instanceKlass java/lang/annotation/Target
instanceKlass javax/inject/Named
instanceKlass javax/inject/Qualifier
instanceKlass com/google/inject/BindingAnnotation
instanceKlass javax/inject/Scope
instanceKlass com/google/inject/ScopeAnnotation
instanceKlass com/google/inject/internal/Annotations$AnnotationChecker
instanceKlass java/lang/reflect/Proxy$ProxyBuilder$1
instanceKlass java/lang/reflect/ProxyGenerator$ExceptionTableEntry
instanceKlass java/lang/reflect/ProxyGenerator$PrimitiveTypeInfo
instanceKlass java/lang/reflect/ProxyGenerator$FieldInfo
instanceKlass java/lang/reflect/ProxyGenerator$ConstantPool$Entry
instanceKlass java/lang/reflect/ProxyGenerator$MethodInfo
instanceKlass java/lang/reflect/ProxyGenerator$ProxyMethod
instanceKlass java/lang/reflect/ProxyGenerator$ConstantPool
instanceKlass java/lang/reflect/ProxyGenerator
instanceKlass java/lang/reflect/Proxy$$Lambda$49
instanceKlass java/lang/PublicMethods
instanceKlass java/util/Collections$1
instanceKlass java/lang/reflect/Proxy$ProxyBuilder
instanceKlass java/lang/reflect/Proxy$$Lambda$48
instanceKlass java/lang/reflect/Proxy
instanceKlass sun/reflect/annotation/AnnotationInvocationHandler
instanceKlass sun/reflect/annotation/AnnotationParser$1
instanceKlass sun/reflect/annotation/ExceptionProxy
instanceKlass java/lang/annotation/Inherited
instanceKlass java/lang/annotation/Retention
instanceKlass sun/reflect/annotation/AnnotationType$1
instanceKlass sun/reflect/annotation/AnnotationType
instanceKlass java/lang/reflect/GenericArrayType
instanceKlass sun/reflect/generics/visitor/Reifier
instanceKlass sun/reflect/generics/visitor/TypeTreeVisitor
instanceKlass sun/reflect/generics/factory/CoreReflectionFactory
instanceKlass sun/reflect/generics/factory/GenericsFactory
instanceKlass sun/reflect/generics/scope/AbstractScope
instanceKlass sun/reflect/generics/scope/Scope
instanceKlass com/google/inject/internal/Annotations$TestAnnotation
instanceKlass com/google/inject/internal/Annotations$AnnotationToStringConfig
instanceKlass com/google/common/base/Joiner$MapJoiner
instanceKlass com/google/common/base/Joiner
instanceKlass java/lang/reflect/InvocationHandler
instanceKlass com/google/inject/internal/Annotations
instanceKlass org/eclipse/sisu/Parameters
instanceKlass org/eclipse/sisu/wire/ParameterKeys
instanceKlass com/google/inject/internal/util/StackTraceElements$InMemoryStackTraceElement
instanceKlass com/google/inject/internal/util/StackTraceElements
instanceKlass org/eclipse/sisu/wire/TypeConverterCache
instanceKlass org/eclipse/sisu/inject/DefaultRankingFunction
instanceKlass com/google/inject/internal/Scoping
instanceKlass com/google/inject/internal/InternalFactory
instanceKlass java/lang/StackTraceElement$HashedModules
instanceKlass com/google/inject/internal/InternalFlags$1
instanceKlass com/google/inject/internal/InternalFlags
instanceKlass com/google/inject/spi/InstanceBinding
instanceKlass com/google/inject/spi/ProviderKeyBinding
instanceKlass com/google/inject/spi/ProviderInstanceBinding
instanceKlass com/google/inject/internal/DelayedInitialize
instanceKlass com/google/inject/spi/ConstructorBinding
instanceKlass com/google/inject/spi/HasDependencies
instanceKlass com/google/inject/spi/LinkedKeyBinding
instanceKlass com/google/inject/spi/UntargettedBinding
instanceKlass com/google/inject/internal/BindingImpl
instanceKlass com/google/inject/Key$AnnotationStrategy
instanceKlass org/eclipse/sisu/wire/ElementAnalyzer$1
instanceKlass com/google/inject/util/Modules$EmptyModule
instanceKlass com/google/inject/util/Modules$OverriddenModuleBuilder
instanceKlass com/google/inject/util/Modules
instanceKlass java/util/stream/Nodes$ArrayNode
instanceKlass java/util/stream/Node$Builder
instanceKlass java/util/stream/Node$OfDouble
instanceKlass java/util/stream/Node$OfLong
instanceKlass java/util/stream/Node$OfInt
instanceKlass java/util/stream/Node$OfPrimitive
instanceKlass java/util/stream/Nodes$EmptyNode
instanceKlass java/util/stream/Node
instanceKlass java/util/stream/Nodes
instanceKlass com/google/inject/internal/DeclaredMembers$$Lambda$47
instanceKlass java/util/function/IntFunction
instanceKlass java/util/stream/SortedOps
instanceKlass com/google/common/collect/Ordering
instanceKlass com/google/inject/internal/DeclaredMembers$$Lambda$46
instanceKlass com/google/inject/internal/DeclaredMembers$$Lambda$45
instanceKlass java/util/Comparator$$Lambda$44
instanceKlass java/util/Comparator$$Lambda$43
instanceKlass java/lang/invoke/LambdaForm$DMH
instanceKlass com/google/inject/internal/DeclaredMembers$$Lambda$42
instanceKlass com/google/inject/internal/DeclaredMembers$$Lambda$41
instanceKlass java/util/Comparator$$Lambda$40
instanceKlass com/google/inject/internal/DeclaredMembers$$Lambda$39
instanceKlass com/google/inject/internal/DeclaredMembers
instanceKlass com/google/common/base/ExtraObjectsMethodsForWeb
instanceKlass com/google/common/collect/ImmutableMap$Builder
instanceKlass com/google/inject/internal/MoreTypes
instanceKlass com/google/inject/multibindings/ProvidesIntoOptional
instanceKlass com/google/inject/multibindings/ProvidesIntoMap
instanceKlass com/google/inject/multibindings/ProvidesIntoSet
instanceKlass com/google/inject/Provides
instanceKlass javax/inject/Singleton
instanceKlass com/google/inject/spi/ElementSource
instanceKlass com/google/inject/spi/ScopeBinding
instanceKlass com/google/inject/Scopes$2
instanceKlass com/google/inject/Scopes$1
instanceKlass com/google/inject/internal/SingletonScope
instanceKlass com/google/inject/Scopes
instanceKlass com/google/inject/Singleton
instanceKlass com/google/inject/spi/Elements$ModuleInfo
instanceKlass com/google/inject/PrivateModule
instanceKlass java/util/stream/Collectors$$Lambda$38
instanceKlass java/util/stream/Collectors$$Lambda$37
instanceKlass java/util/stream/Collectors$$Lambda$36
instanceKlass com/google/inject/spi/BindingSourceRestriction$PermitMapConstruction$$Lambda$35
instanceKlass com/google/inject/spi/BindingSourceRestriction$$Lambda$34
instanceKlass com/google/inject/spi/BindingSourceRestriction$$Lambda$33
instanceKlass java/util/stream/Streams$2
instanceKlass java/util/stream/Streams$ConcatSpliterator
instanceKlass sun/reflect/annotation/AnnotatedTypeFactory$AnnotatedTypeBaseImpl
instanceKlass java/lang/reflect/AnnotatedType
instanceKlass sun/reflect/annotation/AnnotatedTypeFactory
instanceKlass sun/reflect/annotation/TypeAnnotation$LocationInfo$Location
instanceKlass sun/reflect/annotation/TypeAnnotation$LocationInfo
instanceKlass sun/reflect/generics/tree/ClassSignature
instanceKlass sun/reflect/generics/tree/Signature
instanceKlass sun/reflect/generics/tree/ClassTypeSignature
instanceKlass sun/reflect/generics/tree/SimpleClassTypeSignature
instanceKlass sun/reflect/generics/tree/FieldTypeSignature
instanceKlass sun/reflect/generics/tree/BaseType
instanceKlass sun/reflect/generics/tree/TypeSignature
instanceKlass sun/reflect/generics/tree/ReturnType
instanceKlass sun/reflect/generics/tree/TypeArgument
instanceKlass sun/reflect/generics/tree/FormalTypeParameter
instanceKlass sun/reflect/generics/tree/TypeTree
instanceKlass sun/reflect/generics/tree/Tree
instanceKlass sun/reflect/generics/parser/SignatureParser
instanceKlass sun/reflect/generics/repository/AbstractRepository
instanceKlass sun/reflect/annotation/TypeAnnotation
instanceKlass sun/reflect/annotation/TypeAnnotationParser
instanceKlass java/lang/Class$AnnotationData
instanceKlass com/google/inject/RestrictedBindingSource
instanceKlass com/google/inject/spi/BindingSourceRestriction
instanceKlass com/google/inject/spi/ModuleSource
instanceKlass com/google/inject/internal/ProviderMethodsModule
instanceKlass com/google/inject/spi/BindingSourceRestriction$PermitMapConstruction$PermitMapImpl
instanceKlass com/google/inject/spi/BindingSourceRestriction$PermitMap
instanceKlass com/google/inject/spi/BindingSourceRestriction$PermitMapConstruction
instanceKlass com/google/inject/internal/AbstractBindingBuilder
instanceKlass com/google/inject/binder/ConstantBindingBuilder
instanceKlass com/google/inject/binder/AnnotatedElementBuilder
instanceKlass com/google/inject/spi/Elements$RecordingBinder
instanceKlass com/google/inject/Binding
instanceKlass com/google/inject/spi/DefaultBindingTargetVisitor
instanceKlass com/google/inject/spi/BindingTargetVisitor
instanceKlass com/google/inject/spi/Elements
instanceKlass com/google/inject/internal/InjectorShell$RootModule
instanceKlass com/google/common/collect/ListMultimap
instanceKlass com/google/inject/internal/InjectorBindingData
instanceKlass java/util/concurrent/atomic/AtomicReferenceArray
instanceKlass java/util/concurrent/Future
instanceKlass java/util/concurrent/ConcurrentLinkedQueue$Node
instanceKlass com/google/common/cache/Weigher
instanceKlass com/google/common/base/Predicate
instanceKlass com/google/common/base/Equivalence
instanceKlass java/util/function/BiPredicate
instanceKlass com/google/common/base/MoreObjects
instanceKlass com/google/common/cache/LocalCache$1
instanceKlass com/google/common/cache/ReferenceEntry
instanceKlass com/google/common/cache/CacheLoader
instanceKlass com/google/common/cache/LocalCache$LocalManualCache
instanceKlass com/google/inject/internal/WeakKeySet$$Lambda$32
instanceKlass com/google/common/cache/RemovalListener
instanceKlass java/util/AbstractMap$SimpleImmutableEntry
instanceKlass com/google/common/cache/LocalCache$ValueReference
instanceKlass com/google/common/cache/CacheBuilder$2
instanceKlass com/google/common/cache/CacheStats
instanceKlass com/google/common/base/Suppliers$SupplierOfInstance
instanceKlass com/google/common/base/Suppliers
instanceKlass com/google/common/cache/CacheBuilder$1
instanceKlass com/google/common/cache/AbstractCache$StatsCounter
instanceKlass com/google/common/cache/LoadingCache
instanceKlass com/google/common/cache/Cache
instanceKlass com/google/common/base/Supplier
instanceKlass com/google/common/cache/CacheBuilder
instanceKlass com/google/inject/internal/WeakKeySet
instanceKlass com/google/common/collect/Sets
instanceKlass com/google/inject/internal/InjectorJitBindingData
instanceKlass com/google/inject/internal/ProcessedBindingData
instanceKlass com/google/inject/spi/DefaultElementVisitor
instanceKlass com/google/inject/internal/InjectorShell$Builder
instanceKlass com/google/common/collect/Lists
instanceKlass com/google/common/collect/AbstractMapEntry
instanceKlass com/google/common/collect/LinkedHashMultimap$ValueSetLink
instanceKlass com/google/common/collect/CollectPreconditions
instanceKlass com/google/common/collect/Platform
instanceKlass com/google/common/collect/Multiset
instanceKlass com/google/common/collect/AbstractMultimap
instanceKlass com/google/common/collect/SetMultimap
instanceKlass com/google/common/base/Converter
instanceKlass com/google/common/collect/Maps$EntryTransformer
instanceKlass com/google/common/collect/BiMap
instanceKlass com/google/common/collect/ImmutableMap
instanceKlass com/google/common/base/Function
instanceKlass com/google/common/collect/SortedMapDifference
instanceKlass com/google/common/collect/MapDifference
instanceKlass com/google/common/collect/Maps
instanceKlass com/google/inject/internal/CycleDetectingLock
instanceKlass com/google/common/collect/Multimap
instanceKlass com/google/inject/internal/CycleDetectingLock$CycleDetectingLockFactory
instanceKlass com/google/inject/internal/Initializable
instanceKlass com/google/inject/internal/Initializer
instanceKlass com/google/common/collect/Hashing
instanceKlass com/google/common/collect/PeekingIterator
instanceKlass com/google/common/collect/UnmodifiableIterator
instanceKlass com/google/common/collect/Iterators
instanceKlass com/google/common/math/IntMath$1
instanceKlass com/google/common/math/MathPreconditions
instanceKlass com/google/common/math/IntMath
instanceKlass com/google/common/collect/ImmutableCollection$Builder
instanceKlass com/google/common/collect/ImmutableSet$SetBuilderImpl
instanceKlass com/google/inject/internal/util/SourceProvider
instanceKlass com/google/inject/spi/ErrorDetail
instanceKlass com/google/inject/internal/Errors
instanceKlass com/google/common/base/CommonPattern
instanceKlass com/google/common/base/Platform$JdkPatternCompiler
instanceKlass com/google/common/base/PatternCompiler
instanceKlass com/google/common/base/Platform
instanceKlass com/google/common/base/Preconditions
instanceKlass java/time/Duration
instanceKlass java/time/temporal/TemporalAmount
instanceKlass java/time/temporal/TemporalUnit
instanceKlass java/util/concurrent/TimeUnit$1
instanceKlass jdk/internal/logger/DefaultLoggerFinder$1
instanceKlass java/util/logging/Logger$SystemLoggerHelper$1
instanceKlass java/util/logging/Logger$SystemLoggerHelper
instanceKlass java/util/logging/LogManager$4
instanceKlass jdk/internal/logger/BootstrapLogger$BootstrapExecutors
instanceKlass jdk/internal/logger/BootstrapLogger$RedirectedLoggers
instanceKlass java/lang/ModuleLayer$$Lambda$31
instanceKlass java/lang/WeakPairMap$Pair$Lookup
instanceKlass java/lang/WeakPairMap$Pair
instanceKlass java/lang/WeakPairMap
instanceKlass java/lang/Module$ReflectionData
instanceKlass java/util/Spliterators$1Adapter
instanceKlass java/util/Spliterators$ArraySpliterator
instanceKlass java/util/Spliterator$OfDouble
instanceKlass java/util/Spliterator$OfLong
instanceKlass java/util/Spliterator$OfInt
instanceKlass java/util/Spliterator$OfPrimitive
instanceKlass java/util/Spliterators$EmptySpliterator
instanceKlass java/util/Spliterators
instanceKlass jdk/internal/logger/BootstrapLogger$DetectBackend$1
instanceKlass jdk/internal/logger/BootstrapLogger$DetectBackend
instanceKlass jdk/internal/logger/BootstrapLogger
instanceKlass sun/util/logging/PlatformLogger$ConfigurableBridge
instanceKlass sun/util/logging/PlatformLogger$Bridge
instanceKlass java/lang/System$Logger
instanceKlass java/util/stream/Streams
instanceKlass java/util/stream/Streams$AbstractStreamBuilderImpl
instanceKlass java/util/stream/Stream$Builder
instanceKlass java/util/stream/Sink$ChainedReference
instanceKlass java/util/stream/FindOps$FindSink$OfRef$$Lambda$30
instanceKlass java/util/stream/FindOps$FindSink$OfRef$$Lambda$29
instanceKlass java/util/stream/FindOps$FindSink$OfRef$$Lambda$28
instanceKlass java/util/stream/FindOps$FindSink$OfRef$$Lambda$27
instanceKlass java/util/stream/FindOps$FindOp
instanceKlass java/util/stream/FindOps$FindSink
instanceKlass java/util/stream/FindOps
instanceKlass java/util/logging/Level$KnownLevel$$Lambda$26
instanceKlass java/util/ArrayList$ArrayListSpliterator
instanceKlass java/util/logging/Level$$Lambda$25
instanceKlass java/util/Hashtable$Enumerator
instanceKlass jdk/internal/util/ArraysSupport
instanceKlass java/util/logging/LogManager$LoggerContext$1
instanceKlass java/util/logging/LogManager$VisitedLoggers
instanceKlass java/util/function/Predicate
instanceKlass java/lang/invoke/LambdaForm$MH
instanceKlass java/lang/invoke/LambdaForm$MH
instanceKlass java/lang/invoke/LambdaForm$MH
instanceKlass java/lang/invoke/MethodHandles$1
instanceKlass java/lang/Long$LongCache
instanceKlass java/lang/invoke/LambdaForm$MH
instanceKlass java/lang/invoke/LambdaForm$MH
instanceKlass java/lang/invoke/LambdaForm$MH
instanceKlass java/lang/invoke/LambdaForm$MH
instanceKlass java/lang/invoke/LambdaForm$MH
instanceKlass java/lang/ClassValue$Version
instanceKlass java/lang/ClassValue$Identity
instanceKlass java/lang/ClassValue
instanceKlass java/lang/invoke/StringConcatFactory$Stringifiers
instanceKlass java/lang/StringConcatHelper
instanceKlass java/lang/invoke/StringConcatFactory$MethodHandleInlineCopyStrategy$2
instanceKlass java/lang/invoke/StringConcatFactory$MethodHandleInlineCopyStrategy$1
instanceKlass java/lang/invoke/StringConcatFactory$MethodHandleInlineCopyStrategy
instanceKlass java/lang/invoke/StringConcatFactory$RecipeElement
instanceKlass java/lang/invoke/StringConcatFactory$Recipe
instanceKlass java/lang/invoke/StringConcatFactory$1
instanceKlass java/lang/invoke/StringConcatFactory
instanceKlass java/util/logging/LogManager$2
instanceKlass java/lang/System$LoggerFinder
instanceKlass java/util/logging/LogManager$LoggingProviderAccess
instanceKlass sun/util/logging/internal/LoggingProviderImpl$LogManagerAccess
instanceKlass java/util/Collections$SynchronizedMap
instanceKlass java/util/logging/LogManager$LogNode
instanceKlass java/util/logging/LogManager$LoggerContext
instanceKlass java/util/logging/LogManager$1
instanceKlass java/util/logging/LogManager
instanceKlass java/util/logging/Logger$ConfigurationData
instanceKlass java/util/logging/Logger$LoggerBundle
instanceKlass java/util/logging/Level
instanceKlass java/util/logging/Handler
instanceKlass java/util/logging/Logger
instanceKlass com/google/common/base/Ticker
instanceKlass com/google/common/base/Stopwatch
instanceKlass com/google/inject/internal/util/ContinuousStopwatch
instanceKlass com/google/inject/Injector
instanceKlass com/google/inject/internal/InternalInjectorCreator
instanceKlass com/google/inject/Guice
instanceKlass org/eclipse/sisu/wire/Wiring
instanceKlass org/eclipse/sisu/wire/WireModule$Strategy$1
instanceKlass org/eclipse/sisu/wire/WireModule$Strategy
instanceKlass org/eclipse/sisu/wire/AbstractTypeConverter
instanceKlass com/google/inject/spi/ElementVisitor
instanceKlass org/eclipse/sisu/wire/WireModule
instanceKlass org/eclipse/sisu/bean/BeanBinder
instanceKlass org/eclipse/sisu/plexus/PlexusBindingModule
instanceKlass org/codehaus/plexus/DefaultPlexusContainer$BootModule
instanceKlass org/codehaus/plexus/component/annotations/Configuration
instanceKlass org/eclipse/sisu/plexus/PlexusAnnotatedMetadata
instanceKlass org/eclipse/sisu/plexus/PlexusBeanMetadata
instanceKlass org/eclipse/sisu/plexus/PlexusAnnotatedBeanModule$PlexusAnnotatedBeanSource
instanceKlass org/eclipse/sisu/space/SpaceModule$Strategy$1
instanceKlass org/eclipse/sisu/space/DefaultClassFinder
instanceKlass org/eclipse/sisu/space/asm/ClassVisitor
instanceKlass org/eclipse/sisu/space/SpaceScanner
instanceKlass org/eclipse/sisu/space/IndexedClassFinder
instanceKlass org/eclipse/sisu/space/ClassFinder
instanceKlass org/eclipse/sisu/space/SpaceModule
instanceKlass org/eclipse/sisu/space/SpaceVisitor
instanceKlass org/eclipse/sisu/plexus/PlexusTypeListener
instanceKlass org/eclipse/sisu/space/QualifiedTypeListener
instanceKlass org/eclipse/sisu/plexus/PlexusAnnotatedBeanModule$1
instanceKlass org/eclipse/sisu/space/SpaceModule$Strategy
instanceKlass org/eclipse/sisu/plexus/PlexusAnnotatedBeanModule
instanceKlass org/eclipse/sisu/plexus/PlexusBeanSource
instanceKlass org/eclipse/sisu/plexus/PlexusXmlBeanModule
instanceKlass org/eclipse/sisu/plexus/PlexusBeanModule
instanceKlass org/eclipse/sisu/space/URLClassSpace
instanceKlass org/codehaus/plexus/DefaultPlexusContainer$SLF4JLoggerFactoryProvider
instanceKlass com/google/inject/util/Providers$ConstantProvider
instanceKlass com/google/inject/util/Providers
instanceKlass org/codehaus/plexus/personality/plexus/lifecycle/phase/Disposable
instanceKlass org/codehaus/plexus/personality/plexus/lifecycle/phase/Startable
instanceKlass org/codehaus/plexus/personality/plexus/lifecycle/phase/Initializable
instanceKlass org/codehaus/plexus/personality/plexus/lifecycle/phase/Contextualizable
instanceKlass org/codehaus/plexus/logging/LogEnabled
instanceKlass org/eclipse/sisu/bean/PropertyBinding
instanceKlass org/eclipse/sisu/bean/LifecycleBuilder
instanceKlass org/eclipse/sisu/bean/BeanScheduler$1
instanceKlass com/google/inject/spi/DefaultBindingScopingVisitor
instanceKlass com/google/inject/spi/BindingScopingVisitor
instanceKlass org/eclipse/sisu/bean/BeanScheduler$CycleActivator
instanceKlass com/google/inject/spi/ModuleAnnotatedMethodScanner
instanceKlass com/google/inject/binder/AnnotatedConstantBindingBuilder
instanceKlass com/google/inject/spi/Message
instanceKlass com/google/inject/spi/Element
instanceKlass com/google/inject/MembersInjector
instanceKlass com/google/inject/spi/TypeListener
instanceKlass org/aopalliance/intercept/MethodInterceptor
instanceKlass org/aopalliance/intercept/Interceptor
instanceKlass org/aopalliance/aop/Advice
instanceKlass com/google/inject/Scope
instanceKlass com/google/inject/PrivateBinder
instanceKlass com/google/inject/spi/Dependency
instanceKlass com/google/inject/Key
instanceKlass com/google/inject/binder/AnnotatedBindingBuilder
instanceKlass com/google/inject/binder/LinkedBindingBuilder
instanceKlass com/google/inject/binder/ScopedBindingBuilder
instanceKlass com/google/inject/TypeLiteral
instanceKlass com/google/inject/spi/ProvisionListener
instanceKlass com/google/inject/Binder
instanceKlass org/eclipse/sisu/bean/BeanScheduler
instanceKlass org/eclipse/sisu/plexus/DefaultPlexusBeanLocator
instanceKlass org/eclipse/sisu/inject/MildKeys
instanceKlass org/eclipse/sisu/plexus/ClassRealmManager
instanceKlass org/codehaus/plexus/context/ContextMapAdapter
instanceKlass org/codehaus/plexus/context/DefaultContext
instanceKlass org/codehaus/plexus/logging/AbstractLogger
instanceKlass org/codehaus/plexus/logging/AbstractLoggerManager
instanceKlass java/util/Date
instanceKlass java/text/DigitList
instanceKlass java/text/FieldPosition
instanceKlass sun/util/locale/provider/JRELocaleProviderAdapter$$Lambda$24
instanceKlass java/text/DecimalFormatSymbols
instanceKlass sun/util/locale/provider/JRELocaleProviderAdapter$$Lambda$23
instanceKlass sun/util/locale/provider/JRELocaleProviderAdapter$$Lambda$22
instanceKlass java/text/DateFormatSymbols
instanceKlass sun/util/calendar/CalendarUtils
instanceKlass sun/util/calendar/CalendarDate
instanceKlass sun/util/resources/Bundles$CacheKeyReference
instanceKlass java/util/ResourceBundle$ResourceBundleProviderHelper$$Lambda$21
instanceKlass java/util/ResourceBundle$ResourceBundleProviderHelper
instanceKlass sun/util/resources/Bundles$CacheKey
instanceKlass java/util/ResourceBundle$1
instanceKlass jdk/internal/access/JavaUtilResourceBundleAccess
instanceKlass sun/util/resources/Bundles
instanceKlass sun/util/resources/LocaleData$LocaleDataStrategy
instanceKlass sun/util/resources/Bundles$Strategy
instanceKlass sun/util/resources/LocaleData$1
instanceKlass sun/util/cldr/CLDRLocaleProviderAdapter$$Lambda$20
instanceKlass sun/util/locale/provider/CalendarDataUtility$CalendarWeekParameterGetter
instanceKlass sun/util/locale/provider/LocaleServiceProviderPool$LocalizedObjectGetter
instanceKlass sun/util/locale/provider/LocaleServiceProviderPool
instanceKlass sun/util/locale/provider/CalendarDataUtility
instanceKlass sun/util/calendar/CalendarSystem$GregorianHolder
instanceKlass sun/util/calendar/CalendarSystem
instanceKlass java/util/Calendar$Builder
instanceKlass java/util/StringTokenizer
instanceKlass sun/util/locale/provider/AvailableLanguageTags
instanceKlass sun/util/locale/provider/JRELocaleProviderAdapter$$Lambda$19
instanceKlass java/util/ServiceLoader$ProviderImpl
instanceKlass java/util/ServiceLoader$Provider
instanceKlass java/util/ServiceLoader$1
instanceKlass sun/util/resources/cldr/provider/CLDRLocaleDataMetaInfo
instanceKlass jdk/internal/module/ModulePatcher$PatchedModuleReader
instanceKlass java/util/ServiceLoader$3
instanceKlass java/util/ServiceLoader$2
instanceKlass java/util/ServiceLoader$LazyClassPathLookupIterator
instanceKlass java/util/concurrent/CopyOnWriteArrayList$COWIterator
instanceKlass jdk/internal/loader/AbstractClassLoaderValue$Memoizer
instanceKlass java/util/ServiceLoader$ModuleServicesLookupIterator
instanceKlass java/util/ServiceLoader
instanceKlass sun/util/cldr/CLDRLocaleProviderAdapter$1
instanceKlass sun/util/locale/StringTokenIterator
instanceKlass sun/util/locale/ParseStatus
instanceKlass sun/util/cldr/CLDRBaseLocaleDataMetaInfo
instanceKlass sun/util/locale/provider/LocaleDataMetaInfo
instanceKlass sun/util/locale/provider/LocaleProviderAdapter$1
instanceKlass java/util/ResourceBundle
instanceKlass java/util/ResourceBundle$Control
instanceKlass sun/util/resources/LocaleData
instanceKlass sun/util/locale/provider/LocaleResources
instanceKlass sun/util/locale/LanguageTag
instanceKlass sun/util/locale/provider/ResourceBundleBasedAdapter
instanceKlass sun/util/locale/provider/LocaleProviderAdapter
instanceKlass java/util/spi/LocaleServiceProvider
instanceKlass sun/util/calendar/ZoneInfoFile$ZoneOffsetTransitionRule
instanceKlass sun/util/calendar/ZoneInfoFile$1
instanceKlass sun/util/calendar/ZoneInfoFile
instanceKlass java/util/TimeZone
instanceKlass java/util/Calendar
instanceKlass java/text/AttributedCharacterIterator$Attribute
instanceKlass com/google/inject/matcher/AbstractMatcher
instanceKlass com/google/inject/matcher/Matcher
instanceKlass com/google/inject/spi/TypeConverter
instanceKlass org/codehaus/plexus/DefaultPlexusContainer$LoggerProvider
instanceKlass org/codehaus/plexus/DefaultPlexusContainer$DefaultsModule
instanceKlass org/codehaus/plexus/DefaultPlexusContainer$ContainerModule
instanceKlass org/eclipse/sisu/inject/ImplicitBindings
instanceKlass org/eclipse/sisu/inject/MildValues$InverseMapping
instanceKlass org/eclipse/sisu/inject/MildValues
instanceKlass org/eclipse/sisu/inject/Weak
instanceKlass java/util/concurrent/atomic/AtomicReference
instanceKlass org/eclipse/sisu/inject/BindingPublisher
instanceKlass org/eclipse/sisu/inject/RankingFunction
instanceKlass org/eclipse/sisu/inject/BindingSubscriber
instanceKlass org/eclipse/sisu/inject/DefaultBeanLocator
instanceKlass org/eclipse/sisu/inject/DeferredClass
instanceKlass org/codehaus/plexus/DefaultPlexusContainer$LoggerManagerProvider
instanceKlass org/eclipse/sisu/inject/DeferredProvider
instanceKlass com/google/inject/Provider
instanceKlass com/google/inject/AbstractModule
instanceKlass org/codehaus/plexus/context/Context
instanceKlass org/eclipse/sisu/space/ClassSpace
instanceKlass javax/inject/Provider
instanceKlass org/eclipse/sisu/bean/BeanManager
instanceKlass org/eclipse/sisu/plexus/PlexusBeanLocator
instanceKlass org/codehaus/plexus/classworlds/ClassWorldListener
instanceKlass com/google/inject/Module
instanceKlass org/eclipse/sisu/inject/MutableBeanLocator
instanceKlass org/eclipse/sisu/inject/BeanLocator
instanceKlass org/codehaus/plexus/DefaultPlexusContainer
instanceKlass org/codehaus/plexus/MutablePlexusContainer
instanceKlass java/util/stream/ReduceOps$Box
instanceKlass java/util/stream/ReduceOps$AccumulatingSink
instanceKlass java/util/stream/TerminalSink
instanceKlass java/util/stream/Sink
instanceKlass java/util/function/Consumer
instanceKlass java/util/stream/ReduceOps$ReduceOp
instanceKlass java/util/stream/TerminalOp
instanceKlass java/util/stream/ReduceOps
instanceKlass java/util/function/Function$$Lambda$18
instanceKlass java/lang/invoke/LambdaForm$DMH
instanceKlass org/apache/maven/extension/internal/CoreExports$$Lambda$17
instanceKlass java/util/stream/Collectors$$Lambda$16
instanceKlass java/util/stream/Collectors$$Lambda$15
instanceKlass java/util/function/BinaryOperator
instanceKlass java/util/stream/Collectors$$Lambda$14
instanceKlass java/util/function/BiConsumer
instanceKlass java/lang/invoke/LambdaForm$DMH
instanceKlass java/util/stream/Collectors$$Lambda$13
instanceKlass java/util/stream/Collectors$CollectorImpl
instanceKlass java/util/stream/Collector
instanceKlass java/util/stream/Collectors
instanceKlass org/apache/maven/extension/internal/CoreExports$$Lambda$12
instanceKlass sun/invoke/util/VerifyAccess$1
instanceKlass java/util/function/Function$$Lambda$11
instanceKlass sun/reflect/annotation/AnnotationParser
instanceKlass java/lang/Class$3
instanceKlass java/util/EnumMap$1
instanceKlass java/util/stream/StreamOpFlag$MaskBuilder
instanceKlass java/util/stream/PipelineHelper
instanceKlass java/util/stream/Stream
instanceKlass java/util/stream/BaseStream
instanceKlass java/util/stream/StreamSupport
instanceKlass java/util/HashMap$HashMapSpliterator
instanceKlass java/util/Spliterator
instanceKlass org/apache/maven/extension/internal/CoreExports
instanceKlass org/codehaus/plexus/DefaultContainerConfiguration
instanceKlass org/codehaus/plexus/ContainerConfiguration
instanceKlass org/codehaus/plexus/util/BaseIOUtil
instanceKlass org/codehaus/plexus/util/xml/XMLWriter
instanceKlass org/codehaus/plexus/util/xml/Xpp3Dom
instanceKlass org/codehaus/plexus/util/xml/pull/MXParser
instanceKlass org/codehaus/plexus/util/xml/pull/XmlPullParser
instanceKlass org/codehaus/plexus/util/xml/Xpp3DomBuilder
instanceKlass java/util/regex/ASCII
instanceKlass java/util/Locale$1
instanceKlass java/util/regex/CharPredicates$$Lambda$10
instanceKlass java/util/regex/Pattern$$Lambda$9
instanceKlass java/util/regex/Pattern$CharPredicate$$Lambda$8
instanceKlass org/codehaus/plexus/util/ReaderFactory
instanceKlass org/apache/maven/project/ExtensionDescriptor
instanceKlass org/apache/maven/project/ExtensionDescriptorBuilder
instanceKlass org/apache/maven/extension/internal/CoreExtensionEntry
instanceKlass org/codehaus/plexus/util/StringUtils
instanceKlass org/codehaus/plexus/logging/Logger
instanceKlass org/apache/maven/cli/logging/Slf4jLoggerManager
instanceKlass org/slf4j/impl/MavenSlf4jSimpleFriend
instanceKlass org/slf4j/MavenSlf4jFriend
instanceKlass org/apache/maven/cli/logging/BaseSlf4jConfiguration
instanceKlass org/codehaus/plexus/util/PropertyUtils
instanceKlass org/apache/maven/cli/logging/Slf4jConfiguration
instanceKlass org/apache/maven/cli/logging/Slf4jConfigurationFactory
instanceKlass java/lang/invoke/VarHandle$AccessDescriptor
instanceKlass org/slf4j/impl/OutputChoice
instanceKlass sun/net/DefaultProgressMeteringPolicy
instanceKlass sun/net/ProgressMeteringPolicy
instanceKlass sun/net/ProgressMonitor
instanceKlass org/slf4j/impl/SimpleLoggerConfiguration$1
instanceKlass java/text/Format
instanceKlass org/slf4j/impl/SimpleLoggerConfiguration
instanceKlass org/slf4j/helpers/NamedLoggerBase
instanceKlass org/slf4j/impl/SimpleLoggerFactory
instanceKlass org/slf4j/impl/StaticLoggerBinder
instanceKlass org/slf4j/spi/LoggerFactoryBinder
instanceKlass java/util/Collections$3
instanceKlass java/net/URLClassLoader$3$1
instanceKlass java/net/URLClassLoader$3
instanceKlass jdk/internal/loader/URLClassPath$1
instanceKlass java/lang/CompoundEnumeration
instanceKlass jdk/internal/loader/BuiltinClassLoader$1
instanceKlass java/util/Collections$EmptyEnumeration
instanceKlass java/util/Collections$EmptyIterator
instanceKlass org/slf4j/helpers/Util
instanceKlass org/slf4j/helpers/NOPLoggerFactory
instanceKlass java/util/concurrent/LinkedBlockingQueue$Node
instanceKlass java/util/concurrent/locks/AbstractQueuedSynchronizer$ConditionObject
instanceKlass java/util/concurrent/locks/Condition
instanceKlass java/util/concurrent/locks/AbstractQueuedSynchronizer$Node
instanceKlass java/util/concurrent/BlockingQueue
instanceKlass org/slf4j/helpers/SubstituteLoggerFactory
instanceKlass org/slf4j/ILoggerFactory
instanceKlass org/slf4j/event/LoggingEvent
instanceKlass org/slf4j/LoggerFactory
instanceKlass org/apache/commons/lang3/StringUtils
instanceKlass org/apache/maven/cli/CLIReportingUtils
instanceKlass org/apache/maven/properties/internal/SystemProperties
instanceKlass java/util/Collections$UnmodifiableMap$UnmodifiableEntrySet$UnmodifiableEntry
instanceKlass java/util/Collections$UnmodifiableMap$UnmodifiableEntrySet$1
instanceKlass org/codehaus/plexus/util/Os
instanceKlass org/apache/maven/properties/internal/EnvironmentUtils
instanceKlass java/util/LinkedList$Node
instanceKlass java/util/AbstractList$Itr
instanceKlass org/apache/commons/cli/Util
instanceKlass org/apache/commons/cli/CommandLine
instanceKlass java/util/LinkedHashMap$LinkedHashIterator
instanceKlass org/apache/commons/cli/Parser
instanceKlass org/apache/maven/cli/CleanArgument
instanceKlass org/apache/commons/cli/OptionValidator
instanceKlass org/apache/commons/cli/Option$Builder
instanceKlass org/apache/commons/cli/Option
instanceKlass org/apache/commons/cli/Options
instanceKlass org/apache/commons/cli/CommandLineParser
instanceKlass org/apache/maven/cli/CLIManager
instanceKlass org/apache/maven/cli/logging/Slf4jStdoutLogger
instanceKlass org/eclipse/aether/DefaultRepositoryCache
instanceKlass org/apache/maven/project/ProjectBuildingRequest
instanceKlass org/eclipse/aether/RepositoryCache
instanceKlass org/apache/maven/execution/DefaultMavenExecutionRequest
instanceKlass org/apache/maven/execution/MavenExecutionRequest
instanceKlass java/lang/Shutdown$Lock
instanceKlass java/lang/Shutdown
instanceKlass java/lang/ApplicationShutdownHooks$1
instanceKlass java/lang/ApplicationShutdownHooks
instanceKlass org/fusesource/jansi/io/AnsiOutputStream$ZeroWidthSupplier
instanceKlass java/lang/ClassLoader$NativeLibrary$Unloader
instanceKlass org/fusesource/jansi/internal/OSInfo
instanceKlass java/util/regex/IntHashSet
instanceKlass java/util/regex/Matcher
instanceKlass java/util/regex/MatchResult
instanceKlass sun/net/www/protocol/jar/URLJarFileCallBack
instanceKlass sun/net/www/protocol/jar/JarFileFactory
instanceKlass sun/net/www/protocol/jar/URLJarFile$URLJarFileCloseController
instanceKlass java/net/URLClassLoader$2
instanceKlass jdk/internal/jimage/ImageLocation
instanceKlass jdk/internal/jimage/decompressor/Decompressor
instanceKlass jdk/internal/jimage/ImageStringsReader
instanceKlass jdk/internal/jimage/ImageStrings
instanceKlass jdk/internal/jimage/ImageHeader
instanceKlass jdk/internal/jimage/NativeImageBuffer$1
instanceKlass jdk/internal/jimage/NativeImageBuffer
instanceKlass jdk/internal/jimage/BasicImageReader$1
instanceKlass jdk/internal/jimage/BasicImageReader
instanceKlass jdk/internal/jimage/ImageReader
instanceKlass jdk/internal/jimage/ImageReaderFactory$1
instanceKlass java/nio/file/FileSystems$DefaultFileSystemHolder$1
instanceKlass java/nio/file/FileSystems$DefaultFileSystemHolder
instanceKlass java/nio/file/FileSystems
instanceKlass java/nio/file/Paths
instanceKlass jdk/internal/jimage/ImageReaderFactory
instanceKlass jdk/internal/module/SystemModuleFinders$SystemImage
instanceKlass jdk/internal/module/SystemModuleFinders$SystemModuleReader
instanceKlass java/lang/module/ModuleReader
instanceKlass jdk/internal/loader/BuiltinClassLoader$5
instanceKlass jdk/internal/loader/BuiltinClassLoader$2
instanceKlass jdk/internal/module/Resources
instanceKlass org/fusesource/jansi/internal/JansiLoader$1
instanceKlass org/fusesource/jansi/internal/JansiLoader
instanceKlass org/fusesource/jansi/internal/CLibrary
instanceKlass java/util/TreeMap$Entry
instanceKlass java/lang/ProcessEnvironment$CheckedEntry
instanceKlass java/lang/ProcessEnvironment$CheckedEntrySet$1
instanceKlass java/lang/ProcessEnvironment$EntryComparator
instanceKlass java/lang/ProcessEnvironment$NameComparator
instanceKlass org/fusesource/jansi/io/AnsiProcessor
instanceKlass org/fusesource/jansi/io/AnsiOutputStream$IoRunnable
instanceKlass org/fusesource/jansi/io/AnsiOutputStream$WidthSupplier
instanceKlass org/fusesource/jansi/AnsiConsole
instanceKlass org/fusesource/jansi/Ansi$1
instanceKlass java/util/concurrent/Callable
instanceKlass org/fusesource/jansi/Ansi
instanceKlass org/apache/maven/shared/utils/logging/MessageBuilder
instanceKlass org/apache/maven/shared/utils/logging/MessageUtils
instanceKlass java/util/regex/Pattern$CharPredicate$$Lambda$7
instanceKlass java/lang/invoke/LambdaForm$DMH
instanceKlass sun/reflect/misc/ReflectUtil
instanceKlass java/util/regex/Pattern$$Lambda$6
instanceKlass java/util/regex/Pattern$BmpCharPredicate$$Lambda$5
instanceKlass java/lang/invoke/LambdaForm$MH
instanceKlass java/lang/invoke/InvokerBytecodeGenerator$CpPatch
instanceKlass java/lang/invoke/LambdaFormBuffer
instanceKlass java/lang/invoke/LambdaFormEditor
instanceKlass java/lang/invoke/DelegatingMethodHandle$Holder
instanceKlass sun/invoke/util/Wrapper$1
instanceKlass java/lang/invoke/DirectMethodHandle$1
instanceKlass sun/invoke/empty/Empty
instanceKlass sun/invoke/util/VerifyType
instanceKlass java/lang/invoke/ClassSpecializer$Factory
instanceKlass java/lang/invoke/ClassSpecializer$SpeciesData
instanceKlass java/lang/invoke/ClassSpecializer$1
instanceKlass java/lang/invoke/ClassSpecializer
instanceKlass java/lang/invoke/InnerClassLambdaMetafactory$1
instanceKlass java/util/regex/CharPredicates$$Lambda$4
instanceKlass java/util/regex/CharPredicates
instanceKlass java/util/regex/Pattern$$Lambda$3
instanceKlass java/util/regex/Pattern$BitClass$$Lambda$2
instanceKlass java/util/regex/Pattern$TreeInfo
instanceKlass java/util/regex/Pattern$$Lambda$1
instanceKlass jdk/internal/org/objectweb/asm/AnnotationVisitor
instanceKlass jdk/internal/org/objectweb/asm/Frame
instanceKlass jdk/internal/org/objectweb/asm/Label
instanceKlass jdk/internal/org/objectweb/asm/MethodVisitor
instanceKlass jdk/internal/org/objectweb/asm/FieldVisitor
instanceKlass jdk/internal/org/objectweb/asm/Item
instanceKlass jdk/internal/org/objectweb/asm/ByteVector
instanceKlass jdk/internal/org/objectweb/asm/ClassVisitor
instanceKlass sun/invoke/util/BytecodeDescriptor
instanceKlass java/lang/invoke/InfoFromMemberName
instanceKlass java/lang/invoke/MethodHandleInfo
instanceKlass jdk/internal/org/objectweb/asm/Type
instanceKlass java/lang/invoke/AbstractValidatingLambdaMetafactory
instanceKlass java/lang/invoke/MethodHandleImpl$1
instanceKlass jdk/internal/access/JavaLangInvokeAccess
instanceKlass java/lang/invoke/Invokers$Holder
instanceKlass java/lang/invoke/BootstrapMethodInvoker
instanceKlass java/util/regex/Pattern$BmpCharPredicate
instanceKlass java/util/regex/Pattern$CharPredicate
instanceKlass java/lang/invoke/InvokerBytecodeGenerator$2
instanceKlass java/lang/invoke/InvokerBytecodeGenerator
instanceKlass java/lang/invoke/LambdaForm$Holder
instanceKlass java/lang/invoke/LambdaForm$Name
instanceKlass java/lang/invoke/Invokers
instanceKlass java/lang/invoke/MethodHandleImpl
instanceKlass sun/invoke/util/ValueConversions
instanceKlass java/lang/invoke/DirectMethodHandle$Holder
instanceKlass java/lang/invoke/LambdaForm$NamedFunction
instanceKlass java/lang/invoke/LambdaMetafactory
instanceKlass java/util/regex/Pattern$Node
instanceKlass java/util/regex/Pattern
instanceKlass org/apache/maven/cli/CliRequest
instanceKlass org/apache/maven/execution/ExecutionListener
instanceKlass org/apache/maven/eventspy/EventSpy$Context
instanceKlass org/codehaus/plexus/PlexusContainer
instanceKlass org/apache/maven/toolchain/building/ToolchainsBuildingRequest
instanceKlass org/apache/maven/building/Source
instanceKlass org/slf4j/Logger
instanceKlass org/codehaus/plexus/logging/LoggerManager
instanceKlass org/eclipse/aether/transfer/TransferListener
instanceKlass org/apache/maven/exception/ExceptionHandler
instanceKlass org/apache/maven/cli/MavenCli
instanceKlass java/io/FilePermissionCollection$1
instanceKlass java/security/Security$2
instanceKlass jdk/internal/access/JavaSecurityPropertiesAccess
instanceKlass java/util/Properties$LineReader
instanceKlass java/security/Security$1
instanceKlass java/security/Security
instanceKlass sun/security/util/SecurityProperties
instanceKlass sun/security/util/FilePermCompat
instanceKlass java/io/FilePermission$1
instanceKlass jdk/internal/access/JavaIOFilePermissionAccess
instanceKlass sun/net/www/MessageHeader
instanceKlass java/net/URLConnection
instanceKlass java/net/URLClassLoader$1
instanceKlass java/util/TreeMap$PrivateEntryIterator
instanceKlass java/util/TimSort
instanceKlass sun/security/action/GetBooleanAction
instanceKlass java/util/Arrays$LegacyMergeSort
instanceKlass org/codehaus/plexus/classworlds/launcher/Configurator$1
instanceKlass java/io/FileInputStream$1
instanceKlass org/codehaus/plexus/classworlds/launcher/ConfigurationParser$1
instanceKlass java/net/URI$Parser
instanceKlass org/codehaus/plexus/classworlds/strategy/AbstractStrategy
instanceKlass org/codehaus/plexus/classworlds/strategy/Strategy
instanceKlass org/codehaus/plexus/classworlds/strategy/StrategyFactory
instanceKlass java/util/NavigableMap
instanceKlass java/util/SortedMap
instanceKlass java/util/NavigableSet
instanceKlass java/net/URLClassLoader$7
instanceKlass jdk/internal/access/JavaNetURLClassLoaderAccess
instanceKlass java/util/SortedSet
instanceKlass java/io/FilenameFilter
instanceKlass java/io/Reader
instanceKlass org/codehaus/plexus/classworlds/launcher/ConfigurationParser
instanceKlass org/codehaus/plexus/classworlds/launcher/Configurator
instanceKlass org/codehaus/plexus/classworlds/launcher/ConfigurationHandler
instanceKlass java/lang/PublicMethods$Key
instanceKlass java/lang/PublicMethods$MethodList
instanceKlass org/codehaus/plexus/classworlds/ClassWorld
instanceKlass org/codehaus/plexus/classworlds/launcher/Launcher
instanceKlass java/security/SecureClassLoader$DebugHolder
instanceKlass java/security/Permissions$1
instanceKlass java/security/PermissionCollection
instanceKlass java/security/SecureClassLoader$1
instanceKlass java/security/SecureClassLoader$CodeSourceKey
instanceKlass java/util/zip/Checksum$1
instanceKlass java/util/zip/CRC32
instanceKlass java/util/zip/Checksum
instanceKlass sun/nio/ByteBuffered
instanceKlass java/lang/Package$VersionInfo
instanceKlass java/lang/NamedPackage
instanceKlass java/util/jar/Attributes$Name
instanceKlass java/util/jar/Attributes
instanceKlass jdk/internal/loader/Resource
instanceKlass sun/security/action/GetIntegerAction
instanceKlass sun/security/util/Debug
instanceKlass sun/security/util/SignatureFileVerifier
instanceKlass java/util/zip/ZipFile$InflaterCleanupAction
instanceKlass java/util/zip/Inflater$InflaterZStreamRef
instanceKlass java/util/zip/Inflater
instanceKlass java/util/zip/ZipEntry
instanceKlass java/util/jar/JarFile$1
instanceKlass jdk/internal/util/jar/JarIndex
instanceKlass java/nio/Bits$1
instanceKlass jdk/internal/access/JavaNioAccess$BufferPool
instanceKlass java/nio/Bits
instanceKlass sun/nio/ch/DirectBuffer
instanceKlass jdk/internal/perf/PerfCounter$CoreCounters
instanceKlass jdk/internal/perf/Perf
instanceKlass jdk/internal/perf/Perf$GetPerfAction
instanceKlass jdk/internal/perf/PerfCounter
instanceKlass java/util/zip/ZipUtils
instanceKlass java/util/zip/ZipFile$Source$End
instanceKlass sun/invoke/util/Wrapper$Format
instanceKlass java/lang/invoke/MethodTypeForm
instanceKlass java/lang/invoke/MethodType$ConcurrentWeakInternSet
instanceKlass java/lang/Void
instanceKlass java/lang/invoke/VarForm
instanceKlass java/lang/invoke/VarHandleGuards
instanceKlass jdk/internal/util/Preconditions$1
instanceKlass java/util/function/BiFunction
instanceKlass java/lang/invoke/VarHandle$1
instanceKlass java/lang/invoke/VarHandles
instanceKlass sun/invoke/util/VerifyAccess
instanceKlass java/lang/invoke/MethodHandles$Lookup
instanceKlass java/security/Permission
instanceKlass java/security/Guard
instanceKlass java/lang/invoke/MemberName$Factory
instanceKlass java/lang/invoke/MethodHandles
instanceKlass java/util/concurrent/atomic/AtomicBoolean
instanceKlass java/io/RandomAccessFile$2
instanceKlass jdk/internal/access/JavaIORandomAccessFileAccess
instanceKlass java/io/RandomAccessFile
instanceKlass java/io/DataInput
instanceKlass java/io/DataOutput
instanceKlass java/nio/file/attribute/FileTime
instanceKlass sun/nio/fs/WindowsNativeDispatcher$CompletionStatus
instanceKlass sun/nio/fs/WindowsNativeDispatcher$AclInformation
instanceKlass sun/nio/fs/WindowsNativeDispatcher$Account
instanceKlass sun/nio/fs/WindowsNativeDispatcher$DiskFreeSpace
instanceKlass sun/nio/fs/WindowsNativeDispatcher$VolumeInformation
instanceKlass sun/nio/fs/WindowsNativeDispatcher$FirstStream
instanceKlass sun/nio/fs/WindowsNativeDispatcher$FirstFile
instanceKlass java/util/Enumeration
instanceKlass java/util/ArrayDeque$DeqIterator
instanceKlass java/lang/ClassLoaderHelper
instanceKlass java/lang/ClassLoader$NativeLibrary
instanceKlass java/lang/ClassLoader$2
instanceKlass sun/nio/fs/WindowsNativeDispatcher$1
instanceKlass sun/nio/fs/WindowsNativeDispatcher
instanceKlass sun/nio/fs/NativeBuffer$Deallocator
instanceKlass sun/nio/fs/NativeBuffer
instanceKlass sun/nio/fs/NativeBuffers
instanceKlass sun/nio/fs/WindowsFileAttributes
instanceKlass java/nio/file/attribute/DosFileAttributes
instanceKlass sun/nio/fs/AbstractBasicFileAttributeView
instanceKlass sun/nio/fs/DynamicFileAttributeView
instanceKlass sun/nio/fs/WindowsFileAttributeViews
instanceKlass sun/nio/fs/Util
instanceKlass java/nio/file/attribute/BasicFileAttributeView
instanceKlass java/nio/file/attribute/FileAttributeView
instanceKlass java/nio/file/attribute/AttributeView
instanceKlass java/nio/file/Files
instanceKlass java/nio/file/CopyOption
instanceKlass java/nio/file/attribute/BasicFileAttributes
instanceKlass sun/nio/fs/WindowsPath
instanceKlass java/nio/file/Path
instanceKlass java/nio/file/Watchable
instanceKlass java/util/zip/ZipFile$Source$Key
instanceKlass sun/nio/fs/WindowsPathParser$Result
instanceKlass sun/nio/fs/WindowsPathParser
instanceKlass java/util/Arrays$ArrayItr
instanceKlass java/nio/file/FileSystem
instanceKlass java/nio/file/OpenOption
instanceKlass java/nio/file/spi/FileSystemProvider
instanceKlass sun/nio/fs/DefaultFileSystemProvider
instanceKlass java/util/zip/ZipFile$Source
instanceKlass jdk/internal/misc/InnocuousThread$2
instanceKlass jdk/internal/misc/InnocuousThread$3
instanceKlass jdk/internal/ref/CleanerFactory$1$1
instanceKlass java/lang/ref/Cleaner$Cleanable
instanceKlass jdk/internal/ref/CleanerImpl
instanceKlass java/lang/ref/Cleaner$1
instanceKlass java/lang/ref/Cleaner
instanceKlass jdk/internal/ref/CleanerFactory$1
instanceKlass java/util/concurrent/ThreadFactory
instanceKlass jdk/internal/ref/CleanerFactory
instanceKlass java/util/zip/ZipFile$CleanableResource
instanceKlass java/util/zip/ZipCoder
instanceKlass java/lang/Runtime$Version
instanceKlass java/util/jar/JavaUtilJarAccessImpl
instanceKlass jdk/internal/access/JavaUtilJarAccess
instanceKlass jdk/internal/loader/FileURLMapper
instanceKlass jdk/internal/loader/URLClassPath$JarLoader$1
instanceKlass java/util/zip/ZipFile$1
instanceKlass jdk/internal/access/JavaUtilZipFileAccess
instanceKlass java/util/zip/ZipFile
instanceKlass java/util/zip/ZipConstants
instanceKlass jdk/internal/loader/URLClassPath$Loader
instanceKlass jdk/internal/loader/URLClassPath$3
instanceKlass java/security/PrivilegedExceptionAction
instanceKlass sun/net/util/URLUtil
instanceKlass sun/launcher/LauncherHelper
instanceKlass jdk/internal/vm/PostVMInitHook$1
instanceKlass java/lang/StringCoding$StringEncoder
instanceKlass jdk/internal/util/EnvUtils
instanceKlass jdk/internal/vm/PostVMInitHook$2
instanceKlass sun/util/locale/InternalLocaleBuilder$CaseInsensitiveChar
instanceKlass sun/util/locale/InternalLocaleBuilder
instanceKlass sun/util/locale/LocaleUtils
instanceKlass sun/util/locale/BaseLocale$Key
instanceKlass sun/util/locale/BaseLocale
instanceKlass sun/util/locale/LocaleObjectCache
instanceKlass java/util/Locale
instanceKlass jdk/internal/vm/PostVMInitHook
instanceKlass jdk/internal/module/IllegalAccessLogger
instanceKlass jdk/internal/module/ModuleBootstrap$2
instanceKlass jdk/internal/module/IllegalAccessLogger$Builder
instanceKlass java/lang/ModuleLayer$Controller
instanceKlass java/util/HashMap$HashIterator
instanceKlass jdk/internal/module/ServicesCatalog$ServiceProvider
instanceKlass java/util/concurrent/CopyOnWriteArrayList
instanceKlass java/util/Collections$UnmodifiableCollection$1
instanceKlass java/util/Collections$UnmodifiableCollection
instanceKlass java/util/ArrayList$Itr
instanceKlass java/util/ImmutableCollections$ListItr
instanceKlass java/util/ListIterator
instanceKlass java/lang/ModuleLayer
instanceKlass jdk/internal/module/ModuleLoaderMap$Mapper
instanceKlass java/util/function/Function
instanceKlass jdk/internal/module/ModuleLoaderMap
instanceKlass java/util/ImmutableCollections$Set12$1
instanceKlass java/util/ImmutableCollections$MapN$MapNIterator
instanceKlass java/util/AbstractMap$1$1
instanceKlass java/lang/module/ResolvedModule
instanceKlass java/lang/module/Configuration
instanceKlass java/util/ImmutableCollections$SetN$SetNIterator
instanceKlass jdk/internal/loader/BuiltinClassLoader$LoadedModule
instanceKlass jdk/internal/util/Preconditions
instanceKlass java/util/Deque
instanceKlass java/util/Queue
instanceKlass sun/net/util/IPAddressUtil
instanceKlass java/net/URLStreamHandler
instanceKlass sun/net/www/ParseUtil
instanceKlass java/io/ExpiringCache$Entry
instanceKlass java/net/URL$3
instanceKlass jdk/internal/access/JavaNetURLAccess
instanceKlass java/net/URL$DefaultFactory
instanceKlass java/net/URLStreamHandlerFactory
instanceKlass jdk/internal/loader/URLClassPath
instanceKlass java/security/Principal
instanceKlass java/security/ProtectionDomain$Key
instanceKlass java/security/ProtectionDomain$JavaSecurityAccessImpl
instanceKlass jdk/internal/access/JavaSecurityAccess
instanceKlass java/lang/ClassLoader$ParallelLoaders
instanceKlass jdk/internal/loader/AbstractClassLoaderValue
instanceKlass jdk/internal/module/ServicesCatalog
instanceKlass jdk/internal/loader/BootLoader
instanceKlass java/util/Optional
instanceKlass jdk/internal/module/ModuleBootstrap$Counters
instanceKlass jdk/internal/module/SystemModuleFinders$SystemModuleFinder
instanceKlass java/lang/module/ModuleFinder
instanceKlass jdk/internal/module/SystemModuleFinders$3
instanceKlass jdk/internal/module/ModuleHashes$HashSupplier
instanceKlass java/util/KeyValueHolder
instanceKlass jdk/internal/module/SystemModuleFinders$2
instanceKlass java/util/function/Supplier
instanceKlass java/lang/module/ModuleReference
instanceKlass jdk/internal/module/ModuleResolution
instanceKlass java/util/Collections$UnmodifiableMap
instanceKlass jdk/internal/module/ModuleHashes$Builder
instanceKlass jdk/internal/module/ModuleHashes
instanceKlass jdk/internal/module/ModuleTarget
instanceKlass java/lang/Enum
instanceKlass java/lang/module/ModuleDescriptor$Version
instanceKlass java/lang/module/ModuleDescriptor$Provides
instanceKlass java/lang/module/ModuleDescriptor$Opens
instanceKlass java/lang/module/ModuleDescriptor$Exports
instanceKlass java/lang/module/ModuleDescriptor$Requires
instanceKlass jdk/internal/module/Builder
instanceKlass jdk/internal/module/SystemModules$default
instanceKlass jdk/internal/module/SystemModules
instanceKlass jdk/internal/module/SystemModulesMap
instanceKlass java/net/URI$1
instanceKlass jdk/internal/access/JavaNetUriAccess
instanceKlass java/net/URI
instanceKlass jdk/internal/module/SystemModuleFinders
instanceKlass jdk/internal/module/ModulePatcher
instanceKlass java/util/ImmutableCollections
instanceKlass java/io/ExpiringCache
instanceKlass java/io/FileSystem
instanceKlass java/io/DefaultFileSystem
instanceKlass java/io/File
instanceKlass java/lang/module/ModuleDescriptor$1
instanceKlass jdk/internal/access/JavaLangModuleAccess
instanceKlass java/lang/module/ModuleDescriptor
instanceKlass jdk/internal/module/ModuleBootstrap
instanceKlass java/lang/CharacterData
instanceKlass java/lang/invoke/MethodHandleStatics
instanceKlass java/lang/System$2
instanceKlass jdk/internal/access/JavaLangAccess
instanceKlass sun/io/Win32ErrorMode
instanceKlass jdk/internal/misc/OSEnvironment
instanceKlass java/lang/Integer$IntegerCache
instanceKlass jdk/internal/misc/Signal$NativeHandler
instanceKlass java/util/Hashtable$Entry
instanceKlass jdk/internal/misc/Signal
instanceKlass java/lang/Terminator$1
instanceKlass jdk/internal/misc/Signal$Handler
instanceKlass java/lang/Terminator
instanceKlass java/nio/charset/CoderResult
instanceKlass java/lang/Readable
instanceKlass java/nio/ByteOrder
instanceKlass java/nio/Buffer$1
instanceKlass jdk/internal/access/JavaNioAccess
instanceKlass java/nio/charset/CharsetEncoder
instanceKlass sun/nio/cs/ArrayEncoder
instanceKlass sun/security/action/GetPropertyAction
instanceKlass java/io/Writer
instanceKlass java/io/OutputStream
instanceKlass java/io/Flushable
instanceKlass java/io/FileDescriptor$1
instanceKlass jdk/internal/access/JavaIOFileDescriptorAccess
instanceKlass java/io/FileDescriptor
instanceKlass jdk/internal/util/StaticProperty
instanceKlass java/util/concurrent/ConcurrentHashMap$MapEntry
instanceKlass java/util/concurrent/ConcurrentHashMap$Traverser
instanceKlass java/util/Iterator
instanceKlass java/lang/reflect/Array
instanceKlass java/util/Collections$SynchronizedCollection
instanceKlass java/util/List
instanceKlass java/util/RandomAccess
instanceKlass java/util/Collections
instanceKlass java/util/concurrent/ConcurrentHashMap$CollectionView
instanceKlass java/util/Properties$EntrySet
instanceKlass java/lang/VersionProps
instanceKlass java/lang/StringCoding$Result
instanceKlass java/nio/charset/CodingErrorAction
instanceKlass java/nio/charset/CharsetDecoder
instanceKlass sun/nio/cs/ArrayDecoder
instanceKlass sun/nio/cs/DelegatableDecoder
instanceKlass java/lang/StringUTF16
instanceKlass sun/nio/cs/DoubleByte
instanceKlass java/lang/StringCoding$StringDecoder
instanceKlass java/lang/ThreadLocal$ThreadLocalMap
instanceKlass java/lang/StringCoding
instanceKlass java/lang/Class$1
instanceKlass java/lang/reflect/ReflectAccess
instanceKlass jdk/internal/reflect/LangReflectAccess
instanceKlass java/lang/reflect/Modifier
instanceKlass java/lang/Class$Atomic
instanceKlass java/lang/Class$ReflectionData
instanceKlass java/nio/charset/StandardCharsets
instanceKlass sun/nio/cs/HistoricallyNamedCharset
instanceKlass java/lang/Math
instanceKlass java/util/Arrays
instanceKlass java/lang/ThreadLocal
instanceKlass java/nio/charset/spi/CharsetProvider
instanceKlass java/nio/charset/Charset
instanceKlass java/lang/StringLatin1
instanceKlass jdk/internal/misc/VM
instanceKlass jdk/internal/access/SharedSecrets
instanceKlass java/lang/ref/Reference$1
instanceKlass jdk/internal/access/JavaLangRefAccess
instanceKlass java/lang/ref/ReferenceQueue$Lock
instanceKlass java/lang/ref/ReferenceQueue
instanceKlass jdk/internal/reflect/ReflectionFactory
instanceKlass java/util/concurrent/locks/LockSupport
instanceKlass java/util/concurrent/ConcurrentHashMap$Node
instanceKlass java/util/concurrent/ConcurrentHashMap$CounterCell
instanceKlass java/util/concurrent/locks/ReentrantLock
instanceKlass java/util/concurrent/locks/Lock
instanceKlass java/lang/Runtime
instanceKlass java/util/concurrent/ConcurrentMap
instanceKlass java/security/cert/Certificate
instanceKlass java/util/HashMap$Node
instanceKlass java/util/Map$Entry
instanceKlass java/util/AbstractMap
instanceKlass jdk/internal/reflect/Reflection
instanceKlass jdk/internal/reflect/ReflectionFactory$GetReflectionFactoryAction
instanceKlass java/security/PrivilegedAction
instanceKlass java/util/Objects
instanceKlass java/util/AbstractCollection
instanceKlass java/util/Set
instanceKlass java/util/Collection
instanceKlass java/lang/Iterable
instanceKlass java/lang/String$CaseInsensitiveComparator
instanceKlass java/util/Comparator
instanceKlass java/io/ObjectStreamField
instanceKlass java/lang/Number
instanceKlass java/lang/Character
instanceKlass java/lang/Boolean
instanceKlass java/util/concurrent/locks/AbstractOwnableSynchronizer
instanceKlass java/lang/LiveStackFrame
instanceKlass java/lang/StackFrameInfo
instanceKlass java/lang/StackWalker$StackFrame
instanceKlass java/lang/StackStreamFactory$AbstractStackWalker
instanceKlass java/lang/StackWalker
instanceKlass java/nio/Buffer
instanceKlass java/lang/StackTraceElement
instanceKlass java/security/CodeSource
instanceKlass jdk/internal/loader/ClassLoaders
instanceKlass java/util/jar/Manifest
instanceKlass java/net/URL
instanceKlass java/io/InputStream
instanceKlass java/io/Closeable
instanceKlass java/lang/AutoCloseable
instanceKlass jdk/internal/module/Modules
instanceKlass jdk/internal/misc/Unsafe
instanceKlass java/lang/AbstractStringBuilder
instanceKlass java/lang/Appendable
instanceKlass java/lang/AssertionStatusDirectives
instanceKlass java/lang/invoke/MethodHandleNatives$CallSiteContext
instanceKlass java/lang/invoke/CallSite
instanceKlass java/lang/invoke/MethodType
instanceKlass java/lang/invoke/LambdaForm
instanceKlass java/lang/invoke/MethodHandleNatives
instanceKlass java/lang/invoke/ResolvedMethodName
instanceKlass java/lang/invoke/MemberName
instanceKlass java/lang/invoke/VarHandle
instanceKlass java/lang/invoke/MethodHandle
instanceKlass jdk/internal/reflect/CallerSensitive
instanceKlass java/lang/annotation/Annotation
instanceKlass jdk/internal/reflect/FieldAccessor
instanceKlass jdk/internal/reflect/ConstantPool
instanceKlass jdk/internal/reflect/ConstructorAccessor
instanceKlass jdk/internal/reflect/MethodAccessor
instanceKlass jdk/internal/reflect/MagicAccessorImpl
instanceKlass java/lang/reflect/Parameter
instanceKlass java/lang/reflect/Member
instanceKlass java/lang/reflect/AccessibleObject
instanceKlass java/lang/Module
instanceKlass java/util/Dictionary
instanceKlass java/util/Map
instanceKlass java/lang/ThreadGroup
instanceKlass java/lang/Thread$UncaughtExceptionHandler
instanceKlass java/lang/Thread
instanceKlass java/lang/Runnable
instanceKlass java/lang/ref/Reference
instanceKlass java/security/AccessController
instanceKlass java/security/AccessControlContext
instanceKlass java/security/ProtectionDomain
instanceKlass java/lang/SecurityManager
instanceKlass java/lang/Throwable
instanceKlass java/lang/System
instanceKlass java/lang/ClassLoader
instanceKlass java/lang/Cloneable
instanceKlass java/lang/Class
instanceKlass java/lang/reflect/Type
instanceKlass java/lang/reflect/GenericDeclaration
instanceKlass java/lang/reflect/AnnotatedElement
instanceKlass java/lang/String
instanceKlass java/lang/CharSequence
instanceKlass java/lang/Comparable
instanceKlass java/io/Serializable
ciInstanceKlass java/lang/Object 1 1 92 100 10 10 10 10 8 10 10 10 10 100 8 10 3 8 10 7 1 1 1 1 1 1 1 1 1 1 1 1 1 1 1 1 1 1 1 1 1 1 1 7 1 1 1 1 1 7 1 1 1 1 1 1 1 7 1 1 1 1 1 1 1 1 12 12 100 12 12 1 12 100 12 12 12 1 1 12 1 12 1 1 1 1 1 1 1 1 1 1 1 1
ciInstanceKlass java/io/Serializable 1 0 7 100 100 1 1 1 1
ciInstanceKlass java/lang/String 1 1 878 10 8 9 9 9 10 10 10 9 10 7 10 10 10 10 10 100 8 10 10 9 9 8 10 10 10 10 10 10 10 10 10 10 10 10 10 10 10 100 10 10 100 10 10 10 10 10 10 10 10 10 10 10 10 10 10 10 10 10 10 10 10 100 100 10 10 11 11 10 10 10 10 10 10 9 11 10 10 10 10 10 10 10 10 10 10 10 10 10 10 10 10 10 10 10 10 10 10 10 10 10 10 10 10 10 10 10 10 10 10 10 10 10 10 10 11 10 10 10 10 10 10 100 10 7 10 10 10 10 10 8 10 10 100 3 3 7 10 10 10 10 10 11 7 10 10 100 10 10 10 11 11 11 7 10 10 10 10 10 10 10 10 10 10 10 10 10 10 10 10 10 10 10 10 100 100 10 100 10 10 100 10 10 10 7 10 10 10 10 8 10 10 10 8 8 10 10 10 10 10 10 10 100 10 8 10 10 10 7 3 8 8 8 10 10 10 10 10 10 8 8 10 8 8 8 8 8 10 10 10 8 7 10 10 10 7 9 7 10 100 100 1 1 1 1 1 1 1 1 1 1 1 1 1 5 0 1 1 1 1 1 1 1 1 1 3 1 3 1 1 1 1 1 1 1 1 1 1 1 1 1 1 1 1 1 1 1 1 1 1 100 1 1 1 1 100 1 1 1 1 1 1 1 1 1 1 7 1 1 1 100 1 1 1 100 1 1 1 1 1 1 1 1 1 1 1 1 1 1 1 1 1 1 1 1 1 1 1 1 1 1 1 1 1 1 1 1 1 1 1 1 1 1 1 1 1 1 1 1 1 1 1 1 1 1 1 1 1 1 100 1 1 1 1 1 1 1 1 1 1 1 1 1 1 1 1 1 1 1 1 1 1 1 1 1 1 1 1 1 1 1 1 1 1 1 1 1 1 1 1 1 1 1 1 1 1 1 1 1 1 1 1 1 1 1 1 1 1 1 1 1 1 1 1 1 1 1 1 1 1 1 1 1 1 1 1 1 1 1 1 1 1 1 1 1 1 1 1 1 1 1 1 1 1 1 1 100 1 1 1 100 1 1 1 1 1 1 1 1 1 1 1 1 1 1 1 100 1 1 1 1 100 1 1 100 1 1 1 1 1 1 1 1 1 1 1 1 1 1 1 1 1 1 1 1 1 1 1 1 1 1 1 1 1 1 1 1 1 100 1 1 1 1 1 1 1 1 1 1 1 1 1 1 1 1 1 1 1 1 1 12 1 12 12 12 12 12 12 12 7 12 1 7 7 12 12 12 12 1 12 7 12 12 12 12 12 12 12 12 12 12 12 12 12 12 1 12 12 1 12 12 12 12 100 12 12 12 12 12 12 12 12 12 12 1 1 12 12 12 12 12 12 12 12 12 7 12 12 12 12 12 12 12 12 12 12 12 12 12 12 12 12 12 12 12 12 12 12 12 12 12 7 12 12 12 12 7 12 12 12 12 7 12 12 7 12 1 1 12 12 12 1 12 1 1 12 12 12 12 7 12 12 12 1 12 12 100 12 12 12 1 12 7 12 12 12 12 12 12 12 12 12 12 12 1 1 1 12 1 100 12 1 1 12 1 12 12 1 12 12 1 1 12 12 12 100 12 7 12 100 12 1 1 12 12 1 1 1 1 12 12 12 12 1 1 1 1 1 1 1 12 12 12 1 1 12 12 12 1 12 1 1 1 1 1 1 1 1 1 1 1 1 1 1 1 1 1 1 1 1 1 1 1 1 1 1 1 1 1 1 1 1 1 1 1 1 1 1 1 1 1 1 1 1 1 1 1 1 1 1 1 1 1 1 1 1 1 1 1 1 1 1 1 1 1 1 1 1 1 1 1 1 1 1 1 1 1 1 1 1 1 1 1 1 1 1 1 1 1 1 1 1 1 1 1 1 1 1 1 1 1 1 1 1 1 1 1 1 1 1 1 1 1 1 1 1 1 1 1 1 1 1 1 1 1 1 1
staticfield java/lang/String COMPACT_STRINGS Z 1
staticfield java/lang/String serialPersistentFields [Ljava/io/ObjectStreamField; 0 [Ljava/io/ObjectStreamField;
staticfield java/lang/String CASE_INSENSITIVE_ORDER Ljava/util/Comparator; java/lang/String$CaseInsensitiveComparator
ciInstanceKlass java/lang/Class 1 1 1435 10 9 9 100 10 10 8 10 8 8 10 10 10 10 10 10 10 10 10 10 10 8 10 8 8 10 100 8 8 8 10 11 10 10 8 10 10 10 10 9 10 10 10 18 10 7 10 10 10 100 10 9 7 100 8 10 10 10 10 7 10 100 100 10 10 9 10 10 7 10 100 10 10 10 9 10 10 10 9 10 10 100 10 10 10 10 9 8 10 10 10 10 10 10 9 10 7 10 10 10 10 10 10 10 10 10 10 10 10 10 10 10 10 10 10 10 10 100 8 10 10 100 10 100 11 10 10 10 10 10 10 8 10 10 8 9 10 10 10 10 100 9 10 9 10 10 10 8 10 10 10 10 100 10 10 10 10 10 10 10 100 10 10 10 10 10 10 10 10 10 7 10 10 11 10 10 10 10 10 10 100 10 10 10 100 100 10 10 10 10 10 10 10 10 11 10 10 9 10 9 100 10 9 10 100 10 9 10 10 10 10 10 10 10 8 10 10 9 9 10 7 9 10 10 7 10 10 10 10 9 10 9 10 10 9 9 10 10 9 100 10 10 7 10 100 11 9 9 7 10 9 9 10 10 9 7 10 10 10 10 10 10 10 9 10 10 10 10 8 7 10 7 8 8 8 8 10 9 9 10 7 9 7 10 7 10 10 9 8 10 7 10 7 10 9 100 8 10 7 4 10 10 11 10 100 10 10 8 8 10 9 11 7 11 9 10 10 10 9 9 10 10 10 10 10 11 11 11 11 7 11 10 10 7 11 10 10 10 11 11 7 10 10 9 9 10 10 10 10 100 10 10 7 9 100 7 100 100 1 1 1 7 1 1 1 1 1 3 1 3 1 3 1 1 1 1 1 1 1 1 1 1 1 1 1 1 1 1 1 1 1 1 1 1 1 1 1 1 1 1 5 0 1 1 1 1 1 1 1 1 1 1 1 1 1 1 1 100 1 1 1 1 1 1 1 1 1 1 1 1 1 1 1 1 1 1 7 1 1 1 1 1 1 1 1 1 1 1 1 1 1 1 100 1 1 1 1 1 100 1 1 1 1 1 1 1 1 1 100 1 1 1 1 1 1 1 1 1 7 1 1 1 1 1 1 1 1 1 1 1 1 1 1 1 1 1 1 1 1 1 1 1 1 1 1 1 1 1 1 1 1 1 1 1 1 1 7 1 1 1 1 1 1 1 1 100 1 1 1 1 1 1 1 1 1 1 1 1 1 1 1 1 1 100 1 1 1 1 1 1 1 1 1 1 1 1 1 1 1 1 1 1 1 1 1 1 1 1 100 100 1 1 1 1 1 1 1 1 1 1 1 1 1 1 100 1 1 1 1 1 1 1 1 1 1 1 1 1 1 1 1 1 1 1 1 1 1 1 1 1 1 1 1 1 1 1 1 1 1 1 1 1 1 1 1 1 1 1 1 1 1 1 1 1 1 1 1 1 1 1 7 1 1 1 1 1 1 1 1 1 100 100 100 1 1 1 1 1 1 1 1 1 1 1 1 1 1 1 1 1 1 1 1 1 1 1 1 1 1 1 1 1 1 1 1 1 1 1 1 1 1 1 1 1 1 1 1 1 1 1 1 1 1 1 1 1 1 1 1 1 1 1 1 1 1 1 1 1 1 1 1 1 1 1 1 1 1 1 1 1 1 1 1 1 1 7 1 1 1 1 1 1 1 1 1 1 1 1 1 1 1 1 1 1 1 1 1 1 1 1 1 1 1 1 1 1 1 1 100 1 1 1 1 1 1 1 1 1 1 1 1 1 100 1 1 1 1 1 1 7 1 1 1 1 1 1 1 1 1 1 1 1 1 1 1 1 1 1 1 1 1 1 1 1 1 1 1 1 1 1 1 1 1 1 1 1 1 1 1 1 7 1 1 1 1 1 1 1 1 1 1 1 1 1 1 1 1 1 1 1 1 1 1 1 1 1 12 12 12 1 12 1 12 1 1 12 12 12 12 12 12 7 12 12 12 12 1 12 1 1 12 1 1 1 1 12 12 12 1 7 12 12 12 7 12 100 12 12 7 12 12 1 15 16 15 16 12 7 12 1 12 12 7 1 12 12 1 1 1 12 12 12 12 1 12 1 1 12 12 12 12 1 100 12 12 12 12 12 12 12 12 12 1 12 12 12 12 1 12 12 12 12 12 12 12 7 12 12 12 12 12 12 12 12 12 12 12 12 12 12 12 12 12 12 1 1 12 1 12 1 12 100 12 12 12 12 12 1 12 12 1 12 12 12 12 12 1 12 12 12 12 12 1 12 12 12 12 1 12 12 12 12 12 12 12 1 12 12 12 12 12 12 12 1 7 12 12 12 12 100 12 12 12 1 12 12 1 1 12 12 12 12 12 12 100 12 7 12 12 12 12 12 12 1 12 12 1 12 12 100 12 12 12 100 12 12 12 12 1 12 12 12 12 12 1 12 12 12 1 12 12 7 12 7 12 12 12 12 12 12 12 12 12 12 12 1 12 1 12 100 12 12 1 12 12 12 12 12 12 1 12 12 12 12 12 12 12 12 12 1 7 1 1 1 1 12 12 12 12 1 12 1 1 1 12 100 12 12 1 12 1 12 12 1 1 1 12 12 12 1 12 1 1 12 12 12 1 12 12 100 12 7 12 12 12 12 12 12 12 12 12 12 12 12 1 12 7 12 12 1 12 7 12 12 12 12 1 12 12 12 7 12 12 7 12 12 12 1 12 12 1 12 1 1 1 1 1 100 1 1 1 1 1 1 1 1 1 1 1 1 1 1 1 1 1 1 1 1 1 1 1 1 1 1 1 1 1 1 1 1 1 1 1 1 1 1 1 1 10 1 1 1 1 1 1 1 1 1 1 1 1 1 1 1 1 1 1 1 1 1 1 1 1 1 1 1 1 1 1 1 1 1 1 1 1 1 1 1 1 1 1 1 1 1 1 1 1 1 1 1 1 1 1 1 1 1 1 1 1 1 1 1 1 1 1 1 1 1 1 1 1 1 1 1 1 1 1 1 1 1 1 1 1 1 1 1 1 1 1 1 1 1 1 1 1 1 1 1 1 1 1 1 1 1 1 1 1 1 1 1 1 1 1 1 1 1 1 1 1 1 1 1 1 1 1 1 1 1 1 1 1 1 1 1 1 1 1 1 1 1 1 1 1 1 1 1 1 1 1 1 1 1 1 1 1 1 1 1 1 1 1 1 1 1 1 1 1 1 1 1 1 1 1 1 100 12 1 1 100 1 1 100 1 1
staticfield java/lang/Class EMPTY_CLASS_ARRAY [Ljava/lang/Class; 0 [Ljava/lang/Class;
staticfield java/lang/Class serialPersistentFields [Ljava/io/ObjectStreamField; 0 [Ljava/io/ObjectStreamField;
ciInstanceKlass java/lang/Cloneable 1 0 7 100 100 1 1 1 1
instanceKlass org/eclipse/sisu/space/CloningClassSpace$CloningClassLoader
instanceKlass jdk/internal/reflect/DelegatingClassLoader
instanceKlass java/security/SecureClassLoader
ciInstanceKlass java/lang/ClassLoader 1 1 1189 9 10 9 10 7 10 10 9 10 100 10 10 10 100 8 10 10 10 10 7 10 7 7 7 10 10 9 7 10 9 9 9 9 9 7 10 9 10 10 9 9 7 9 7 10 10 9 10 7 10 8 10 10 10 7 10 10 8 10 10 10 10 10 10 10 10 7 10 10 10 10 10 10 10 10 10 10 10 10 10 10 10 100 10 100 10 10 10 10 10 100 8 10 8 10 10 100 8 10 10 10 10 10 10 10 10 10 10 10 10 10 10 10 10 10 10 10 10 10 10 10 10 8 11 9 11 10 8 8 10 100 10 10 10 10 10 10 10 10 10 7 10 10 10 7 10 100 18 10 10 10 7 10 10 10 100 10 10 10 10 8 100 10 10 9 10 10 100 8 10 10 8 8 10 10 7 10 10 100 100 10 100 100 10 10 10 10 10 10 9 10 10 10 10 10 8 10 7 18 10 10 10 10 8 10 10 18 11 100 10 10 10 11 10 18 10 11 18 11 10 10 9 7 10 10 8 10 9 8 10 9 8 7 10 10 100 8 10 10 10 8 8 10 10 10 8 8 10 10 10 7 10 10 10 10 10 11 11 11 11 11 7 10 9 9 9 10 10 100 10 100 10 10 10 9 9 9 9 9 9 8 10 10 10 10 10 11 10 100 10 10 10 7 7 10 1 1 7 1 1 1 1 1 1 1 1 1 1 1 1 1 1 1 1 1 1 1 1 1 1 1 1 1 1 1 1 1 1 1 1 1 1 1 1 1 1 1 1 1 1 1 1 1 1 1 1 1 1 1 1 1 1 1 1 1 1 1 1 1 1 1 1 1 1 1 1 1 1 100 1 1 1 1 100 1 1 1 1 1 1 1 1 1 1 1 1 1 1 1 1 1 100 1 1 1 1 1 1 1 1 1 1 1 1 1 1 1 1 100 1 1 1 1 1 1 1 1 1 1 1 1 100 1 1 1 1 1 1 1 1 1 1 1 1 1 1 1 1 1 1 1 1 1 1 1 1 1 1 1 1 1 1 1 1 1 1 1 1 1 7 1 1 1 1 1 1 1 1 1 1 1 1 1 1 1 1 1 1 1 1 1 1 1 7 1 1 1 1 1 100 1 1 1 1 1 1 1 1 1 1 1 1 1 1 1 1 1 1 1 1 1 100 1 1 1 1 1 1 1 1 1 1 1 1 1 1 1 1 1 1 1 1 1 1 1 1 1 1 1 1 1 1 1 1 1 1 1 1 1 1 1 1 1 1 1 1 1 1 1 1 1 1 1 1 1 1 1 1 1 1 1 1 1 1 100 1 1 1 1 1 1 1 1 1 1 1 1 1 1 1 1 1 1 1 1 1 100 100 1 1 1 1 1 1 1 1 1 1 1 1 1 1 1 1 1 1 1 1 1 1 1 7 1 1 1 1 1 1 1 1 1 1 1 1 1 1 1 1 100 1 1 1 1 1 1 1 1 1 1 1 1 1 1 1 1 1 1 1 1 1 1 1 1 1 1 1 1 1 100 12 12 12 12 1 12 12 12 12 1 12 12 12 1 1 12 7 12 12 1 1 1 12 12 12 1 12 12 12 12 12 1 12 12 12 12 12 12 1 12 1 12 12 12 1 1 12 12 1 12 7 12 1 12 12 12 12 12 12 12 12 1 12 100 12 12 12 12 12 12 12 12 12 100 12 12 12 12 1 12 1 12 7 12 12 12 1 1 1 12 12 1 1 12 12 12 12 12 12 12 12 12 12 12 12 7 12 12 12 12 12 12 12 12 12 12 1 12 12 12 1 1 12 1 12 12 12 12 12 7 12 12 7 1 12 12 1 12 1 1 15 16 15 16 12 100 12 100 12 7 12 1 12 12 12 1 12 12 7 12 12 1 1 12 12 7 12 12 1 1 12 1 1 12 12 1 12 100 12 1 1 12 1 1 12 12 12 12 12 12 100 12 12 12 12 12 12 1 12 1 16 15 16 12 12 12 12 12 1 12 12 16 15 16 12 12 1 12 12 12 15 12 7 12 16 15 16 12 12 12 12 12 1 12 12 1 12 12 1 12 12 1 1 12 1 1 12 12 1 1 12 12 100 12 1 1 100 12 12 1 12 12 12 12 12 12 12 12 1 12 12 12 12 12 12 1 1 12 12 12 12 12 12 12 12 12 12 7 12 12 12 12 12 100 12 1 12 12 12 1 1 1 1 1 1 1 1 1 1 1 1 1 1 1 1 1 1 1 1 1 1 1 1 1 1 1 1 1 1 1 1 1 1 1 1 1 1 1 1 1 1 1 1 1 1 1 1 1 1 1 1 1 1 1 1 1 1 1 1 1 1 1 1 1 1 1 1 1 1 1 1 1 1 1 1 1 1 1 1 1 1 1 1 1 1 1 1 1 1 1 1 1 1 1 1 10 1 10 1 1 1 1 1 1 1 1 1 1 1 1 1 1 1 1 1 1 1 1 1 1 1 1 1 1 1 1 1 1 1 1 1 1 1 1 1 1 1 1 1 1 1 1 10 1 1 1 1 1 1 1 1 10 1 1 1 1 1 10 1 1 1 10 1 1 1 1 1 1 1 1 1 1 1 1 1 1 1 1 1 1 1 1 1 1 1 1 1 1 1 1 1 1 1 1 1 1 1 1 1 1 1 1 1 1 100 12 12 12 12 12 12 1 1 100 1 1 100 1 1
staticfield java/lang/ClassLoader nocerts [Ljava/security/cert/Certificate; 0 [Ljava/security/cert/Certificate;
staticfield java/lang/ClassLoader loadedLibraryNames Ljava/util/Set; java/util/HashSet
staticfield java/lang/ClassLoader $assertionsDisabled Z 1
ciInstanceKlass java/lang/System 1 1 632 10 10 10 10 10 9 7 10 11 10 10 10 100 8 10 10 9 100 8 10 10 8 10 100 10 8 10 10 100 10 10 10 9 9 7 10 10 10 10 10 10 10 100 100 8 10 10 7 10 100 8 10 8 10 100 8 10 100 10 8 10 10 10 8 10 10 10 100 8 10 10 10 100 18 100 9 10 100 10 10 10 10 10 10 10 10 7 7 10 10 100 10 10 100 8 10 9 9 10 10 10 10 8 10 10 8 10 10 8 10 7 9 10 7 9 10 9 7 10 8 10 8 10 10 10 10 10 10 10 10 9 100 8 10 8 10 10 8 100 10 10 8 8 10 10 100 10 10 10 10 10 8 10 10 10 10 8 10 10 10 7 10 10 10 9 100 1 1 1 1 1 1 1 1 1 1 1 1 1 1 1 1 1 1 1 1 1 1 1 1 1 1 1 1 1 1 1 1 1 1 1 100 100 1 1 1 100 1 1 1 1 1 1 1 1 1 1 1 1 1 1 1 1 1 1 1 1 1 1 1 1 1 1 1 1 1 1 1 1 1 1 1 1 1 1 1 1 1 1 1 1 1 1 1 1 1 1 1 1 1 1 1 1 1 1 1 1 1 1 1 1 1 1 1 1 1 1 1 1 1 1 1 1 1 1 1 1 1 1 1 100 1 1 1 1 1 1 1 1 1 1 1 1 1 1 1 1 1 100 1 1 1 1 1 1 1 100 12 12 12 12 12 12 1 7 12 100 12 100 12 12 12 1 1 12 12 12 1 1 12 100 12 1 12 1 12 12 12 1 12 100 12 12 12 12 1 12 7 12 12 12 12 12 1 1 1 12 12 1 12 1 1 1 12 1 1 1 1 12 12 7 12 1 12 100 12 7 12 1 1 12 100 12 1 1 15 16 15 16 12 1 12 12 1 12 12 7 12 12 12 12 12 12 1 1 12 12 1 12 7 12 1 1 12 12 12 12 12 12 1 12 12 1 12 12 1 7 12 1 7 12 12 1 12 12 1 12 1 12 1 7 12 12 7 12 12 7 12 12 12 7 12 12 1 1 12 1 12 1 1 12 1 1 7 12 12 1 12 12 12 100 12 1 12 12 1 12 12 12 1 12 12 12 1 1 1 1 1 1 1 1 1 1 1 1 1 1 1 1 1 1 1 1 1 1 1 1 1 1 1 1 1 1 1 1 1 1 1 1 1 1 1 1 1 1 1 1 1 1 1 1 1 1 1 1 10 1 10 1 1 1 1 1 1 1 1 1 1 1 1 1 1 1 1 1 1 1 1 1 1 1 1 1 1 1 1 1 1 1 1 1 1 1 1 1 1 1 1 1 1 1 1 1 1 1 1 1 1 1 1 1 1 1 1 1 1 1 1 1 1 1 1 1 1 1 1 1 1 1 1 100 12 12 1 1 100 1 1 100 1 1
staticfield java/lang/System in Ljava/io/InputStream; java/io/BufferedInputStream
staticfield java/lang/System out Ljava/io/PrintStream; org/fusesource/jansi/AnsiPrintStream
staticfield java/lang/System err Ljava/io/PrintStream; org/fusesource/jansi/AnsiPrintStream
instanceKlass org/apache/maven/artifact/repository/metadata/RepositoryMetadataDeploymentException
instanceKlass org/apache/maven/artifact/repository/metadata/RepositoryMetadataInstallationException
instanceKlass java/lang/Exception
instanceKlass java/lang/Error
ciInstanceKlass java/lang/Throwable 1 1 395 10 9 9 9 9 9 10 9 10 10 100 100 10 8 10 8 10 10 10 100 8 10 10 10 10 8 9 10 100 10 10 100 10 10 11 10 10 10 8 10 10 7 8 8 10 10 8 8 9 10 100 10 11 8 8 10 8 10 8 100 10 9 10 10 7 9 10 10 100 8 10 10 10 10 100 10 10 11 11 11 8 8 10 10 10 9 8 7 10 10 100 8 10 11 8 9 10 11 9 11 100 10 7 10 100 1 1 1 100 1 100 1 1 1 1 5 0 1 1 1 1 1 1 1 1 1 1 1 1 1 1 1 1 1 1 1 1 1 1 1 1 1 1 1 1 1 1 1 1 1 1 1 100 1 1 1 1 1 1 1 1 1 1 1 1 1 1 1 1 1 1 1 1 1 1 1 1 1 1 100 1 1 1 1 1 1 1 1 1 1 1 1 1 1 1 1 1 1 1 1 1 1 1 1 1 1 1 1 1 1 1 100 100 100 1 100 100 1 1 1 1 1 1 1 1 1 1 1 1 1 1 1 1 1 12 12 12 12 12 12 12 12 12 12 1 1 1 12 1 100 12 12 1 1 12 7 12 12 1 100 12 12 1 12 12 1 7 12 12 12 12 12 1 12 12 1 1 1 12 12 1 1 12 100 12 1 12 1 1 12 1 12 1 1 12 12 12 7 12 12 12 100 1 1 12 12 100 12 1 100 12 12 12 12 12 1 1 100 12 1 1 12 1 1 12 1 12 100 12 12 12 12 1 12 1 1 1 1 1 1 1 1 1 1 1 1 1 1 1 1 1 1 1 1 1 1 1 1 1 1 1 1 1 1 1 1 1 1 1 1 1 1 1 1 1 1 1 1 1 1 1 1 1 1 1 1 1 1 1 1 1 1 1 1
staticfield java/lang/Throwable UNASSIGNED_STACK [Ljava/lang/StackTraceElement; 0 [Ljava/lang/StackTraceElement;
staticfield java/lang/Throwable SUPPRESSED_SENTINEL Ljava/util/List; java/util/Collections$EmptyList
staticfield java/lang/Throwable EMPTY_THROWABLE_ARRAY [Ljava/lang/Throwable; 0 [Ljava/lang/Throwable;
staticfield java/lang/Throwable $assertionsDisabled Z 1
instanceKlass com/google/common/util/concurrent/ExecutionError
instanceKlass java/util/ServiceConfigurationError
instanceKlass java/lang/AssertionError
instanceKlass java/io/IOError
instanceKlass org/apache/maven/BuildAbort
instanceKlass java/lang/VirtualMachineError
instanceKlass java/lang/LinkageError
instanceKlass java/lang/ThreadDeath
ciInstanceKlass java/lang/Error 1 1 40 10 10 10 10 10 100 7 1 1 1 5 0 1 1 1 1 1 1 1 1 1 1 1 1 1 1 1 1 1 1 1 1 12 12 12 12 12 1 1
ciInstanceKlass java/lang/ThreadDeath 0 0 21 10 100 100 1 1 1 5 0 1 1 1 1 1 1 1 1 1 12 1 1
instanceKlass org/codehaus/plexus/interpolation/reflection/MethodMap$AmbiguousException
instanceKlass org/apache/maven/model/resolution/InvalidRepositoryException
instanceKlass org/apache/maven/model/resolution/UnresolvableModelException
instanceKlass org/apache/maven/cli/internal/ExtensionResolutionException
instanceKlass org/apache/maven/toolchain/building/ToolchainsBuildingException
instanceKlass org/apache/maven/execution/MavenExecutionRequestPopulationException
instanceKlass org/apache/maven/repository/ArtifactDoesNotExistException
instanceKlass org/apache/maven/repository/ArtifactTransferFailedException
instanceKlass org/apache/maven/plugin/version/PluginVersionNotFoundException
instanceKlass org/apache/maven/plugin/InvalidPluginException
instanceKlass java/security/GeneralSecurityException
instanceKlass org/codehaus/plexus/component/configurator/expression/ExpressionEvaluationException
instanceKlass org/codehaus/plexus/configuration/PlexusConfigurationException
instanceKlass org/codehaus/plexus/component/composition/CycleDetectedInComponentGraphException
instanceKlass org/codehaus/plexus/component/repository/exception/ComponentLifecycleException
instanceKlass org/apache/maven/plugin/PluginConfigurationException
instanceKlass org/apache/maven/model/building/ModelBuildingException
instanceKlass org/codehaus/plexus/interpolation/InterpolationException
instanceKlass org/apache/maven/project/interpolation/ModelInterpolationException
instanceKlass org/apache/http/HttpException
instanceKlass org/apache/maven/artifact/repository/metadata/RepositoryMetadataReadException
instanceKlass org/apache/maven/artifact/repository/metadata/RepositoryMetadataStoreException
instanceKlass org/apache/maven/wagon/WagonException
instanceKlass org/apache/maven/lifecycle/LifecycleExecutionException
instanceKlass org/apache/maven/plugin/PluginManagerException
instanceKlass org/apache/maven/repository/metadata/MetadataGraphTransformationException
instanceKlass org/apache/maven/lifecycle/LifecycleNotFoundException
instanceKlass org/apache/maven/lifecycle/LifecyclePhaseNotFoundException
instanceKlass org/sonatype/plexus/components/sec/dispatcher/SecDispatcherException
instanceKlass org/sonatype/plexus/components/cipher/PlexusCipherException
instanceKlass org/apache/maven/settings/building/SettingsBuildingException
instanceKlass org/apache/maven/artifact/versioning/InvalidVersionSpecificationException
instanceKlass org/apache/maven/artifact/repository/metadata/RepositoryMetadataResolutionException
instanceKlass org/apache/maven/toolchain/MisconfiguredToolchainException
instanceKlass org/apache/maven/BuildFailureException
instanceKlass org/codehaus/plexus/util/dag/CycleDetectedException
instanceKlass org/apache/maven/MavenExecutionException
instanceKlass org/apache/maven/project/DuplicateProjectException
instanceKlass org/apache/maven/project/ProjectBuildingException
instanceKlass org/apache/maven/plugin/InvalidPluginDescriptorException
instanceKlass org/apache/maven/plugin/prefix/NoPluginFoundForPrefixException
instanceKlass org/apache/maven/plugin/MojoNotFoundException
instanceKlass org/apache/maven/plugin/PluginDescriptorParsingException
instanceKlass org/apache/maven/plugin/version/PluginVersionResolutionException
instanceKlass org/apache/maven/lifecycle/internal/builder/BuilderNotFoundException
instanceKlass org/apache/maven/lifecycle/NoGoalSpecifiedException
instanceKlass org/apache/maven/lifecycle/MissingProjectException
instanceKlass org/apache/maven/project/DependencyResolutionException
instanceKlass org/eclipse/aether/RepositoryException
instanceKlass org/apache/maven/repository/legacy/metadata/ArtifactMetadataRetrievalException
instanceKlass org/apache/maven/artifact/deployer/ArtifactDeploymentException
instanceKlass org/apache/maven/artifact/installer/ArtifactInstallationException
instanceKlass org/apache/maven/artifact/resolver/AbstractArtifactResolutionException
instanceKlass org/apache/maven/repository/legacy/resolver/conflict/ConflictResolverNotFoundException
instanceKlass org/apache/maven/artifact/InvalidRepositoryException
instanceKlass org/apache/maven/configuration/BeanConfigurationException
instanceKlass org/codehaus/plexus/component/configurator/ComponentConfigurationException
instanceKlass org/apache/maven/plugin/PluginResolutionException
instanceKlass org/codehaus/plexus/personality/plexus/lifecycle/phase/InitializationException
instanceKlass org/apache/maven/repository/metadata/GraphConflictResolutionException
instanceKlass org/apache/maven/repository/metadata/MetadataResolutionException
instanceKlass org/apache/maven/plugin/AbstractMojoExecutionException
instanceKlass java/security/PrivilegedActionException
instanceKlass java/util/concurrent/TimeoutException
instanceKlass java/util/concurrent/ExecutionException
instanceKlass java/lang/InterruptedException
instanceKlass com/google/inject/internal/ErrorsException
instanceKlass com/google/inject/internal/InternalProvisionException
instanceKlass org/codehaus/plexus/context/ContextException
instanceKlass java/text/ParseException
instanceKlass org/codehaus/plexus/PlexusContainerException
instanceKlass org/codehaus/plexus/component/repository/exception/ComponentLookupException
instanceKlass org/codehaus/plexus/util/xml/pull/XmlPullParserException
instanceKlass java/lang/CloneNotSupportedException
instanceKlass org/apache/commons/cli/ParseException
instanceKlass org/apache/maven/cli/MavenCli$ExitException
instanceKlass org/codehaus/plexus/classworlds/launcher/ConfigurationException
instanceKlass java/io/IOException
instanceKlass org/codehaus/plexus/classworlds/ClassWorldException
instanceKlass java/lang/ReflectiveOperationException
instanceKlass java/lang/RuntimeException
ciInstanceKlass java/lang/Exception 1 1 40 10 10 10 10 10 100 7 1 1 1 5 0 1 1 1 1 1 1 1 1 1 1 1 1 1 1 1 1 1 1 1 1 12 12 12 12 12 1 1
instanceKlass java/util/ConcurrentModificationException
instanceKlass com/google/inject/internal/aop/GlueException
instanceKlass java/io/UncheckedIOException
instanceKlass org/apache/maven/artifact/InvalidArtifactRTException
instanceKlass com/google/inject/OutOfScopeException
instanceKlass java/lang/annotation/IncompleteAnnotationException
instanceKlass java/lang/reflect/UndeclaredThrowableException
instanceKlass com/google/common/cache/CacheLoader$InvalidCacheLoadException
instanceKlass com/google/common/util/concurrent/UncheckedExecutionException
instanceKlass java/util/NoSuchElementException
instanceKlass com/google/inject/CreationException
instanceKlass com/google/inject/ConfigurationException
instanceKlass com/google/inject/ProvisionException
instanceKlass java/lang/TypeNotPresentException
instanceKlass java/lang/IndexOutOfBoundsException
instanceKlass java/lang/UnsupportedOperationException
instanceKlass java/lang/SecurityException
instanceKlass java/lang/IllegalStateException
instanceKlass java/lang/IllegalArgumentException
instanceKlass java/lang/ArithmeticException
instanceKlass java/lang/NullPointerException
instanceKlass java/lang/IllegalMonitorStateException
instanceKlass java/lang/ArrayStoreException
instanceKlass java/lang/ClassCastException
ciInstanceKlass java/lang/RuntimeException 1 1 40 10 10 10 10 10 100 7 1 1 1 5 0 1 1 1 1 1 1 1 1 1 1 1 1 1 1 1 1 1 1 1 1 12 12 12 12 12 1 1
ciInstanceKlass java/lang/SecurityManager 0 0 572 10 9 100 10 100 8 10 10 10 10 100 10 100 10 9 10 10 10 100 8 10 9 9 8 9 100 10 8 10 10 10 100 10 10 100 100 8 10 8 8 8 8 8 8 10 8 8 8 8 8 10 10 8 100 8 10 8 8 8 8 8 10 8 100 8 8 10 8 8 10 100 8 10 10 100 10 10 10 10 10 10 11 18 11 18 11 18 18 11 18 11 9 9 9 9 100 10 10 10 18 18 10 18 10 18 18 8 10 9 11 8 100 10 10 10 9 10 10 8 100 10 9 8 8 100 10 10 10 9 11 10 11 10 100 100 10 10 10 1 1 1 1 1 1 1 1 1 1 1 1 1 1 1 1 1 1 1 1 1 1 1 1 1 1 100 1 1 1 1 1 1 1 1 1 1 1 1 1 1 1 100 1 1 1 1 1 1 1 1 1 1 1 1 1 1 1 1 1 1 1 1 1 1 1 1 1 1 1 1 1 1 1 1 1 1 1 1 1 1 1 1 1 1 1 1 1 1 1 1 1 1 1 1 1 1 1 1 1 1 100 1 1 1 1 1 1 1 1 1 1 1 1 1 1 1 1 1 1 1 1 1 1 1 1 1 1 1 1 100 1 1 1 1 100 1 1 1 1 1 1 1 1 1 1 1 12 12 1 100 12 1 1 12 12 100 12 1 1 12 100 12 12 12 1 1 12 12 1 12 1 1 12 12 12 1 12 1 1 1 12 1 1 1 1 1 1 12 1 1 1 1 1 12 12 1 1 1 1 1 1 1 1 100 12 1 1 1 1 1 1 12 1 1 12 1 12 12 12 100 12 12 100 12 100 12 1 15 16 15 16 12 100 12 16 15 16 12 12 15 16 15 16 12 16 15 16 12 12 12 12 12 12 1 100 12 12 12 15 16 12 15 16 100 12 15 12 12 15 16 15 16 1 12 12 100 12 1 1 12 12 12 12 12 12 1 1 12 1 1 1 12 100 12 12 12 12 12 1 1 12 12 1 1 1 1 1 1 1 1 1 1 1 1 1 1 1 1 1 1 1 1 1 1 1 1 1 1 1 1 1 1 1 1 1 1 1 1 1 1 1 1 1 1 1 1 1 1 10 1 10 1 1 1 1 1 1 10 1 1 1 1 1 10 11 1 1 1 10 1 1 1 1 1 1 10 1 10 1 1 1 11 1 1 10 10 1 1 1 1 1 1 1 1 1 1 1 1 1 1 1 1 1 1 1 1 100 12 100 12 12 12 100 12 12 12 12 12 1 1 100 1 1 1 1 1 1 1 1 100 1 1
ciInstanceKlass java/security/ProtectionDomain 1 1 327 10 9 7 10 9 9 9 10 7 9 9 7 9 9 10 100 10 10 10 10 9 9 10 7 10 100 10 8 100 8 10 10 10 10 8 11 8 10 8 8 10 10 10 10 8 10 8 8 10 9 10 9 10 100 100 10 10 7 10 100 10 10 11 11 100 11 10 10 11 11 10 10 10 11 10 8 8 10 7 10 10 7 1 1 100 1 1 1 1 1 1 1 1 1 1 1 1 1 1 1 1 1 1 1 1 1 1 1 1 100 1 100 1 1 1 1 1 1 1 1 1 1 1 1 1 1 1 1 1 1 1 100 1 1 1 1 1 1 1 1 1 7 1 1 1 100 1 1 1 1 1 1 1 1 1 1 1 1 1 1 1 1 1 1 1 1 1 100 100 100 100 1 1 1 1 1 100 12 12 1 12 12 12 12 12 1 12 12 1 12 12 100 12 100 12 12 12 12 100 12 12 1 1 12 1 1 1 12 12 12 1 1 12 1 1 12 12 12 12 1 12 1 1 100 12 12 12 100 12 12 1 1 100 12 1 1 12 12 12 12 1 12 12 12 12 12 12 100 12 12 12 1 1 7 12 1 7 12 1 1 1 1 1 1 1 1 1 1 1 1 1 1 1 1 1 1 1 1 1 1 1 1 1 1 1 1 1 1 1 1 1 1 1 1 1 1 1 1 1 1 1 1 1 1 1 1 1 1 1 1 1 1 1 1 1 1 1 1 1 1 1 1 1 1 1 1
staticfield java/security/ProtectionDomain filePermCompatInPD Z 0
ciInstanceKlass java/security/AccessControlContext 1 1 367 9 9 10 8 10 10 9 9 9 10 7 100 10 11 11 11 11 7 11 10 10 9 10 11 10 7 100 8 10 10 7 10 9 9 9 9 9 9 9 10 9 10 10 8 10 10 10 100 10 10 10 10 8 10 8 10 8 8 10 8 10 8 10 10 10 8 8 100 10 10 100 10 8 10 10 10 8 10 10 10 7 10 10 10 10 10 10 10 10 7 1 1 1 1 1 1 1 1 1 1 1 1 1 1 1 1 1 1 1 1 1 1 1 1 1 1 1 1 1 1 1 1 1 1 100 1 1 1 1 1 1 100 1 1 1 1 1 1 100 1 1 1 1 1 1 1 1 100 1 1 1 1 1 1 1 1 1 1 1 1 1 1 100 1 1 1 1 1 1 1 1 1 1 1 1 1 1 1 1 1 1 1 1 1 1 1 1 1 1 1 1 1 1 1 1 1 1 1 1 1 1 1 1 1 1 1 1 1 1 1 1 1 1 12 12 100 12 1 100 12 12 12 12 12 7 12 1 12 12 12 12 12 1 12 12 7 12 100 12 12 12 1 1 1 12 12 1 7 12 12 12 12 12 12 12 12 7 12 12 12 12 1 12 12 100 12 1 12 100 12 1 12 1 100 12 1 1 12 1 12 1 12 12 12 1 1 1 12 12 1 12 1 12 12 1 12 12 12 1 12 12 12 12 12 12 1 1 1 1 1 1 1 1 1 1 1 1 1 1 1 1 1 1 1 1 1 1 1 1 1 1 1 1 1 1 1 1 1 1 1 1 1 1 1 1 1 1 1 1 1 1 1 1 1 1 1 1 1 1 1 1 1 1 1 1 1
ciInstanceKlass java/security/AccessController 1 1 292 10 10 10 10 10 10 10 10 10 10 100 8 10 10 10 10 7 7 10 10 10 10 10 10 9 10 10 7 10 9 10 10 9 10 100 10 11 10 11 100 10 10 10 8 10 8 10 8 100 10 10 10 10 10 8 10 8 8 10 8 10 10 7 10 100 100 1 1 100 1 1 1 1 1 1 1 1 1 1 1 1 1 1 1 1 1 1 1 1 1 1 1 1 1 1 1 1 1 1 1 1 1 1 1 1 7 100 1 1 1 1 1 1 1 7 1 1 1 1 1 1 1 1 1 1 100 1 1 1 1 1 1 1 1 1 1 1 1 1 1 1 1 1 1 1 1 1 1 1 1 1 1 1 1 1 1 1 1 1 1 1 1 1 1 1 1 1 1 100 100 100 1 1 1 1 12 7 12 12 12 12 12 12 12 12 12 1 1 12 12 12 12 1 1 12 12 12 12 7 12 12 100 12 12 12 1 12 12 12 12 12 1 7 12 7 12 1 12 12 12 1 12 1 12 1 1 12 12 12 12 100 12 1 1 12 1 12 12 1 12 1 1 1 1 1 1 1 1 1 1 1 1 1 1 1 1 1 1 1 1 1 1 1 1 1 1 1 1 1 1 1 1 1 1 1 1 1 1 1 1 1 1 1 1 1 1 1 1 1 1 1
staticfield java/security/AccessController $assertionsDisabled Z 1
instanceKlass java/net/URLClassLoader
instanceKlass jdk/internal/loader/BuiltinClassLoader
ciInstanceKlass java/security/SecureClassLoader 1 1 127 10 7 10 9 10 10 9 10 10 10 10 10 10 7 10 7 10 7 10 11 7 100 8 10 10 7 7 1 1 7 1 1 1 1 1 1 1 1 1 1 1 1 1 1 1 1 1 1 1 100 1 1 1 1 100 1 1 1 1 1 1 1 1 1 1 1 1 1 1 1 1 1 1 1 1 1 1 1 1 1 12 1 12 12 7 12 12 12 12 12 12 12 12 12 1 1 12 1 12 7 12 1 1 1 12 12 1 1 1 1 1 1 1 1 1 1 1 1 1 1 1 1 1 1 1 1
instanceKlass java/lang/InstantiationException
instanceKlass java/lang/IllegalAccessException
instanceKlass java/lang/reflect/InvocationTargetException
instanceKlass java/lang/NoSuchMethodException
instanceKlass java/lang/NoSuchFieldException
instanceKlass java/lang/ClassNotFoundException
ciInstanceKlass java/lang/ReflectiveOperationException 1 1 34 10 10 10 10 100 7 1 1 1 5 0 1 1 1 1 1 1 1 1 1 1 1 1 1 1 1 1 12 12 12 12 1 1
ciInstanceKlass java/lang/ClassNotFoundException 1 1 37 100 10 10 9 100 7 1 1 1 5 0 1 1 1 1 1 1 1 1 1 1 1 1 1 1 1 1 1 1 1 12 12 12 1 1 1
instanceKlass java/lang/ClassFormatError
instanceKlass java/lang/ExceptionInInitializerError
instanceKlass java/lang/UnsatisfiedLinkError
instanceKlass java/lang/IncompatibleClassChangeError
instanceKlass java/lang/BootstrapMethodError
instanceKlass java/lang/NoClassDefFoundError
ciInstanceKlass java/lang/LinkageError 1 1 31 10 10 10 100 7 1 1 1 5 0 1 1 1 1 1 1 1 1 1 1 1 1 1 1 1 12 12 12 1 1
ciInstanceKlass java/lang/NoClassDefFoundError 1 1 26 10 10 100 7 1 1 1 5 0 1 1 1 1 1 1 1 1 1 1 1 1 12 12 1 1
ciInstanceKlass java/lang/ClassCastException 1 1 26 10 10 100 100 1 1 1 5 0 1 1 1 1 1 1 1 1 1 1 1 1 12 12 1 1
ciInstanceKlass java/lang/ArrayStoreException 1 1 26 10 10 100 100 1 1 1 5 0 1 1 1 1 1 1 1 1 1 1 1 1 12 12 1 1
instanceKlass java/lang/InternalError
instanceKlass java/lang/StackOverflowError
instanceKlass java/lang/OutOfMemoryError
ciInstanceKlass java/lang/VirtualMachineError 1 1 34 10 10 10 10 100 100 1 1 1 5 0 1 1 1 1 1 1 1 1 1 1 1 1 1 1 1 1 12 12 12 12 1 1
ciInstanceKlass java/lang/OutOfMemoryError 1 1 26 10 10 100 100 1 1 1 5 0 1 1 1 1 1 1 1 1 1 1 1 1 12 12 1 1
ciInstanceKlass java/lang/StackOverflowError 1 1 26 10 10 100 100 1 1 1 5 0 1 1 1 1 1 1 1 1 1 1 1 1 12 12 1 1
ciInstanceKlass java/lang/IllegalMonitorStateException 1 1 26 10 10 100 100 1 1 1 5 0 1 1 1 1 1 1 1 1 1 1 1 1 12 12 1 1
instanceKlass java/lang/ref/PhantomReference
instanceKlass java/lang/ref/FinalReference
instanceKlass java/lang/ref/WeakReference
instanceKlass java/lang/ref/SoftReference
ciInstanceKlass java/lang/ref/Reference 1 1 159 10 9 10 9 9 7 10 10 9 9 10 10 10 9 9 100 10 10 10 7 10 10 10 7 8 10 7 10 10 10 7 10 10 7 1 1 1 1 1 1 1 1 1 1 1 1 1 1 1 1 1 1 1 1 1 1 1 1 1 1 1 1 1 1 1 1 1 1 100 1 1 100 1 1 1 1 1 1 1 1 1 1 1 1 1 1 7 1 1 1 1 1 1 1 1 1 7 1 1 1 1 12 12 12 12 12 1 12 12 12 12 12 12 12 12 12 1 12 12 1 12 12 12 1 1 12 1 12 12 12 1 7 12 1 1 1 1 1 1 1 1 1 1 1 1 1 1 1 1 1 1 1 1 1 1 1 1 1
staticfield java/lang/ref/Reference processPendingLock Ljava/lang/Object; java/lang/Object
instanceKlass org/eclipse/sisu/inject/MildElements$Soft
instanceKlass sun/util/locale/provider/LocaleResources$ResourceReference
instanceKlass sun/util/resources/Bundles$BundleReference
instanceKlass org/eclipse/sisu/inject/MildKeys$Soft
instanceKlass java/lang/invoke/LambdaFormEditor$Transform
instanceKlass jdk/internal/ref/SoftCleanable
instanceKlass sun/util/locale/LocaleObjectCache$CacheEntry
ciInstanceKlass java/lang/ref/SoftReference 1 1 47 10 9 9 10 10 7 7 1 1 1 1 1 1 1 1 1 1 1 1 1 1 1 1 1 1 1 1 1 1 1 1 1 1 100 1 1 1 1 12 12 12 12 12 1 1 1
instanceKlass com/google/common/collect/MapMakerInternalMap$AbstractWeakKeyEntry
instanceKlass org/eclipse/sisu/inject/MildElements$Weak
instanceKlass java/lang/WeakPairMap$WeakRefPeer
instanceKlass com/google/common/cache/LocalCache$WeakEntry
instanceKlass java/lang/ClassValue$Entry
instanceKlass java/util/logging/LogManager$LoggerWeakRef
instanceKlass java/util/logging/Level$KnownLevel
instanceKlass org/eclipse/sisu/inject/MildKeys$Weak
instanceKlass java/lang/invoke/MethodType$ConcurrentWeakInternSet$WeakEntry
instanceKlass jdk/internal/ref/WeakCleanable
instanceKlass java/util/WeakHashMap$Entry
instanceKlass java/lang/ThreadLocal$ThreadLocalMap$Entry
ciInstanceKlass java/lang/ref/WeakReference 1 1 31 10 10 100 7 1 1 1 1 1 1 1 1 1 1 1 1 1 1 1 1 1 1 1 1 1 1 12 12 1 1
instanceKlass java/lang/ref/Finalizer
ciInstanceKlass java/lang/ref/FinalReference 1 1 36 10 100 8 10 100 7 1 1 1 1 1 1 1 1 1 1 1 1 1 1 1 1 1 1 1 1 1 1 12 1 1 12 1 1 1
instanceKlass jdk/internal/ref/PhantomCleanable
instanceKlass jdk/internal/ref/Cleaner
ciInstanceKlass java/lang/ref/PhantomReference 1 1 30 10 100 7 1 1 1 1 1 1 1 1 1 1 1 1 1 1 1 1 1 1 1 1 1 1 1 12 1 1
ciInstanceKlass java/lang/ref/Finalizer 1 1 139 9 10 9 9 9 9 7 10 10 7 11 100 10 100 10 10 10 100 10 10 7 10 7 10 10 10 10 7 10 7 10 10 10 7 1 1 1 1 1 1 1 1 1 1 1 1 1 1 1 1 1 1 1 1 1 1 1 1 1 1 1 1 1 1 1 1 1 1 1 1 1 1 1 1 7 1 1 1 1 12 12 12 12 12 12 1 12 12 1 7 12 1 12 1 12 100 12 100 12 1 12 12 1 1 12 12 12 1 12 1 12 12 12 1 1 1 1 1 1 1 1 1 1 1 1 1 1 1 1 1 1 1 1 1 1 1 1 1
staticfield java/lang/ref/Finalizer lock Ljava/lang/Object; java/lang/Object
instanceKlass java/util/logging/LogManager$Cleaner
instanceKlass org/apache/maven/shared/utils/logging/MessageUtils$1
instanceKlass jdk/internal/misc/InnocuousThread
instanceKlass java/lang/ref/Finalizer$FinalizerThread
instanceKlass java/lang/ref/Reference$ReferenceHandler
ciInstanceKlass java/lang/Thread 1 1 592 9 9 10 9 9 100 8 10 3 8 3 10 10 9 9 9 9 7 100 8 10 9 10 10 10 10 10 10 9 10 10 9 10 10 9 10 9 10 9 9 10 10 9 10 9 100 10 7 10 8 10 10 10 10 10 10 9 100 10 10 10 10 100 11 9 10 10 10 9 10 9 10 100 10 10 10 11 10 10 10 7 10 10 10 10 10 10 10 10 10 10 100 8 10 10 10 8 10 8 10 8 8 10 10 100 8 10 9 9 10 10 10 9 10 100 10 11 9 9 10 100 10 11 100 10 10 11 10 100 10 10 10 8 9 10 11 10 11 10 7 7 1 1 100 1 100 1 100 1 1 1 1 1 1 1 1 1 1 1 1 1 1 1 1 1 1 1 1 100 1 1 1 1 1 1 1 1 1 1 1 1 1 1 1 3 1 3 1 3 1 1 1 1 1 1 1 1 1 1 1 1 1 1 1 1 1 1 1 1 1 1 1 1 1 1 1 100 1 1 1 1 1 1 1 100 1 1 1 1 1 1 1 1 1 1 1 1 1 7 100 100 100 1 1 1 1 1 1 1 1 1 1 1 1 1 1 1 1 1 1 1 1 1 1 1 1 1 1 1 1 1 1 1 1 1 1 1 1 1 1 1 1 1 1 1 1 1 1 1 1 1 1 1 1 1 1 1 1 1 1 1 1 1 1 1 1 1 1 1 1 1 1 100 100 1 1 1 1 1 1 1 1 1 100 100 1 1 1 1 1 1 1 1 1 1 1 1 1 1 1 1 1 1 1 1 1 1 1 1 1 1 1 1 1 1 1 1 1 1 1 1 1 1 1 1 1 1 100 1 1 1 1 1 1 1 1 1 1 1 1 12 12 12 12 12 1 1 12 1 12 12 12 12 12 12 1 1 1 12 7 12 12 12 12 12 100 12 12 12 12 12 12 12 12 12 7 12 12 12 12 100 12 12 12 12 1 1 1 12 12 12 12 12 12 12 1 12 12 12 1 12 100 12 12 12 12 12 12 12 1 12 12 12 12 12 12 1 12 12 12 12 12 12 12 12 12 1 1 12 12 1 12 1 1 1 100 12 100 12 1 12 12 12 12 12 12 1 12 12 12 12 12 1 12 100 12 1 12 12 12 12 1 12 12 100 12 12 12 12 100 12 12 12 1 1 1 1 1 1 1 1 1 1 1 1 1 1 1 1 1 1 1 1 1 1 1 1 1 1 1 1 1 1 1 1 1 1 1 1 1 1 1 1 1 1 1 1 1 1 1 1 1 1 1 1 1 1 1 1 1 1 1 1 1 1 1 1 1 1 1 1 1 1 1 1 1 1 1 1 1 1
staticfield java/lang/Thread EMPTY_STACK_TRACE [Ljava/lang/StackTraceElement; 0 [Ljava/lang/StackTraceElement;
ciInstanceKlass java/lang/ThreadGroup 1 1 289 10 9 8 9 7 9 9 10 10 10 10 10 9 10 10 9 10 9 9 10 100 10 10 10 9 10 10 9 10 10 10 10 10 10 10 10 10 10 10 100 10 10 10 7 10 100 10 9 10 8 10 10 10 10 11 100 9 100 10 8 10 10 8 10 10 10 10 8 10 8 10 8 7 100 1 1 1 1 1 1 1 1 1 1 1 1 1 1 1 1 1 1 1 1 1 1 1 1 1 1 1 1 1 1 1 1 1 1 1 1 1 1 1 1 1 1 1 1 1 1 1 100 1 1 1 1 1 1 100 1 1 1 1 1 1 1 1 1 1 1 1 1 1 1 1 1 1 1 1 1 1 1 1 1 1 1 1 1 1 1 1 1 1 1 1 1 1 1 1 1 1 1 100 1 1 1 1 1 1 1 1 1 1 1 1 1 12 12 1 12 1 12 12 12 12 12 12 12 12 12 12 12 100 12 12 12 100 12 12 7 12 12 12 12 12 12 12 12 12 12 12 12 12 12 12 1 12 12 1 12 12 12 12 1 12 12 12 12 1 12 1 1 12 12 1 12 12 12 100 1 1 12 1 1 1 1 1 1 1 1 1 1 1 1 1 1 1 1 1 1 1 1 1 1 1 1 1 1 1 1 1 1 1 1 1 1 1 1
ciInstanceKlass java/util/Map 1 1 258 11 11 10 11 11 11 11 7 11 11 100 100 10 11 11 11 11 10 11 11 10 100 10 7 7 10 7 10 100 11 100 11 7 1 1 1 1 1 1 1 1 1 1 1 1 1 1 1 1 1 1 1 1 1 1 1 1 1 1 1 1 1 1 1 1 1 1 1 1 1 1 1 1 1 1 1 1 1 1 1 1 1 1 1 1 1 1 1 1 1 1 1 100 100 1 1 1 1 1 1 100 1 1 1 1 1 1 1 1 1 1 1 1 1 1 1 1 1 1 1 1 1 1 1 1 1 1 1 1 1 1 1 1 1 1 1 1 1 1 1 1 1 1 1 1 1 1 1 1 1 1 1 1 1 1 1 1 1 1 1 1 1 1 1 1 1 1 1 1 1 1 1 1 1 1 1 1 1 1 100 1 1 1 1 1 1 1 1 1 1 1 1 1 1 12 12 100 12 12 100 12 12 12 1 12 12 1 1 12 12 12 12 12 12 12 100 12 7 12 1 1 12 1 1 1 12 1 1 1 12 12 1 1 1 1 1 1 1 1 1 1 1 1 1 1 1 1 1 1 1 1 1 1 1 1 1 1
instanceKlass java/util/Hashtable
ciInstanceKlass java/util/Dictionary 1 1 36 10 100 7 1 1 1 1 1 1 1 1 1 1 1 1 1 1 1 1 1 1 1 1 1 1 1 1 1 1 1 1 1 12 1 1
instanceKlass java/util/Properties
ciInstanceKlass java/util/Hashtable 1 1 512 100 10 9 100 100 10 8 10 10 10 10 10 8 10 9 7 9 7 4 10 9 4 10 11 10 10 9 10 100 10 9 10 9 10 10 3 9 9 3 10 10 10 11 11 11 11 100 11 11 10 10 10 9 9 9 10 100 100 10 10 8 10 10 8 10 8 10 7 10 10 100 10 10 100 10 100 10 10 100 11 11 100 10 10 10 11 100 10 11 11 10 10 10 10 10 10 10 8 10 100 8 10 4 10 4 10 8 10 10 100 11 10 10 10 10 7 100 100 1 1 1 100 1 1 1 1 1 1 1 1 1 1 1 1 1 1 1 1 1 5 0 1 1 1 1 1 1 1 1 1 1 3 1 3 1 3 1 1 1 1 1 1 1 1 1 1 1 1 1 1 1 1 1 1 1 1 1 1 1 1 1 1 1 1 1 1 1 1 1 1 1 1 1 1 1 100 1 1 1 1 1 7 1 1 1 1 1 1 1 1 1 1 1 1 1 1 1 1 1 1 1 1 1 1 1 1 1 100 1 1 1 1 1 1 1 1 1 1 1 1 1 1 1 1 1 100 1 1 1 1 1 1 1 1 1 1 1 1 1 1 1 1 1 1 1 1 1 1 1 1 1 1 1 1 1 1 100 1 1 1 1 1 1 1 100 1 1 1 1 1 1 1 1 1 1 1 1 1 100 1 1 1 1 1 1 1 1 1 1 1 1 1 1 1 100 1 1 1 100 100 1 1 1 1 1 1 100 1 1 100 1 1 1 1 1 1 1 1 1 1 1 1 12 12 1 1 1 12 12 12 12 7 12 1 12 12 1 12 1 7 12 12 12 12 12 12 12 12 1 12 12 12 12 12 12 12 12 12 12 12 100 12 12 12 1 12 12 12 12 12 12 12 12 1 1 12 1 12 1 1 100 12 1 12 12 1 12 12 1 1 12 1 12 12 1 100 12 12 1 12 12 12 12 12 12 12 12 100 12 12 1 1 12 12 1 12 100 12 1 100 12 12 12 12 1 1 1 1 1 1 1 1 1 1 1 1 1 1 1 1 1 1 1 1 1 1 1 1 1 1 1 1 1 1 1 1 1 1 1 1 1 1 1 1 1 1 1 1 1 1 1 1 1 1 1 1 1 1 1 1 1 1 1 1 1 1 1 1 1 1 1
instanceKlass java/security/Provider
ciInstanceKlass java/util/Properties 1 1 645 10 100 10 7 10 9 9 9 10 10 8 10 7 10 10 8 10 7 10 10 9 10 7 10 10 10 100 8 10 10 10 10 100 3 10 10 10 8 10 10 10 10 10 100 100 10 10 100 9 10 10 10 100 10 10 10 11 11 11 7 11 11 10 8 10 10 100 10 10 10 9 10 10 100 100 100 10 8 8 10 10 10 7 10 10 10 100 10 10 11 10 8 10 11 8 10 11 9 10 10 10 10 10 10 10 10 10 10 10 10 10 10 10 7 10 10 10 10 10 10 10 10 10 10 10 10 10 10 10 10 7 10 100 10 11 4 11 10 10 11 10 10 10 100 8 10 10 10 100 6 0 10 11 10 10 1 1 1 1 1 1 5 0 1 1 1 1 1 1 1 1 1 1 1 1 1 1 1 1 1 1 1 1 1 1 1 1 1 1 1 1 1 1 1 1 1 1 1 1 1 1 1 1 1 1 1 1 1 1 1 1 1 1 1 1 1 1 1 1 1 1 1 100 1 1 1 1 1 1 1 1 1 1 1 1 1 1 1 1 1 1 1 1 1 1 1 1 1 100 1 1 1 1 1 1 1 1 1 100 7 100 1 1 1 100 1 1 1 1 1 1 1 1 1 1 1 1 1 1 1 1 1 1 1 1 1 1 1 1 1 1 1 1 1 1 1 1 7 100 1 1 100 1 1 1 1 1 1 1 1 1 1 1 1 1 1 1 1 1 1 1 1 1 1 1 1 1 1 1 1 1 1 1 1 1 1 1 1 1 1 1 1 1 1 1 1 1 1 1 1 1 1 1 1 1 1 1 1 1 1 1 1 1 1 1 1 1 1 1 1 1 1 1 1 1 1 1 1 1 1 1 1 1 1 1 1 1 1 1 1 1 1 1 100 100 1 1 1 1 100 1 1 1 1 1 12 1 12 1 12 12 12 12 7 12 12 1 7 12 1 12 12 1 12 1 12 12 12 12 1 12 12 12 1 1 12 12 12 12 1 12 12 1 12 12 12 12 12 1 1 12 12 1 100 12 12 12 12 1 12 7 12 12 12 1 12 12 12 1 12 12 1 12 100 12 100 12 12 100 12 1 1 1 1 1 12 12 12 1 12 12 1 12 12 7 12 1 12 1 12 12 12 12 12 12 12 12 12 12 12 12 12 12 1 12 12 12 12 12 12 12 12 12 12 12 12 12 12 12 1 12 1 12 12 12 12 12 100 12 12 1 1 12 100 12 1 12 100 12 12 12 1 1 1 1 1 1 1 1 1 1 1 1 1 1 1 1 1 1 1 1 1 1 1 1 1 1 1 1 1 1 1 1 1 1 1 1 1 1 1 1 1 1 1 1 1 1 1 1 1 1 1 1 1 1 1 1 1 1 100 1 1 1 1 1 1 1 1 1 1 1 1 1 1 1 1 1 1 1 1 1 1 1 1 1 1 1 1 1 1 1 1 1 1
staticfield java/util/Properties UNSAFE Ljdk/internal/misc/Unsafe; jdk/internal/misc/Unsafe
staticfield java/util/Properties hexDigit [C 16
ciInstanceKlass java/lang/Module 1 1 907 10 9 10 9 9 9 10 10 10 10 7 10 10 7 11 7 10 10 9 10 10 8 10 10 10 9 11 9 10 9 10 10 100 100 10 10 8 10 10 10 10 10 10 9 10 10 9 10 10 9 11 7 10 9 9 10 7 7 10 100 8 10 10 10 8 10 10 10 10 8 8 10 10 10 18 10 11 9 11 10 100 8 10 7 10 10 11 11 9 11 10 10 9 10 10 10 10 18 11 10 11 10 11 4 10 7 10 11 7 10 11 7 10 7 8 10 10 7 10 10 7 7 10 9 100 10 11 10 10 10 11 7 10 11 10 11 10 10 10 10 10 10 10 10 18 11 11 18 10 10 10 7 10 10 10 9 7 10 10 10 10 10 10 10 10 10 9 18 10 7 100 8 10 10 10 100 10 100 8 100 10 100 100 3 10 100 10 10 10 100 10 10 100 100 10 8 10 10 10 10 10 10 10 100 10 10 10 100 8 10 10 8 10 8 10 10 10 8 10 7 10 10 10 11 100 7 1 1 1 1 1 1 1 1 1 1 1 1 1 1 1 1 1 1 1 1 1 1 1 1 1 1 1 1 1 1 1 1 1 1 1 1 1 1 1 1 1 1 1 1 1 1 7 1 1 1 1 1 1 1 1 1 1 100 1 1 1 1 1 1 1 1 1 1 1 1 1 1 1 1 1 1 1 1 1 1 1 1 1 1 1 1 1 1 1 1 1 1 1 1 1 1 1 1 1 1 1 1 1 1 1 1 1 1 1 1 1 1 1 1 100 1 1 1 1 1 1 1 1 1 1 1 1 1 1 1 1 1 1 1 1 100 1 1 1 1 1 1 1 1 1 1 1 1 1 1 1 1 1 1 1 1 1 1 1 1 1 1 1 1 1 1 1 7 7 7 7 7 1 1 1 1 1 1 1 1 1 1 1 1 1 1 1 1 1 1 1 1 100 1 1 1 1 1 1 1 1 1 1 1 1 1 1 1 1 1 1 1 1 100 1 1 1 1 1 1 1 1 1 1 1 1 1 100 100 1 100 1 1 1 1 1 100 1 1 1 1 1 1 1 1 1 1 1 1 1 1 1 1 1 7 1 1 1 1 1 1 1 1 1 12 12 12 12 12 12 12 12 12 12 1 7 12 12 1 12 12 7 12 100 12 12 12 1 12 12 12 12 12 12 7 12 12 100 12 12 1 1 12 1 12 12 12 12 12 12 12 12 12 12 12 12 12 12 1 12 12 12 12 1 1 12 1 1 12 12 1 12 12 12 12 1 1 12 12 12 1 15 16 15 16 12 12 12 12 12 7 12 1 1 1 12 12 12 12 12 12 12 12 12 12 7 12 16 15 16 12 12 100 12 12 12 12 12 1 12 1 12 1 7 12 100 1 1 1 12 12 1 12 12 1 1 12 12 1 12 12 12 12 1 12 12 12 12 12 12 12 12 12 12 12 16 15 16 12 12 12 15 16 12 12 12 12 1 12 12 12 12 1 12 12 12 12 12 12 12 16 15 16 12 100 12 1 1 1 12 12 12 1 12 1 1 1 1 1 12 1 12 12 12 1 12 12 1 1 12 1 12 12 100 12 12 12 12 12 1 12 12 1 1 12 100 12 1 12 1 12 12 12 1 1 12 12 12 1 1 1 1 1 1 1 1 1 1 1 1 1 1 1 1 1 1 1 1 1 1 1 1 1 1 1 1 1 1 1 1 1 1 1 1 1 1 1 1 1 1 1 1 1 1 1 1 1 1 1 1 1 1 1 1 1 1 1 1 10 10 1 1 1 1 1 1 1 1 1 1 1 1 1 1 1 1 10 1 1 1 1 1 1 1 1 1 1 1 1 1 1 1 1 1 1 1 1 1 1 1 1 1 1 1 1 1 1 1 1 1 1 10 1 1 1 1 1 1 10 1 1 1 1 1 1 10 1 1 1 1 1 1 1 1 1 1 1 1 1 1 1 1 1 1 1 1 1 1 1 1 1 1 1 1 1 1 1 1 1 1 1 1 1 1 7 12 12 100 12 12 12 1 1 100 1 1 1 100 1 1
staticfield java/lang/Module ALL_UNNAMED_MODULE Ljava/lang/Module; java/lang/Module
staticfield java/lang/Module ALL_UNNAMED_MODULE_SET Ljava/util/Set; java/util/ImmutableCollections$Set12
staticfield java/lang/Module EVERYONE_MODULE Ljava/lang/Module; java/lang/Module
staticfield java/lang/Module EVERYONE_SET Ljava/util/Set; java/util/ImmutableCollections$Set12
staticfield java/lang/Module $assertionsDisabled Z 1
instanceKlass java/lang/reflect/Executable
instanceKlass java/lang/reflect/Field
ciInstanceKlass java/lang/reflect/AccessibleObject 1 1 405 10 9 10 10 10 10 7 10 10 9 100 10 11 7 100 10 7 100 10 10 7 10 10 7 10 7 10 10 10 10 10 10 10 10 10 10 8 100 10 10 8 10 10 8 8 8 8 8 8 100 10 10 9 10 10 10 18 10 10 10 11 100 100 8 10 10 10 8 10 8 10 10 100 8 10 11 10 10 10 10 10 9 100 10 10 9 10 8 10 8 10 9 100 10 7 10 10 7 9 7 7 1 1 1 1 1 1 1 1 1 1 1 1 1 1 1 1 100 1 1 1 1 1 1 1 1 1 1 1 1 1 1 1 1 1 1 1 1 1 1 1 1 1 1 1 1 1 1 1 1 1 1 1 1 1 1 1 7 100 1 1 1 1 1 1 1 1 1 1 1 1 1 1 1 1 1 1 1 1 1 1 1 1 1 1 1 1 1 1 1 1 1 1 1 1 1 1 1 1 1 1 1 1 100 1 1 1 1 1 1 1 1 1 1 1 1 1 1 1 1 1 7 12 100 12 12 12 7 12 7 12 12 12 12 1 12 12 1 1 12 1 1 12 12 1 12 12 1 12 1 7 12 12 12 12 12 12 12 12 1 1 12 1 12 12 1 1 1 1 1 1 1 12 12 12 12 12 7 12 1 15 16 15 16 12 12 12 1 1 1 12 12 1 12 1 12 1 1 12 12 12 12 12 12 12 12 12 12 100 12 1 100 12 1 12 12 1 1 1 1 7 12 1 12 1 1 1 1 1 1 1 1 1 1 1 1 1 1 1 1 1 1 1 1 1 1 1 1 1 1 1 1 1 1 1 1 1 1 1 1 1 1 1 1 1 1 1 1 1 1 1 10 10 1 1 1 1 1 1 1 1 1 1 1 1 1 1 1 1 1 1 1 1 7 12 12 1 1 100 1 1 100 1 1
staticfield java/lang/reflect/AccessibleObject reflectionFactory Ljdk/internal/reflect/ReflectionFactory; jdk/internal/reflect/ReflectionFactory
ciInstanceKlass java/lang/reflect/Field 1 1 433 9 10 10 10 9 10 10 10 10 9 9 9 9 9 9 9 100 8 10 7 10 9 9 10 10 10 10 10 10 7 10 10 10 10 10 10 10 100 10 8 10 10 8 10 10 8 8 10 11 9 10 10 11 11 11 11 11 11 11 11 11 11 11 11 11 11 11 11 11 11 10 10 10 10 10 9 10 10 10 10 11 10 7 10 10 9 10 11 10 10 9 10 10 7 100 1 1 1 1 1 1 1 1 1 1 1 1 1 1 1 1 1 1 1 1 1 1 1 1 1 1 1 1 1 1 1 1 1 1 1 1 1 1 1 1 1 1 1 1 1 1 1 1 1 1 1 1 1 1 1 1 1 1 1 1 1 1 1 1 1 1 1 1 1 1 1 1 1 7 1 1 1 1 100 1 1 1 100 1 1 1 1 1 1 1 1 1 1 1 1 1 1 1 1 1 1 1 1 1 1 1 1 1 1 1 1 1 1 1 1 1 1 1 1 1 1 1 1 1 1 1 1 1 1 1 1 1 1 7 100 1 1 1 1 1 7 1 1 1 1 1 1 1 1 1 1 1 1 1 1 1 1 1 1 1 1 7 100 1 1 1 1 1 1 1 1 12 12 100 12 100 12 12 12 12 7 12 12 12 12 12 12 12 12 12 1 1 12 1 12 12 12 12 7 12 12 12 12 12 1 12 12 12 12 12 12 1 1 12 12 1 12 12 1 1 12 12 12 12 12 12 12 12 12 12 12 12 12 12 12 12 12 12 12 12 12 12 12 12 12 12 12 7 12 12 7 12 12 12 1 100 12 7 12 12 7 12 7 12 12 12 7 12 7 12 12 1 1 1 1 1 1 1 1 1 1 1 1 1 1 1 1 1 1 1 1 1 1 1 1 1 1 1 1 1 1 1 1 1 1 1 1 1 1 1 1 1 1 1 1 1 1 1 1 1 1 1 1 1 1 1 1 100 1 1 1 1 1 1 1 1 1
ciInstanceKlass java/lang/reflect/Parameter 1 1 226 10 9 9 9 9 7 10 10 10 100 10 10 11 10 10 10 10 10 8 8 10 10 10 8 10 8 10 9 10 9 10 10 10 10 10 10 10 10 11 10 100 10 10 10 10 10 9 100 10 11 11 7 100 1 1 1 1 1 1 1 1 1 1 1 1 1 1 1 1 1 1 1 1 1 1 1 1 1 1 1 1 1 1 1 1 1 1 1 1 1 1 1 100 100 1 1 1 1 1 1 1 1 1 1 1 100 1 1 1 1 1 1 1 1 1 1 1 1 1 1 1 1 1 1 1 1 1 1 100 1 1 1 12 12 12 12 12 1 12 12 100 12 1 12 12 12 100 12 12 12 12 1 1 12 12 12 1 1 12 12 12 12 12 12 12 12 12 100 12 12 100 12 12 1 100 12 12 12 12 12 12 1 12 12 1 1 1 1 1 1 1 1 1 1 1 1 1 1 1 1 1 1 1 1 1 1 1 1 1 1 1 1 1 1 1 1 1 1 1 1 1 1 1 1 1
instanceKlass java/lang/reflect/Constructor
instanceKlass java/lang/reflect/Method
ciInstanceKlass java/lang/reflect/Executable 1 1 458 10 10 10 11 10 10 10 10 10 7 8 7 10 10 10 100 8 10 10 10 10 8 8 10 10 100 8 10 8 10 8 11 10 10 11 10 8 8 10 10 100 10 10 10 10 10 10 7 10 10 10 10 10 7 10 7 8 10 10 3 100 8 10 10 10 10 10 8 8 8 9 10 100 8 9 10 10 10 10 10 10 7 10 10 100 10 7 10 10 11 10 10 10 9 10 7 10 10 9 10 10 9 10 9 10 9 7 100 100 1 1 1 1 1 1 1 1 1 1 1 1 1 1 1 1 1 1 1 1 1 1 1 1 1 1 1 1 1 1 1 1 1 1 1 1 1 1 1 1 1 1 1 1 1 1 1 1 1 1 1 1 1 1 1 1 1 1 100 1 1 1 1 1 1 1 1 1 1 1 1 1 1 1 1 1 100 100 100 1 1 1 1 1 1 1 1 1 1 1 1 1 1 1 1 1 1 1 1 1 1 1 1 1 1 1 1 1 1 1 1 1 1 1 1 1 1 1 1 1 1 1 1 1 1 1 1 1 1 1 1 1 1 1 1 1 1 1 1 1 1 1 1 1 1 1 1 1 1 7 100 100 1 1 1 1 1 1 1 1 1 1 1 1 12 7 12 12 7 12 7 12 12 12 12 12 1 1 1 12 12 1 1 12 7 12 12 12 1 1 12 1 1 12 1 12 1 100 12 12 12 1 1 12 12 1 12 12 7 12 12 12 1 12 12 12 12 7 12 12 1 1 12 12 1 1 12 12 12 12 1 1 1 12 12 1 1 12 12 12 12 12 12 12 12 12 1 100 12 1 7 12 12 12 12 100 12 12 12 12 1 12 12 7 12 7 12 12 12 12 12 12 12 1 1 1 1 1 1 1 1 1 1 1 1 1 1 1 1 1 1 1 1 1 1 1 1 1 1 1 1 1 1 1 1 1 1 1 1 1 1 1 1 1 1 1 1 1 1 1 1 1 1 1 1 1 1 1 1 1 1 1 100 1 1 1 1 1 1 1 1 1 1 1 1 1 1 1
ciInstanceKlass java/lang/reflect/Method 1 1 441 9 10 10 9 10 10 10 10 9 9 9 9 9 9 9 9 9 9 9 100 8 10 7 10 9 8 10 10 10 10 10 10 10 7 10 10 10 7 10 10 10 10 10 10 10 10 10 10 10 10 10 10 10 100 8 10 100 8 10 10 10 10 10 10 10 11 9 10 10 10 10 11 10 7 10 10 10 10 9 10 10 10 10 10 11 10 7 100 100 10 10 10 100 10 8 10 10 10 10 10 8 10 7 1 1 1 1 1 1 1 1 1 1 1 1 1 1 1 1 1 1 1 1 1 1 1 1 1 1 1 1 1 1 1 1 1 1 1 1 1 1 1 1 1 1 1 1 1 1 1 1 1 1 1 1 1 1 1 1 1 1 1 1 1 1 1 1 1 1 1 1 1 1 1 1 1 1 1 1 1 1 1 1 1 1 1 1 1 1 1 1 1 1 1 1 1 1 1 1 1 1 1 1 1 1 1 1 1 1 1 7 100 7 7 1 100 100 1 1 1 1 1 1 1 1 1 1 1 1 1 1 1 1 1 1 1 1 1 1 1 1 1 1 1 1 1 1 1 1 1 1 1 1 1 1 12 7 12 7 12 12 12 12 7 12 12 12 12 12 12 12 12 12 12 12 12 12 1 1 12 1 12 12 1 7 12 7 12 12 12 12 12 12 1 12 12 7 12 12 7 12 12 12 12 12 7 12 12 12 12 12 12 12 1 1 1 1 12 12 12 12 12 12 12 100 12 12 12 12 12 12 12 1 12 12 12 12 12 7 12 12 7 12 7 12 7 12 7 12 7 12 1 1 1 12 12 12 1 1 12 12 12 12 1 12 1 1 1 1 1 1 1 1 1 1 1 1 1 1 1 1 1 1 1 1 1 1 1 1 1 1 1 1 1 1 1 1 1 1 1 1 1 1 1 1 1 1 1 1 1 1 1 1 1 1 1 1 1 1 1 1 1 1 1 1 1 1 1 1 1 1 1 1 1 1 1 1 1 1 1
ciInstanceKlass java/lang/reflect/Constructor 1 1 415 10 10 9 10 10 10 9 10 9 9 9 9 9 9 9 9 100 8 10 7 10 9 10 10 10 10 10 7 100 8 10 10 10 10 10 100 10 7 10 10 10 10 10 10 10 10 10 100 8 10 10 100 8 10 10 10 10 10 10 10 9 10 10 100 8 10 11 10 10 10 9 10 10 10 10 10 10 10 10 10 100 8 10 10 10 10 10 10 10 11 9 10 10 7 1 1 1 1 1 1 1 1 1 1 1 1 1 1 1 1 1 1 1 1 1 1 1 1 1 1 1 1 1 1 1 1 1 1 1 1 1 1 1 1 1 1 1 1 1 1 1 1 1 1 1 1 1 1 1 1 1 1 1 1 1 1 1 1 1 1 1 1 1 1 1 1 1 1 1 1 1 1 1 1 1 1 1 1 1 1 1 1 1 1 1 1 1 1 1 1 1 1 1 1 1 1 1 7 1 100 100 100 1 1 1 1 1 1 1 1 1 1 1 1 1 1 1 1 1 1 1 1 1 1 1 1 1 1 1 1 1 1 1 1 1 1 1 1 1 7 12 7 12 12 12 12 7 12 12 12 12 12 12 12 12 12 12 12 1 1 12 1 12 12 7 12 7 12 12 12 12 1 1 1 12 12 12 12 1 7 12 12 7 12 12 7 12 12 12 12 12 1 1 12 1 1 12 12 12 12 12 12 12 12 12 12 1 1 12 12 12 12 12 12 7 12 12 12 12 12 12 12 12 12 1 1 12 12 12 12 100 12 100 12 100 12 100 12 12 1 1 1 1 1 1 1 1 1 1 1 1 1 1 1 1 1 1 1 1 1 1 1 1 1 1 1 1 1 1 1 1 1 1 1 1 1 1 1 1 1 1 1 1 1 1 1 1 1 1 1 1 1 1 1 1 1 1 1 1 1 1 1 1 1 100 1 1 1 1 1 1 1 1 1
instanceKlass jdk/internal/reflect/FieldAccessorImpl
instanceKlass jdk/internal/reflect/ConstructorAccessorImpl
instanceKlass jdk/internal/reflect/MethodAccessorImpl
ciInstanceKlass jdk/internal/reflect/MagicAccessorImpl 1 1 16 10 100 7 1 1 1 1 1 1 1 1 1 12 1 1
instanceKlass jdk/internal/reflect/GeneratedMethodAccessor12
instanceKlass jdk/internal/reflect/GeneratedMethodAccessor11
instanceKlass jdk/internal/reflect/GeneratedMethodAccessor10
instanceKlass jdk/internal/reflect/GeneratedMethodAccessor9
instanceKlass jdk/internal/reflect/GeneratedMethodAccessor8
instanceKlass jdk/internal/reflect/GeneratedMethodAccessor7
instanceKlass jdk/internal/reflect/GeneratedMethodAccessor6
instanceKlass jdk/internal/reflect/GeneratedMethodAccessor5
instanceKlass jdk/internal/reflect/GeneratedMethodAccessor4
instanceKlass jdk/internal/reflect/GeneratedMethodAccessor3
instanceKlass jdk/internal/reflect/GeneratedMethodAccessor2
instanceKlass jdk/internal/reflect/GeneratedMethodAccessor1
instanceKlass jdk/internal/reflect/DelegatingMethodAccessorImpl
instanceKlass jdk/internal/reflect/NativeMethodAccessorImpl
ciInstanceKlass jdk/internal/reflect/MethodAccessorImpl 1 1 25 10 100 7 100 1 1 1 1 1 1 1 1 1 1 100 100 1 1 12 1 1 1 1 1
instanceKlass jdk/internal/reflect/GeneratedConstructorAccessor7
instanceKlass jdk/internal/reflect/GeneratedConstructorAccessor6
instanceKlass jdk/internal/reflect/GeneratedConstructorAccessor5
instanceKlass jdk/internal/reflect/GeneratedConstructorAccessor4
instanceKlass jdk/internal/reflect/GeneratedConstructorAccessor3
instanceKlass jdk/internal/reflect/GeneratedConstructorAccessor2
instanceKlass jdk/internal/reflect/BootstrapConstructorAccessorImpl
instanceKlass jdk/internal/reflect/GeneratedConstructorAccessor1
instanceKlass jdk/internal/reflect/DelegatingConstructorAccessorImpl
instanceKlass jdk/internal/reflect/NativeConstructorAccessorImpl
ciInstanceKlass jdk/internal/reflect/ConstructorAccessorImpl 1 1 27 10 100 7 100 1 1 1 1 1 1 1 1 1 1 100 100 100 1 1 12 1 1 1 1 1 1
ciInstanceKlass jdk/internal/reflect/DelegatingClassLoader 1 1 18 10 100 7 1 1 1 1 1 1 1 1 1 1 1 12 1 1
ciInstanceKlass jdk/internal/reflect/ConstantPool 1 1 138 10 9 10 10 10 10 10 10 10 10 10 10 10 10 10 10 10 10 10 10 10 7 7 8 10 100 100 1 1 1 1 1 1 1 1 1 1 1 1 1 1 1 1 1 1 1 1 1 1 1 1 1 1 1 1 1 1 1 1 1 1 1 1 1 1 1 1 1 1 1 1 1 1 1 1 1 1 1 1 1 1 1 1 1 1 1 1 1 1 1 1 1 1 1 1 1 1 1 1 1 1 1 1 1 1 12 12 12 12 12 12 12 12 12 12 12 12 12 12 12 12 12 12 12 12 12 1 1 7 12 1 1 1 1 1 1 1
instanceKlass jdk/internal/reflect/UnsafeFieldAccessorImpl
ciInstanceKlass jdk/internal/reflect/FieldAccessorImpl 1 1 59 10 100 7 100 1 1 1 1 1 1 1 1 1 1 100 1 1 1 1 1 1 1 1 1 1 1 1 1 1 1 1 1 1 100 1 1 1 1 1 1 1 1 1 1 1 1 1 1 1 1 1 1 12 1 1 1 1 1
instanceKlass jdk/internal/reflect/UnsafeQualifiedFieldAccessorImpl
instanceKlass jdk/internal/reflect/UnsafeObjectFieldAccessorImpl
instanceKlass jdk/internal/reflect/UnsafeStaticFieldAccessorImpl
ciInstanceKlass jdk/internal/reflect/UnsafeFieldAccessorImpl 1 1 254 10 9 10 10 9 10 9 10 10 9 10 10 10 10 100 10 10 10 8 10 10 100 8 10 8 10 8 10 100 10 10 8 10 8 10 8 10 8 10 8 10 8 10 8 10 8 10 8 10 10 8 8 8 8 8 8 10 8 8 8 10 10 7 7 1 1 1 1 1 1 1 1 1 1 1 1 1 1 1 1 7 1 1 1 1 1 1 1 1 1 1 1 1 1 1 1 7 100 1 1 1 1 1 1 1 1 1 1 1 1 1 1 1 1 1 1 1 1 1 1 1 1 1 1 1 1 1 1 1 1 1 1 1 1 1 1 1 12 12 12 7 12 12 7 12 12 12 12 12 12 12 7 12 12 1 12 12 1 12 1 1 12 1 12 1 12 1 12 1 12 1 100 12 1 100 12 1 100 12 1 100 12 1 100 12 1 100 12 1 100 12 1 100 12 12 1 1 1 1 1 1 12 1 1 1 12 12 1 1 1 1 1 1 1 1 1 1 1 1 1 1 1 1 1 1 1 1 1 1 1 1 1 1 1 1 1 1 1 1 1 1 1 1 1 1 1 1 1 1 1 1 1 1
staticfield jdk/internal/reflect/UnsafeFieldAccessorImpl unsafe Ljdk/internal/misc/Unsafe; jdk/internal/misc/Unsafe
instanceKlass jdk/internal/reflect/UnsafeQualifiedStaticFieldAccessorImpl
ciInstanceKlass jdk/internal/reflect/UnsafeStaticFieldAccessorImpl 1 1 43 10 9 10 9 7 7 8 10 7 1 1 1 1 1 1 1 1 1 1 1 1 1 1 1 12 12 7 12 12 1 1 7 12 1 1 1 1 1 1 1 1 1
ciInstanceKlass jdk/internal/reflect/CallerSensitive 0 0 17 100 100 100 1 1 1 1 1 1 1 1 1 1 1 1 1
instanceKlass java/lang/invoke/DelegatingMethodHandle
instanceKlass java/lang/invoke/BoundMethodHandle
instanceKlass java/lang/invoke/DirectMethodHandle
ciInstanceKlass java/lang/invoke/MethodHandle 1 1 486 9 10 10 7 7 10 9 10 10 10 10 10 10 11 10 10 10 9 10 100 100 10 8 10 10 8 10 10 10 10 10 10 10 10 10 10 7 10 10 10 8 10 8 10 10 10 10 8 10 8 10 8 10 9 100 10 9 9 8 10 10 10 10 10 10 10 10 10 10 10 8 10 8 10 10 10 10 10 9 8 10 10 8 10 10 10 10 10 100 8 10 10 9 10 7 10 10 9 10 10 8 9 9 9 10 10 10 7 10 8 10 100 1 1 1 1 1 1 1 1 1 1 1 1 1 1 1 1 1 1 1 1 1 1 1 1 100 1 1 1 1 1 1 1 1 1 1 1 1 1 1 1 1 1 1 1 1 1 1 1 1 1 1 1 1 1 1 1 1 1 1 1 1 1 1 1 1 1 1 1 1 1 1 1 1 1 1 1 1 1 1 1 1 1 1 1 1 1 1 1 1 1 7 1 1 1 1 1 1 1 1 1 1 1 1 1 1 1 1 1 1 1 1 1 1 1 1 1 1 1 1 1 100 1 1 1 1 1 1 1 1 1 1 1 1 1 100 1 1 1 1 1 1 1 1 1 1 1 1 1 1 1 1 1 1 1 1 1 1 12 12 7 12 1 1 12 12 12 12 12 100 12 12 12 100 12 12 12 12 12 12 1 1 1 12 12 1 12 12 7 12 12 12 12 12 12 12 100 12 1 12 12 12 1 7 12 1 12 12 12 12 1 12 1 12 1 100 12 12 1 100 12 100 1 12 12 12 12 12 12 12 12 12 12 12 1 12 1 12 12 12 12 12 12 1 12 12 1 12 12 7 12 12 1 1 12 12 12 1 100 12 12 12 12 12 1 12 12 12 7 12 12 12 1 12 12 1 1 1 1 1 1 1 1 1 1 1 1 1 1 1 1 1 1 1 1 1 1 1 1 1 1 1 1 1 1 1 1 1 1 1 1 1 1 1 1 1 1 1 1 1 1 1 1 1 1 1 1 1 1 1 1 1 1 1 1 1 1 1 1 1 1 1 1 1 1 1 1 1 1 1 1 1 1 1 1 1 1 1 1 1 1 1 1 1 1 1 1 1 1 1 1 1 1 1
staticfield java/lang/invoke/MethodHandle FORM_OFFSET J 20
staticfield java/lang/invoke/MethodHandle $assertionsDisabled Z 1
instanceKlass java/lang/invoke/DirectMethodHandle$Interface
instanceKlass java/lang/invoke/DirectMethodHandle$Constructor
instanceKlass java/lang/invoke/DirectMethodHandle$Special
instanceKlass java/lang/invoke/DirectMethodHandle$Accessor
ciInstanceKlass java/lang/invoke/DirectMethodHandle 1 1 922 7 7 100 7 7 10 10 100 10 10 10 10 10 10 7 7 10 10 10 10 10 10 9 100 10 9 10 10 10 10 10 10 7 10 10 10 8 10 7 10 7 10 10 10 10 10 10 100 10 10 7 10 10 10 10 8 10 10 10 10 10 9 7 10 10 10 100 10 8 10 10 10 10 10 10 10 10 10 10 10 10 10 10 10 10 10 10 10 8 9 8 9 9 8 9 9 8 9 9 8 10 10 7 9 7 10 100 10 10 10 10 7 10 10 10 7 10 10 10 10 10 9 10 9 9 10 10 7 7 7 9 10 10 10 10 9 10 100 10 100 10 10 8 9 9 10 9 10 9 9 10 10 10 10 10 10 10 9 10 10 10 10 10 9 10 9 9 9 9 9 9 9 9 9 9 9 9 9 9 9 9 9 9 9 9 9 9 9 9 9 9 9 9 9 9 9 9 9 9 9 9 9 8 9 9 10 100 10 9 10 7 9 10 10 10 10 10 8 8 8 8 10 9 10 7 10 8 9 10 8 8 8 9 8 8 8 8 8 8 7 8 10 10 8 8 10 10 10 10 7 7 1 1 1 1 1 1 1 100 1 1 1 1 7 1 1 1 1 1 3 1 3 1 3 1 3 1 3 1 3 1 3 1 1 3 1 1 3 1 3 1 1 1 1 1 1 1 1 1 1 1 1 1 1 3 1 3 1 1 1 1 3 1 1 1 1 1 1 1 1 1 1 1 1 1 1 1 1 1 1 1 1 7 1 1 1 1 1 1 1 1 1 1 1 1 1 1 1 1 1 1 1 1 1 1 1 1 1 1 1 1 1 1 1 1 1 1 1 1 1 1 1 1 1 1 1 7 1 1 1 1 1 1 1 1 1 1 1 1 1 1 1 1 1 1 1 1 1 1 1 100 1 1 1 1 1 1 1 1 1 1 1 1 1 1 1 1 1 1 1 1 1 1 1 1 1 1 1 1 1 100 1 1 1 1 1 1 1 1 1 1 1 1 1 1 1 1 1 1 1 1 1 1 1 1 1 1 1 1 1 1 1 1 1 1 1 1 1 1 1 1 1 1 1 1 1 1 1 1 1 1 1 1 1 1 1 1 1 1 1 1 1 1 1 7 1 1 1 1 12 12 1 12 12 12 12 12 12 1 1 12 12 12 12 12 12 12 1 12 12 12 12 12 12 12 1 12 12 12 1 12 1 12 1 12 12 12 12 12 1 12 12 1 12 12 12 12 12 12 12 12 12 7 12 1 12 7 12 12 1 1 12 12 12 12 12 12 12 12 12 12 12 12 7 12 12 12 12 12 1 12 1 12 12 1 12 12 1 12 12 1 12 12 1 12 1 12 1 12 12 12 12 1 12 12 12 12 7 12 12 12 12 12 12 12 7 12 12 1 1 1 12 12 12 12 12 12 12 1 12 1 12 12 1 12 12 12 12 100 12 12 12 12 12 12 12 12 12 7 12 12 12 12 12 12 12 12 12 12 12 12 12 12 12 12 12 12 12 12 12 12 12 12 12 12 12 12 12 12 12 12 12 12 12 12 12 12 12 12 12 12 12 12 12 12 1 12 12 12 1 12 7 12 1 12 12 12 12 12 1 1 1 1 12 12 12 1 100 12 12 12 12 1 1 12 12 1 12 12 12 12 1 1 1 1 1 1 1 1 1 1 1 1 1 1 1 1 1 1 1 1 1 1 1 1 1 1 1 1 1 1 1 1 1 1 1 1 1 1 1 1 1 1 1 1 1 1 1 1 1 1 1 1 1 1 1 1 1 1 1 1 1 1 1 1 1 1 1 1 1 1 1 1 1 1 1 1 1 1 1 1 1 1 1 1 1 1 1 1 1 1 1 1 1 1 1 1 1 1 1 1 1 1 1 1 1 1 1 1 1 1 1 1 1 1 1 1 1 1 1 1 1 1 1 1 1 1 1 1 1 1 1 1 1 1 1 1 1 1 1 1 1 1 1 1 1 1 1 1 1 1 1 1 1 1 1 1 1 1 1 1 1 1 1 1 1 1 1 1 1 1 1 1 1 1 1 1 1 1 1 1 1 1 1 1 1 1 1 1 1 1
staticfield java/lang/invoke/DirectMethodHandle IMPL_NAMES Ljava/lang/invoke/MemberName$Factory; java/lang/invoke/MemberName$Factory
staticfield java/lang/invoke/DirectMethodHandle FT_UNCHECKED_REF I 8
staticfield java/lang/invoke/DirectMethodHandle ACCESSOR_FORMS [Ljava/lang/invoke/LambdaForm; 132 [Ljava/lang/invoke/LambdaForm;
staticfield java/lang/invoke/DirectMethodHandle ALL_WRAPPERS [Lsun/invoke/util/Wrapper; 10 [Lsun/invoke/util/Wrapper;
staticfield java/lang/invoke/DirectMethodHandle NFS [Ljava/lang/invoke/LambdaForm$NamedFunction; 12 [Ljava/lang/invoke/LambdaForm$NamedFunction;
staticfield java/lang/invoke/DirectMethodHandle OBJ_OBJ_TYPE Ljava/lang/invoke/MethodType; java/lang/invoke/MethodType
staticfield java/lang/invoke/DirectMethodHandle LONG_OBJ_TYPE Ljava/lang/invoke/MethodType; java/lang/invoke/MethodType
staticfield java/lang/invoke/DirectMethodHandle $assertionsDisabled Z 1
instanceKlass java/lang/invoke/VarHandleObjects$Array
instanceKlass java/lang/invoke/VarHandleObjects$FieldInstanceReadOnly
instanceKlass java/lang/invoke/VarHandleInts$FieldInstanceReadOnly
ciInstanceKlass java/lang/invoke/VarHandle 1 1 298 10 9 100 10 9 10 10 10 9 10 10 9 9 10 10 10 10 10 10 10 9 100 10 9 10 10 7 7 10 10 10 9 10 9 10 10 10 100 10 9 9 10 10 10 10 10 10 10 7 10 10 9 8 10 7 10 7 100 1 1 100 1 100 1 100 1 1 1 1 1 1 1 1 1 1 1 1 1 1 1 1 1 1 1 1 1 1 1 1 1 1 100 1 1 1 1 1 1 1 1 1 1 1 1 1 1 1 1 1 1 1 1 1 1 1 1 1 1 1 1 1 1 1 1 1 1 1 1 1 1 1 1 1 1 1 1 1 1 1 1 1 1 1 100 1 1 1 1 1 1 1 1 1 100 1 1 1 1 1 1 1 100 1 1 1 100 1 1 1 1 1 1 1 1 1 1 1 1 12 12 1 12 12 12 12 12 12 12 12 12 12 12 12 12 12 100 12 12 1 12 12 12 1 1 12 100 12 12 12 12 12 12 12 12 1 7 12 12 7 12 12 12 12 12 12 12 1 7 12 12 12 1 12 1 1 1 1 1 1 1 1 1 1 1 1 1 1 1 1 1 1 1 1 1 1 1 1 1 1 1 1 1 1 1 1 1 1 1 1 1 1 1 1 1 1 1 1 1 1 1 1 1 1 1 1 1 1 1 1 1 1 1 1 1 1 1 1
staticfield java/lang/invoke/VarHandle AIOOBE_SUPPLIER Ljava/util/function/BiFunction; jdk/internal/util/Preconditions$1
staticfield java/lang/invoke/VarHandle VFORM_OFFSET J 12
staticfield java/lang/invoke/VarHandle $assertionsDisabled Z 1
ciInstanceKlass java/lang/invoke/MemberName 1 1 747 7 7 100 9 10 9 10 10 10 10 10 10 10 9 10 100 100 10 8 10 10 10 10 9 8 10 7 7 10 10 100 100 7 10 9 100 8 10 10 10 10 10 10 10 10 10 10 8 8 8 10 10 9 3 10 10 10 10 10 10 10 10 10 7 8 10 10 8 9 8 9 10 8 10 10 10 10 10 100 10 10 8 10 10 8 10 10 100 10 10 8 8 100 10 10 100 10 10 10 10 10 10 10 10 10 3 10 3 10 3 3 3 3 3 3 100 10 10 10 3 9 10 3 10 10 10 10 10 10 10 10 10 10 10 10 10 10 100 10 10 10 100 10 10 10 10 10 10 8 10 10 10 10 10 10 10 10 10 10 10 10 10 100 10 100 8 10 7 10 10 10 10 10 8 8 8 8 10 10 10 8 8 10 8 10 10 10 8 8 10 10 8 10 8 10 10 10 8 8 8 100 10 8 8 8 8 10 100 100 100 10 100 10 100 10 9 10 100 100 7 1 1 1 1 1 1 1 1 1 1 1 1 1 1 1 1 1 3 1 3 1 3 1 3 1 3 1 3 1 1 1 1 1 1 1 1 3 1 1 1 1 3 1 1 1 1 1 1 1 1 1 1 1 1 1 1 1 1 1 1 1 1 1 1 1 1 1 1 1 1 1 1 1 1 1 1 1 1 1 1 1 1 1 1 1 1 1 1 1 1 1 1 1 1 1 1 1 1 1 1 1 1 1 1 1 1 1 1 1 1 1 1 1 1 1 1 1 1 1 1 1 1 1 1 1 1 1 1 1 1 1 1 1 1 1 1 1 1 1 1 1 1 1 1 1 1 1 1 1 1 1 1 1 1 1 1 1 1 1 1 1 1 1 7 1 1 1 1 1 1 1 1 1 1 1 100 1 1 1 1 1 1 100 1 1 1 1 1 1 1 1 1 1 1 1 1 1 1 1 1 1 1 1 1 1 1 1 1 1 1 1 1 1 1 1 1 1 1 1 1 1 1 1 1 1 1 1 1 1 1 100 1 1 100 1 1 1 1 1 1 1 1 1 7 1 1 12 12 12 12 12 12 12 12 12 12 100 12 12 1 1 12 1 12 12 12 12 12 1 100 12 1 1 12 1 12 12 1 1 12 12 12 12 12 12 12 12 12 12 1 1 1 100 12 12 12 12 12 12 12 12 12 12 12 1 12 12 100 100 12 1 12 12 12 12 12 1 12 12 1 12 12 1 12 12 1 12 12 1 1 1 12 100 12 1 12 12 12 12 12 12 12 12 12 12 100 1 12 7 12 12 12 12 12 7 12 12 12 12 12 12 12 12 12 1 12 1 12 12 12 12 12 12 12 12 12 12 12 12 12 1 12 1 1 1 12 12 12 12 12 1 1 1 1 12 12 12 1 1 12 1 12 12 1 1 12 1 12 1 12 12 12 1 1 1 1 1 1 1 1 12 1 1 1 1 1 12 12 12 1 1 1 1 1 1 1 1 1 1 1 1 1 1 1 1 1 1 1 1 1 1 1 1 1 1 1 1 1 1 1 1 1 1 1 1 1 1 1 1 1 1 1 1 1 1 1 1 1 1 1 1 1 1 1 1 1 1 1 1 1 1 1 1 1 1 1 1 1 1 1 1 1 1 1 1 1 1 1 1 1 1 1 1 1 1 1 1 1 1 1 1 1 1 1 1 1
staticfield java/lang/invoke/MemberName $assertionsDisabled Z 1
ciInstanceKlass java/lang/invoke/ResolvedMethodName 1 1 16 10 100 100 1 1 1 1 1 1 1 1 1 12 1 1
ciInstanceKlass java/lang/invoke/MethodHandleNatives 1 1 660 100 10 9 10 100 10 10 10 10 8 8 8 8 8 8 8 8 8 8 7 10 7 10 10 7 10 10 8 10 8 10 8 10 9 8 10 100 10 100 100 8 7 7 10 10 7 9 10 10 10 7 10 10 10 10 10 9 8 10 8 10 8 8 8 100 10 8 10 10 10 100 8 10 7 8 10 8 8 8 8 8 10 10 10 10 10 7 10 100 100 10 10 8 8 10 10 10 8 10 8 8 10 10 100 10 7 9 10 10 10 9 10 9 9 10 10 10 7 7 10 10 10 10 10 8 10 10 10 10 10 10 100 8 10 9 10 10 100 10 10 100 100 10 10 100 100 10 100 10 10 10 10 10 10 10 10 10 10 10 10 8 100 10 10 10 10 10 10 7 10 10 10 10 1 1 7 1 1 1 1 1 1 1 1 1 1 1 1 1 1 1 1 1 100 1 1 1 1 1 1 1 1 1 1 1 1 1 1 1 1 1 1 1 1 1 1 1 1 1 1 1 1 1 1 1 1 1 1 1 1 1 1 1 1 1 1 1 1 1 1 1 1 1 1 1 1 1 100 1 1 1 1 1 1 1 1 1 1 1 1 1 1 1 1 1 1 1 1 1 1 7 1 1 1 1 1 1 1 1 1 1 1 1 1 1 1 1 1 1 1 1 1 1 1 1 1 1 1 1 1 1 1 1 1 1 1 1 1 1 1 1 1 1 7 1 1 1 1 1 1 1 1 1 1 1 1 100 1 1 1 1 1 1 1 1 1 1 1 1 1 1 7 1 1 1 1 1 1 1 1 1 1 1 1 1 1 100 1 1 1 1 1 1 1 1 1 1 1 1 1 1 1 1 12 12 12 1 12 12 12 1 1 1 1 1 1 1 1 1 1 1 12 1 12 12 1 12 1 12 1 12 1 12 100 12 1 100 12 1 12 1 1 1 1 1 12 1 7 12 12 12 12 1 12 7 12 12 12 12 12 1 12 1 12 1 1 1 1 12 1 12 12 100 12 1 100 12 1 1 12 1 1 1 1 1 12 12 12 12 12 1 12 1 1 12 12 1 1 12 12 1 100 12 1 1 12 12 1 12 1 12 7 12 12 12 12 12 12 12 12 12 1 1 12 12 12 7 12 12 1 12 12 12 12 7 12 12 1 1 12 12 12 1 12 12 1 1 1 1 1 12 12 12 12 12 12 12 12 12 1 1 12 12 12 12 12 12 1 12 12 12 1 1 1 1 1 100 1 1 1 1 1 1 1 1 1 1 1 1 1 1 1 1 1 1 1 1 1 1 1 1 1 1 1 1 1 1 1 1 1 1 1 1 1 1 1 1 1 1 1 1 1 1 1 1 1 1 1 1 1 1 1 1 1 1 1 1 1 1 1 1 1 1 1 1 1 1 1 1 1 1 1 1 1 1 1 1 1 1 1 1 1 1 1 1 1 1 1 1 1 1 1 1 1 1 1 1 1 1 1 1 1 1 1 1 1 1 1 1
staticfield java/lang/invoke/MethodHandleNatives $assertionsDisabled Z 1
ciInstanceKlass java/lang/invoke/LambdaForm 1 1 1075 100 9 10 10 9 9 10 100 10 9 10 9 10 7 9 9 9 9 10 7 10 7 10 10 10 10 10 10 9 100 10 9 10 10 10 10 10 7 10 10 8 10 10 10 7 10 10 7 10 10 9 9 9 10 9 10 10 100 10 9 10 10 100 10 10 10 10 10 10 10 8 10 10 8 8 9 9 9 10 10 10 9 10 10 10 10 10 10 9 10 8 8 8 8 8 8 8 8 10 9 7 10 9 10 10 10 10 10 10 10 10 10 10 10 10 10 10 100 8 10 10 10 10 8 10 8 8 10 9 10 10 100 10 10 10 10 9 8 10 10 10 10 10 9 8 10 100 10 10 9 9 8 10 10 100 100 10 10 8 8 100 8 10 10 10 8 8 9 10 10 8 8 8 100 8 100 8 100 8 10 8 9 10 10 9 10 10 10 10 10 10 10 10 10 10 8 100 10 10 9 10 8 8 100 8 8 8 8 8 8 8 8 10 10 10 10 8 8 8 10 8 10 8 8 8 8 8 10 10 10 10 10 10 10 10 10 10 10 9 8 10 9 10 9 9 9 9 7 10 9 10 10 7 8 10 9 7 10 8 100 10 9 9 10 7 10 10 10 9 10 10 10 9 10 10 10 9 10 9 7 9 10 9 10 100 10 7 9 100 1 1 100 1 100 1 1 1 7 1 7 1 1 1 1 1 1 1 1 1 1 1 1 1 1 1 1 1 1 1 1 1 3 1 3 1 1 1 1 1 3 1 1 1 7 1 1 1 1 1 1 1 1 1 1 1 1 1 1 1 1 1 1 1 1 1 1 1 1 1 1 1 1 1 1 1 1 1 1 1 1 1 1 1 1 1 1 1 1 1 1 1 1 1 1 1 1 1 1 1 1 1 1 1 1 1 1 1 1 1 1 1 1 1 1 1 1 1 1 1 1 1 1 1 1 1 1 1 1 1 1 1 1 1 1 1 1 1 1 1 1 1 1 1 1 1 1 1 1 1 1 100 1 1 1 1 1 1 1 1 1 1 1 1 1 1 1 1 1 1 1 1 1 1 1 1 1 1 1 1 1 1 1 1 1 1 1 1 1 1 1 1 1 1 1 1 1 1 1 1 1 1 1 1 1 1 1 1 1 1 1 1 1 1 7 1 1 1 1 1 1 1 1 1 1 1 1 1 1 1 1 1 1 1 1 1 1 1 1 100 1 1 1 1 1 1 1 1 1 1 1 1 1 1 1 1 1 1 1 1 100 1 1 1 1 1 1 1 1 1 1 1 1 1 1 1 1 1 1 1 1 1 1 1 1 1 1 1 1 1 1 1 1 1 1 1 1 1 1 1 1 1 1 1 1 1 1 1 1 1 1 1 100 1 1 1 1 1 1 1 1 1 1 1 1 1 1 1 1 1 1 1 1 1 1 1 1 100 1 1 1 100 1 1 12 12 12 12 12 12 1 12 12 12 7 12 12 12 12 12 12 1 12 1 12 12 100 12 100 12 12 12 12 1 12 12 12 12 12 12 12 1 12 1 12 12 12 1 12 12 1 12 12 12 12 12 12 12 12 12 1 12 12 12 12 1 12 12 12 12 12 12 12 1 12 12 1 1 12 12 12 12 7 12 12 12 7 12 12 12 12 12 12 12 1 1 1 1 1 1 1 1 12 12 1 12 12 12 12 12 12 12 12 12 12 12 12 12 12 12 1 1 12 12 12 1 12 1 1 12 12 12 12 1 12 12 7 12 12 12 1 100 12 12 12 12 12 12 1 12 12 7 12 12 1 12 12 1 1 12 1 1 1 1 12 12 12 1 1 12 12 12 1 1 1 1 1 1 1 1 1 12 1 12 12 12 12 12 12 12 12 12 12 12 12 1 12 12 12 12 1 1 1 1 1 1 1 1 1 1 1 12 12 12 12 1 1 1 12 1 12 1 1 1 1 1 12 12 12 7 12 12 12 12 12 12 12 12 12 1 12 12 12 12 12 12 12 1 7 12 12 12 12 1 1 12 12 1 12 1 1 12 12 12 12 1 12 7 12 12 7 12 12 12 12 12 12 12 12 12 12 12 12 12 1 1 1 1 1 1 1 1 1 1 1 1 1 1 1 1 1 1 1 1 1 1 1 1 1 1 1 1 1 1 1 1 1 1 1 1 1 1 1 1 1 1 1 1 1 1 1 1 1 1 1 1 1 1 1 1 1 1 1 1 1 1 1 1 1 1 1 1 1 1 1 1 1 1 1 1 1 1 1 1 1 1 1 1 1 1 1 1 1 1 1 1 1 1 1 1 1 1 1 1 1 1 1 1 1 1 1 1 1 1 1 1 1 1 1 1 1 1 1 1 1 1 1 1 1 1 1 1 1 1 1 1 1 1 1 1 1 1 1 1 1 1 1 1 1 1 1 1 1 1 1 1 1 1 1 1 1 1 1 1 1
staticfield java/lang/invoke/LambdaForm COMPILE_THRESHOLD I 0
staticfield java/lang/invoke/LambdaForm INTERNED_ARGUMENTS [[Ljava/lang/invoke/LambdaForm$Name; 5 [[Ljava/lang/invoke/LambdaForm$Name;
staticfield java/lang/invoke/LambdaForm IMPL_NAMES Ljava/lang/invoke/MemberName$Factory; java/lang/invoke/MemberName$Factory
staticfield java/lang/invoke/LambdaForm LF_identity [Ljava/lang/invoke/LambdaForm; 6 [Ljava/lang/invoke/LambdaForm;
staticfield java/lang/invoke/LambdaForm LF_zero [Ljava/lang/invoke/LambdaForm; 6 [Ljava/lang/invoke/LambdaForm;
staticfield java/lang/invoke/LambdaForm NF_identity [Ljava/lang/invoke/LambdaForm$NamedFunction; 6 [Ljava/lang/invoke/LambdaForm$NamedFunction;
staticfield java/lang/invoke/LambdaForm NF_zero [Ljava/lang/invoke/LambdaForm$NamedFunction; 6 [Ljava/lang/invoke/LambdaForm$NamedFunction;
staticfield java/lang/invoke/LambdaForm createFormsLock Ljava/lang/Object; java/lang/Object
staticfield java/lang/invoke/LambdaForm DEBUG_NAME_COUNTERS Ljava/util/HashMap; null
staticfield java/lang/invoke/LambdaForm DEBUG_NAMES Ljava/util/HashMap; null
staticfield java/lang/invoke/LambdaForm TRACE_INTERPRETER Z 0
staticfield java/lang/invoke/LambdaForm $assertionsDisabled Z 1
ciInstanceKlass java/lang/invoke/MethodType 1 1 674 7 10 9 9 9 10 9 8 10 10 9 9 10 100 10 8 10 10 10 100 8 10 100 10 10 10 10 11 9 11 7 7 10 10 9 10 10 10 10 10 10 9 7 10 100 10 10 10 10 10 10 10 10 10 8 8 10 9 100 10 10 10 10 10 10 10 10 10 8 10 10 10 10 10 10 10 10 10 9 10 10 10 10 9 7 10 10 10 10 10 10 10 10 100 8 8 8 10 10 10 10 11 11 10 9 10 10 10 10 10 10 10 10 10 10 10 10 9 7 10 10 10 10 10 10 10 8 10 11 9 10 10 10 10 10 9 9 10 9 10 10 100 10 7 10 7 7 9 100 1 1 100 1 1 1 1 5 0 1 1 1 1 1 1 1 1 1 1 1 1 1 1 1 1 1 1 1 3 1 3 1 3 1 1 1 1 1 1 1 1 1 1 1 1 1 1 1 1 1 1 1 1 1 1 1 1 1 1 1 1 1 1 1 1 1 1 1 1 1 1 1 1 1 1 1 1 1 1 1 1 1 1 1 1 1 1 1 1 1 1 1 1 1 1 1 1 1 1 1 1 1 1 1 1 1 1 1 1 1 1 1 1 1 1 1 1 1 1 1 1 1 1 1 1 1 1 1 1 1 1 1 1 1 1 1 1 1 1 1 1 1 1 1 1 1 1 1 1 1 1 1 1 1 1 1 1 1 1 1 1 1 1 1 1 1 1 1 1 1 1 1 1 1 1 1 1 1 1 1 1 1 1 1 1 1 1 1 1 1 1 1 1 1 1 1 1 1 1 7 1 1 1 1 1 1 1 1 1 1 1 1 1 1 1 1 1 1 1 1 1 1 1 100 1 1 1 1 1 1 1 1 1 1 1 100 100 1 100 100 1 1 1 1 1 1 1 1 1 1 1 1 100 1 1 1 100 1 1 1 1 1 1 1 100 1 12 12 12 12 7 12 7 12 1 100 12 12 7 7 12 1 1 12 12 12 1 1 12 1 12 12 12 12 12 12 1 7 12 12 12 12 12 12 7 12 12 12 12 1 12 1 12 12 7 12 12 12 12 12 12 12 1 1 12 12 1 12 12 12 12 100 12 12 12 1 12 100 12 12 12 12 12 12 12 12 12 12 12 12 12 1 12 100 12 12 7 12 12 12 1 1 1 1 12 12 12 12 12 100 12 12 12 12 12 12 12 12 12 12 12 12 12 12 1 12 12 12 12 12 12 12 1 7 12 12 12 12 12 100 12 12 12 12 12 100 12 12 100 12 12 12 1 1 1 12 1 1 1 1 1 1 1 1 1 1 1 1 1 1 1 1 1 1 1 1 1 1 1 1 1 1 1 1 1 1 1 1 1 1 1 1 1 1 1 1 1 1 1 1 1 1 1 1 1 1 1 1 1 1 1 1 1 1 1 1 1 1 1 1 1 1 1 1 1 1 1 1 1 1 1 1 1 1 1 1 1 1 1 1 1 1 1 1 1 1 1 1 1 1 1 1 1 1 1 1 1 1 1 1 1 1 1 1
staticfield java/lang/invoke/MethodType internTable Ljava/lang/invoke/MethodType$ConcurrentWeakInternSet; java/lang/invoke/MethodType$ConcurrentWeakInternSet
staticfield java/lang/invoke/MethodType NO_PTYPES [Ljava/lang/Class; 0 [Ljava/lang/Class;
staticfield java/lang/invoke/MethodType objectOnlyTypes [Ljava/lang/invoke/MethodType; 20 [Ljava/lang/invoke/MethodType;
staticfield java/lang/invoke/MethodType METHOD_HANDLE_ARRAY [Ljava/lang/Class; 1 [Ljava/lang/Class;
staticfield java/lang/invoke/MethodType serialPersistentFields [Ljava/io/ObjectStreamField; 0 [Ljava/io/ObjectStreamField;
staticfield java/lang/invoke/MethodType $assertionsDisabled Z 1
ciInstanceKlass java/lang/BootstrapMethodError 0 0 45 10 10 10 10 10 100 100 1 1 1 5 0 1 1 1 1 1 1 1 1 1 1 1 1 1 1 1 100 100 1 1 12 12 12 12 12 1 1 1 1 1 1 1 1
instanceKlass java/lang/invoke/VolatileCallSite
instanceKlass java/lang/invoke/MutableCallSite
instanceKlass java/lang/invoke/ConstantCallSite
ciInstanceKlass java/lang/invoke/CallSite 1 1 299 10 10 9 10 9 10 10 100 7 10 7 10 10 10 100 100 10 10 10 8 10 10 10 10 10 10 10 10 9 9 7 8 10 10 100 10 9 8 100 10 10 100 8 10 10 10 100 10 10 10 10 10 9 9 8 10 9 100 10 10 10 10 10 10 100 8 10 10 100 100 100 8 10 10 1 1 1 7 1 1 1 1 1 1 1 1 1 1 1 1 1 1 1 1 1 1 1 1 1 1 1 1 1 1 1 1 1 1 1 1 1 1 1 1 1 1 1 7 1 1 1 1 1 1 1 1 1 1 1 1 1 1 1 1 1 1 1 1 1 1 1 1 1 1 1 1 1 1 1 1 1 1 1 1 1 1 1 100 7 1 1 1 1 1 1 12 12 12 12 12 12 12 1 1 12 1 12 12 12 1 1 12 12 1 12 12 12 12 12 100 12 12 12 100 12 1 12 12 1 100 12 12 12 12 1 1 12 12 1 12 12 12 12 12 12 12 100 12 12 1 100 12 12 12 12 7 12 1 1 12 1 1 1 1 12 12 1 1 1 1 1 1 1 1 1 1 1 1 1 1 1 1 1 1 1 1 1 1 1 1 1 1 1 1 1 1 1 1 1 1 1 1 1 1 1 1 1 1 1 1 1 1 1 1 1 1 1 1 1 1 1 1 1 1 1 1 1 1
staticfield java/lang/invoke/CallSite $assertionsDisabled Z 1
ciInstanceKlass java/lang/invoke/MethodHandleNatives$CallSiteContext 1 1 49 10 7 10 10 10 10 7 100 1 1 1 1 1 1 1 1 1 1 1 1 1 1 1 1 1 1 7 12 1 7 12 7 12 12 1 1 1 1 1 1 1 1 100 1 1 1 1 1
ciInstanceKlass java/lang/invoke/ConstantCallSite 1 1 49 10 9 10 100 10 9 100 10 10 7 7 1 1 1 1 1 1 1 1 1 1 1 1 1 1 1 1 100 1 1 1 1 1 1 1 1 12 12 12 1 12 12 1 12 1 1 1 1
ciInstanceKlass java/lang/invoke/MutableCallSite 0 0 67 10 10 9 10 10 10 9 10 10 100 10 100 100 1 1 1 1 1 1 1 1 1 1 1 1 1 1 1 1 1 1 1 1 1 1 1 1 1 100 1 1 1 1 12 12 12 12 12 12 12 12 100 12 1 12 1 1 1 1 1 1 1 1 1 1 1
ciInstanceKlass java/lang/invoke/VolatileCallSite 0 0 41 10 10 10 10 10 10 100 100 1 1 1 1 1 1 1 1 1 1 1 1 1 1 1 1 1 1 1 12 12 12 12 12 12 1 1 1 1 1 1 1
ciInstanceKlass java/lang/AssertionStatusDirectives 0 0 24 10 100 100 1 1 1 1 1 1 1 1 1 1 1 1 1 1 1 1 1 12 1 1
instanceKlass java/lang/StringBuilder
instanceKlass java/lang/StringBuffer
ciInstanceKlass java/lang/AbstractStringBuilder 1 1 522 7 7 10 9 9 9 9 10 9 10 10 10 10 10 10 10 10 7 3 10 3 100 10 10 100 10 10 10 10 10 10 10 100 10 10 10 10 10 10 10 10 10 10 10 10 10 10 10 10 10 10 10 11 10 10 8 10 10 10 10 10 10 10 10 10 10 10 10 10 10 10 10 10 10 10 10 10 10 10 10 10 10 10 10 10 10 10 10 10 10 10 18 100 10 18 10 10 10 11 10 10 10 100 10 8 10 10 8 8 10 10 10 10 100 10 100 10 100 10 7 100 7 1 1 1 1 1 1 1 1 1 1 1 1 1 1 1 1 1 1 1 1 1 1 1 1 1 1 100 1 1 1 1 1 1 1 1 1 1 1 1 1 1 1 1 1 1 1 1 1 1 1 1 1 1 1 1 1 1 1 1 1 1 1 1 1 1 1 1 1 1 1 1 1 1 1 1 1 1 1 1 1 1 1 1 1 1 1 1 1 1 1 1 1 1 1 1 1 1 1 1 1 1 1 1 1 1 1 1 1 1 1 1 1 1 1 1 1 1 1 1 1 1 1 1 1 1 1 1 1 1 1 1 1 1 1 1 1 1 1 1 1 1 1 1 1 1 1 1 1 1 1 1 1 1 1 1 1 1 1 1 1 1 1 1 1 1 1 1 1 100 1 1 1 1 1 1 100 1 1 1 100 1 1 1 1 1 1 1 1 1 12 12 12 12 12 7 12 12 12 7 12 12 12 12 12 7 12 1 12 1 12 1 12 12 12 12 12 12 1 12 100 12 12 12 12 12 12 12 12 12 12 12 12 12 12 12 12 12 1 12 12 12 12 12 12 7 12 12 12 100 12 12 12 12 12 12 12 12 12 7 12 12 12 12 12 12 12 12 12 12 12 12 12 12 12 12 1 15 16 15 16 12 1 100 12 15 12 12 12 12 12 12 1 1 12 12 1 1 12 12 12 1 1 12 1 1 1 1 1 1 1 1 1 1 1 1 1 1 1 1 1 1 1 1 1 1 1 1 1 1 1 1 1 1 1 1 1 1 1 1 1 1 1 1 1 1 1 1 1 1 1 1 1 1 1 1 1 1 1 1 1 1 1 1 1 1 1 1 1 10 1 10 1 1 1 1 1 10 1 1 1 1 1 1 1 1 1 1 100 12 12 12 1 1 100 1 1 100 1 1
staticfield java/lang/AbstractStringBuilder EMPTYVALUE [B 0
ciInstanceKlass java/lang/StringBuffer 1 1 471 10 10 10 11 10 10 10 9 10 10 10 9 10 10 10 10 10 10 10 10 10 10 10 10 10 10 10 10 10 10 10 10 10 10 10 10 10 10 10 10 10 10 10 10 10 10 10 10 10 10 10 10 10 10 10 10 10 9 10 10 100 10 10 10 10 10 8 10 8 10 8 10 10 10 10 7 10 100 8 10 10 10 10 10 10 10 10 10 10 10 10 10 10 10 10 10 10 10 10 10 10 10 10 10 10 10 10 10 10 10 10 10 10 7 10 7 10 9 9 9 7 100 100 100 1 1 1 1 1 5 0 1 1 1 1 1 1 1 1 1 1 1 1 1 1 1 1 1 1 1 1 1 1 1 1 1 1 1 1 1 1 1 1 1 1 1 1 1 1 1 1 1 1 1 1 1 1 1 1 1 1 1 1 1 1 1 1 1 1 1 1 1 1 1 1 1 1 1 1 1 1 1 1 1 1 1 1 1 1 1 1 1 1 1 1 1 1 1 1 1 1 1 1 1 1 1 1 1 1 1 1 1 1 1 1 1 1 1 1 1 1 1 1 1 1 1 1 1 1 1 1 1 1 1 1 1 1 100 1 1 1 1 1 100 1 1 1 100 1 1 100 1 1 1 1 1 1 1 1 1 1 1 1 1 1 1 1 1 1 1 1 1 1 1 1 1 1 1 1 1 1 1 1 1 1 1 1 1 1 1 1 1 1 1 1 1 12 12 12 12 12 12 12 12 12 12 12 12 12 12 12 12 12 12 12 12 12 12 12 12 12 12 12 12 12 12 12 12 12 12 12 12 12 12 12 12 12 12 12 12 12 12 12 12 12 12 12 12 12 12 7 12 100 1 12 100 12 12 1 12 1 12 1 12 12 100 12 12 12 1 1 12 12 12 12 12 12 12 12 12 12 12 12 12 12 12 12 12 12 12 12 12 12 12 12 12 12 12 12 12 12 12 12 12 1 12 1 12 7 12 7 12 1 1 1 1 1 1 1 1 1 1 1 1 1 1 1 1 1 1 1 1 1 1 1 1 1 1 1 1 1 1 1 1 1 1 1 1 1 1
staticfield java/lang/StringBuffer serialPersistentFields [Ljava/io/ObjectStreamField; 3 [Ljava/io/ObjectStreamField;
ciInstanceKlass java/lang/StringBuilder 1 1 409 10 10 10 11 10 10 10 10 10 10 10 10 10 10 10 10 10 10 10 10 10 10 10 10 10 10 10 10 10 10 10 10 10 10 10 10 10 10 10 10 10 10 9 9 10 10 10 10 10 10 10 10 10 10 10 100 100 8 10 10 10 10 10 10 10 10 10 10 10 10 10 10 10 10 10 10 10 10 10 10 10 10 10 10 10 10 10 10 10 10 10 10 10 10 10 10 10 10 10 10 10 10 10 10 10 7 10 7 100 100 100 1 1 1 5 0 1 1 1 1 1 1 1 1 1 1 1 1 1 1 1 1 1 1 1 1 1 1 1 1 1 1 1 1 1 1 1 1 1 1 1 1 1 1 1 1 1 1 1 1 1 1 1 1 1 1 1 1 1 1 1 1 1 1 1 1 1 1 1 1 1 1 1 1 1 1 1 1 1 1 1 1 1 1 1 1 1 1 1 1 1 1 1 7 1 1 1 1 1 100 1 1 1 100 1 1 1 1 1 1 1 1 1 1 1 1 1 1 1 1 1 1 1 1 1 1 1 1 1 1 1 1 1 1 1 1 1 1 1 1 1 1 1 1 1 1 1 1 1 1 1 1 1 1 1 1 1 1 1 1 1 1 1 1 12 12 12 12 12 12 12 12 12 12 12 12 12 12 12 12 12 12 12 12 12 12 12 12 12 12 12 12 12 12 12 12 12 12 12 12 12 12 12 12 12 12 7 12 7 100 12 12 12 12 12 100 12 12 12 1 1 12 12 12 12 12 12 12 12 12 12 12 12 12 12 12 12 12 12 12 12 12 12 12 12 12 12 12 12 12 12 12 12 12 12 12 12 12 12 12 12 12 12 12 12 12 1 12 1 1 1 1 1 1 1 1 1 1 1 1 1 1 1 1 1 1 1 1 1 1 1 1 1 1 1 1 1 1
ciInstanceKlass jdk/internal/misc/Unsafe 1 1 1196 10 9 9 10 10 10 10 10 10 10 10 10 10 10 10 10 10 10 10 10 100 10 10 10 5 0 10 10 10 10 10 10 10 10 10 100 10 10 10 10 10 10 10 10 10 10 10 10 10 10 5 0 5 0 5 0 10 10 10 100 10 10 10 10 10 10 10 10 10 100 10 10 10 10 8 10 8 8 10 9 9 9 9 9 9 9 9 10 10 10 10 5 0 5 0 9 10 10 10 10 10 8 3 10 10 10 10 10 10 10 10 10 10 10 10 10 10 10 10 10 10 10 10 10 10 10 10 10 10 10 10 10 10 10 10 10 10 10 10 10 10 10 10 10 10 10 10 10 10 10 10 10 10 10 10 10 10 10 10 10 10 10 10 10 10 10 10 10 10 10 10 10 10 10 10 10 10 10 10 10 10 10 10 10 10 10 10 10 10 10 10 10 10 10 10 10 10 10 10 100 10 100 10 9 5 0 10 5 0 10 5 0 10 10 10 10 10 10 10 10 10 10 10 10 10 10 10 10 10 10 10 10 10 10 10 10 10 10 10 10 10 10 10 5 0 5 0 5 0 10 10 10 10 10 8 100 11 8 11 10 10 7 10 7 10 9 7 9 7 9 7 9 7 9 7 9 7 9 7 9 7 9 10 9 9 9 9 9 9 9 9 9 10 10 10 7 1 1 1 1 1 3 1 1 1 1 1 1 1 1 1 1 1 1 1 1 1 1 1 1 1 1 1 1 1 1 1 1 1 1 1 1 1 1 1 1 1 1 1 1 1 1 1 1 1 1 1 1 1 1 1 1 1 1 1 1 1 1 1 1 1 1 1 1 1 1 1 1 1 1 1 1 1 1 1 1 1 1 1 1 1 1 1 1 1 1 1 1 1 1 1 1 1 1 1 1 1 1 1 1 1 1 1 1 1 1 1 1 1 1 1 1 1 1 1 1 1 1 1 1 1 7 1 1 1 1 1 1 1 1 1 1 1 1 1 1 1 1 1 1 1 1 1 1 1 1 1 1 1 1 1 1 1 1 1 1 1 1 1 1 1 1 1 1 1 1 1 1 1 1 1 1 1 1 1 1 1 1 1 1 1 1 1 1 1 1 1 1 1 1 1 1 1 1 1 1 1 1 100 1 1 1 1 1 1 1 1 1 1 1 1 1 1 1 1 1 1 1 1 1 1 1 1 1 1 1 1 1 1 1 1 1 1 1 1 1 1 1 1 1 1 1 1 1 1 1 1 1 1 1 1 1 1 1 1 1 1 1 1 1 1 1 1 1 1 1 1 1 1 1 1 1 1 1 1 1 1 1 1 1 1 1 1 1 1 1 1 1 1 1 1 1 1 1 1 1 1 1 1 1 1 1 1 1 1 1 1 1 1 1 1 1 1 1 1 1 1 1 1 1 1 1 1 1 1 1 1 1 1 1 1 1 1 1 1 1 1 1 1 1 1 1 1 1 1 1 1 1 1 1 1 1 1 1 1 1 1 1 1 1 1 1 1 1 1 1 1 1 1 1 1 1 1 1 1 1 1 1 1 1 1 1 1 1 1 1 1 1 1 1 1 1 1 1 1 1 1 1 1 1 1 1 1 1 1 1 1 1 1 1 1 1 1 1 1 1 1 1 1 1 1 1 1 1 1 1 1 1 1 1 1 1 1 1 1 1 1 1 1 1 1 1 1 1 1 1 1 1 1 1 1 1 1 1 1 1 1 1 1 1 1 1 1 1 1 1 1 1 1 1 1 1 1 1 1 1 1 1 1 1 1 1 1 1 1 1 1 1 1 1 1 1 1 1 1 1 1 1 1 1 1 1 1 1 1 1 1 1 1 1 1 1 1 1 1 1 1 1 1 1 1 1 1 1 1 1 1 1 1 1 1 1 1 1 1 1 1 1 1 1 1 1 1 1 1 1 1 1 1 1 1 1 1 1 1 1 1 1 1 1 1 1 1 1 1 1 1 1 1 1 1 1 1 1 1 1 1 1 1 1 1 1 1 1 1 1 1 1 1 1 1 1 1 1 100 1 1 1 12 12 12 12 7 12 12 12 12 12 12 12 12 12 12 12 12 12 12 12 12 1 12 12 12 12 12 12 12 12 12 12 12 1 12 12 12 12 12 12 12 12 12 12 12 12 12 12 12 12 1 12 12 12 12 12 12 12 12 1 12 12 12 1 12 1 1 12 7 12 100 7 100 100 100 100 12 12 12 12 12 12 12 12 12 12 1 12 12 12 12 12 12 12 12 12 12 12 12 12 12 12 12 12 12 12 12 12 12 12 12 12 12 12 12 12 12 12 12 12 12 12 12 12 12 12 12 12 12 12 12 12 12 12 12 12 12 12 12 12 12 12 12 12 12 12 12 12 12 12 12 12 12 12 12 12 12 12 12 12 12 12 12 12 12 12 12 12 12 12 12 12 12 12 12 12 12 12 12 12 12 12 12 1 1 12 12 12 12 12 12 12 12 12 12 12 12 12 12 12 12 12 12 12 12 12 12 12 12 12 12 12 12 12 12 12 12 12 12 12 12 12 100 12 1 1 12 1 12 12 12 1 1 12 12 12 1 12 1 12 1 12 1 12 1 12 12 12 12 12 12 12 12 12 12 12 12 12 12 12 12 1 1 1 1 1 1 1 1 1 1 1 1 1 1 1 1 1 1 1 1 1 1 1 1 1 1 1 1 1 1 1 1 1 1 1 1
staticfield jdk/internal/misc/Unsafe theUnsafe Ljdk/internal/misc/Unsafe; jdk/internal/misc/Unsafe
staticfield jdk/internal/misc/Unsafe ARRAY_BOOLEAN_BASE_OFFSET I 16
staticfield jdk/internal/misc/Unsafe ARRAY_BYTE_BASE_OFFSET I 16
staticfield jdk/internal/misc/Unsafe ARRAY_SHORT_BASE_OFFSET I 16
staticfield jdk/internal/misc/Unsafe ARRAY_CHAR_BASE_OFFSET I 16
staticfield jdk/internal/misc/Unsafe ARRAY_INT_BASE_OFFSET I 16
staticfield jdk/internal/misc/Unsafe ARRAY_LONG_BASE_OFFSET I 16
staticfield jdk/internal/misc/Unsafe ARRAY_FLOAT_BASE_OFFSET I 16
staticfield jdk/internal/misc/Unsafe ARRAY_DOUBLE_BASE_OFFSET I 16
staticfield jdk/internal/misc/Unsafe ARRAY_OBJECT_BASE_OFFSET I 16
staticfield jdk/internal/misc/Unsafe ARRAY_BOOLEAN_INDEX_SCALE I 1
staticfield jdk/internal/misc/Unsafe ARRAY_BYTE_INDEX_SCALE I 1
staticfield jdk/internal/misc/Unsafe ARRAY_SHORT_INDEX_SCALE I 2
staticfield jdk/internal/misc/Unsafe ARRAY_CHAR_INDEX_SCALE I 2
staticfield jdk/internal/misc/Unsafe ARRAY_INT_INDEX_SCALE I 4
staticfield jdk/internal/misc/Unsafe ARRAY_LONG_INDEX_SCALE I 8
staticfield jdk/internal/misc/Unsafe ARRAY_FLOAT_INDEX_SCALE I 4
staticfield jdk/internal/misc/Unsafe ARRAY_DOUBLE_INDEX_SCALE I 8
staticfield jdk/internal/misc/Unsafe ARRAY_OBJECT_INDEX_SCALE I 4
staticfield jdk/internal/misc/Unsafe ADDRESS_SIZE I 8
staticfield jdk/internal/misc/Unsafe BE Z 0
staticfield jdk/internal/misc/Unsafe unalignedAccess Z 1
ciInstanceKlass jdk/internal/module/Modules 1 1 483 10 9 11 11 11 11 11 11 11 11 10 10 18 10 100 10 10 10 10 11 10 10 10 10 9 10 10 10 100 100 11 10 11 10 10 10 10 10 11 18 11 10 11 100 11 11 11 10 10 18 11 18 11 10 18 18 10 9 11 100 10 11 11 100 11 10 100 10 10 10 11 10 100 10 18 10 100 8 10 10 18 11 11 10 10 10 18 10 10 7 10 10 100 1 1 1 1 1 1 1 1 1 1 1 1 1 1 1 1 1 1 1 1 1 1 1 1 1 1 1 1 1 1 1 1 1 1 1 1 1 1 1 1 1 1 1 1 1 1 1 1 1 1 1 1 1 1 1 1 7 100 100 1 1 1 1 1 1 1 1 1 1 1 1 1 1 1 1 1 1 1 1 1 1 1 1 1 1 1 1 1 1 1 100 100 100 100 100 100 100 100 1 1 1 1 1 1 100 1 1 1 1 1 1 1 1 1 1 100 1 1 1 1 1 1 1 1 1 12 12 7 12 12 12 12 12 12 12 12 12 100 12 1 15 16 15 16 12 100 12 1 100 12 100 12 12 12 12 12 12 12 12 12 100 12 1 1 12 100 12 12 12 12 100 12 12 12 12 16 15 16 12 12 100 12 100 12 1 12 12 12 12 100 12 16 15 16 12 12 16 15 16 12 12 12 15 16 15 16 12 12 12 1 12 12 1 12 1 12 12 12 12 12 1 15 16 12 12 1 1 12 12 15 16 12 12 12 15 12 1 12 7 12 1 1 1 1 1 1 1 1 1 1 1 1 1 1 1 1 1 1 1 1 10 1 10 1 1 1 1 1 1 1 1 1 1 1 1 1 1 1 1 1 1 1 1 1 1 1 1 1 1 1 1 1 1 1 1 1 1 1 1 1 1 1 10 1 1 1 1 1 1 1 1 1 1 1 1 1 1 1 1 1 1 1 1 10 1 1 1 1 1 1 10 1 1 1 1 1 1 10 1 10 1 1 1 1 1 1 1 1 1 1 1 1 1 10 1 1 1 1 1 10 1 1 10 1 1 1 1 1 100 12 12 12 12 12 12 12 12 12 1 1 100 1 1 1 1 1 100 1 1
staticfield jdk/internal/module/Modules JLA Ljdk/internal/access/JavaLangAccess; java/lang/System$2
staticfield jdk/internal/module/Modules $assertionsDisabled Z 1
instanceKlass sun/nio/ch/ChannelInputStream
instanceKlass java/util/zip/ZipFile$ZipFileInputStream
instanceKlass java/io/FilterInputStream
instanceKlass java/io/FileInputStream
instanceKlass java/io/ByteArrayInputStream
ciInstanceKlass java/io/InputStream 1 1 170 100 10 100 10 10 10 10 100 3 10 100 8 10 7 10 3 100 8 10 100 10 11 10 11 11 11 100 10 5 0 10 8 10 8 10 10 7 100 1 1 1 1 3 1 3 1 1 1 1 1 1 1 1 1 1 1 1 1 1 1 1 1 1 1 1 1 1 1 1 1 1 1 1 1 1 1 1 1 1 1 1 1 1 100 100 1 1 1 1 1 1 1 1 1 1 1 1 1 1 1 1 1 1 1 1 1 1 1 1 12 1 12 7 12 12 1 12 1 1 12 1 100 12 1 1 1 12 100 12 12 12 12 100 12 12 1 12 100 12 1 1 1 1 1 1 1 1 1 1 1 1 1 1 1 1 1 1 1 1 1 1 1 1 1 1 1 1 1 1
ciInstanceKlass java/io/ByteArrayInputStream 1 1 96 10 9 9 9 9 10 10 10 10 10 10 7 7 1 1 1 1 1 1 1 1 1 1 1 1 1 1 1 1 1 1 1 1 1 1 1 1 1 1 1 1 1 1 1 1 1 1 100 1 1 1 1 1 1 1 1 1 1 1 1 1 1 12 12 12 12 12 100 12 7 12 7 12 100 12 12 100 12 1 1 1 1 1 1 1 1 1 1 1 1 1 1 1 1 1
ciInstanceKlass java/net/URL 1 1 744 10 10 10 9 9 10 10 10 9 10 8 10 100 10 10 8 10 9 100 8 10 10 8 9 10 9 10 10 9 9 8 9 10 8 9 10 10 8 10 7 10 10 10 10 10 8 10 10 8 9 8 10 10 100 10 10 10 100 8 10 10 8 10 10 10 10 10 10 8 10 7 10 10 10 9 10 9 10 10 100 100 10 10 10 10 10 10 7 10 10 10 100 10 10 8 9 10 10 9 10 100 10 10 10 10 10 10 10 10 10 10 10 9 9 100 8 10 10 9 10 8 10 8 10 10 8 8 10 100 10 10 10 7 100 10 9 10 8 10 100 10 10 8 9 10 10 10 10 10 11 10 10 9 10 10 10 8 10 7 100 10 8 8 10 8 8 8 100 10 9 10 10 10 10 10 10 10 10 10 10 10 10 10 10 10 100 8 10 10 10 10 10 8 7 10 7 10 7 10 7 7 10 9 9 7 10 10 100 1 1 1 1 1 1 1 5 0 1 1 1 1 1 1 1 1 1 1 1 1 1 1 1 1 1 1 1 1 1 1 1 1 1 1 1 1 1 1 1 1 1 1 1 1 1 1 1 1 1 1 1 1 1 1 1 1 1 1 1 1 1 1 1 1 1 1 1 1 1 1 1 1 1 1 1 1 1 1 1 1 1 1 1 1 1 1 100 1 1 1 1 1 1 1 1 1 1 1 1 1 1 1 1 1 1 1 1 1 1 1 1 1 1 1 1 1 1 1 1 1 1 1 100 100 1 1 1 1 1 1 1 1 1 1 1 1 1 1 7 1 1 1 1 1 1 1 1 1 1 1 1 1 1 100 7 1 1 1 1 1 1 1 1 1 1 1 1 1 1 1 1 1 1 100 1 1 100 1 1 100 1 1 1 1 1 1 1 1 1 1 1 1 1 1 1 1 1 1 1 1 1 1 1 12 12 12 12 12 7 12 12 12 12 12 1 12 1 12 1 12 12 1 1 12 12 1 12 12 12 12 12 12 12 1 12 12 1 12 12 7 12 1 12 1 12 12 12 12 12 1 12 12 1 12 1 12 12 1 12 12 12 1 1 12 1 12 12 12 12 12 12 1 12 1 7 12 12 100 12 12 12 12 100 12 1 1 12 12 12 12 12 12 1 12 1 12 12 1 12 100 12 12 100 12 12 1 12 12 12 12 12 12 12 7 12 12 12 12 12 1 1 12 12 12 1 7 12 1 12 12 1 1 12 1 100 12 12 12 1 1 12 12 1 12 1 100 12 100 12 12 12 12 12 7 12 12 12 12 12 12 100 12 12 12 1 1 12 1 12 12 12 12 12 12 12 12 12 12 12 12 12 12 1 1 12 12 12 1 1 1 1 1 1 12 7 12 12 1 7 12 1 1 1 1 1 1 1 1 1 1 1 1 1 1 1 1 1 1 1 1 1 1 1 1 1 1 1 1 1 1 1 1 1 1 1 1 1 1 1 1 1 1 1 1 1 1 1 1 1 1 1 1 1 1 1 1 1 1 1 1 1 1 1 1 1 1 1 1 1 1 1 1 1 1 1 1 1 1 1 1 1 1 1 1 1 1 1 1 1 1 1 1 1 1 1 1 1 1 1 1 1 1 1 1 1 1 1 1 1 1 1 1 1 1 1 1 1 1 1 1 1 1 1 1 1 1 1 1 1 1 1 1 1 1
staticfield java/net/URL defaultFactory Ljava/net/URLStreamHandlerFactory; java/net/URL$DefaultFactory
staticfield java/net/URL streamHandlerLock Ljava/lang/Object; java/lang/Object
staticfield java/net/URL serialPersistentFields [Ljava/io/ObjectStreamField; 7 [Ljava/io/ObjectStreamField;
ciInstanceKlass java/util/jar/Manifest 1 1 301 10 7 10 9 7 10 9 9 10 10 10 10 10 11 11 10 10 100 100 10 8 10 10 10 10 11 100 10 10 11 11 11 11 100 100 8 10 11 100 9 10 10 10 10 8 10 10 11 10 10 10 8 10 7 10 10 10 100 8 10 10 8 10 10 10 10 11 10 10 10 7 10 11 10 11 10 7 100 1 1 1 1 1 1 1 1 1 1 1 1 1 1 1 1 1 1 1 1 1 1 1 1 1 1 1 1 1 1 1 1 1 1 1 1 1 1 1 1 1 1 1 1 1 1 1 1 1 1 1 1 1 100 100 1 1 1 1 1 1 1 1 1 1 1 1 1 1 1 1 1 1 1 1 100 100 1 1 1 1 1 1 1 1 1 1 1 1 1 1 1 1 12 1 12 1 12 12 12 12 12 12 12 7 12 12 100 12 1 1 1 12 12 12 12 1 12 12 12 100 12 12 12 1 1 1 12 1 100 12 12 12 12 12 1 12 12 12 12 12 1 12 1 12 12 12 1 1 12 1 12 100 12 12 12 12 12 100 12 12 1 12 12 12 1 1 1 1 1 1 1 1 1 1 1 1 1 1 1 1 1 1 1 1 1 1 1 1 1 1 1 1 1 1 1 1 1 1 1 1 1 1 1 1 1 1 1 1 1 1 1 1 1 1 1 1 1 1 1 1 1
ciInstanceKlass jdk/internal/loader/ClassLoaders 1 1 143 10 9 9 9 7 11 100 11 11 10 10 100 100 10 9 8 10 7 10 7 10 10 7 10 8 10 8 8 7 10 7 100 1 1 1 1 1 1 1 1 1 1 1 1 1 1 1 1 1 1 1 1 1 1 1 1 1 1 1 1 1 1 1 100 1 1 1 1 1 1 1 1 1 1 1 1 12 12 12 12 1 100 12 1 12 12 100 12 100 12 1 1 7 12 12 1 7 12 1 12 1 12 12 1 12 1 7 12 1 1 1 12 1 1 1 1 1 1 1 1 1 1 1 1 1 1 1 1 1 1 1 1 1 1 1 1 1 1 1 1 1 1
staticfield jdk/internal/loader/ClassLoaders JLA Ljdk/internal/access/JavaLangAccess; java/lang/System$2
staticfield jdk/internal/loader/ClassLoaders BOOT_LOADER Ljdk/internal/loader/ClassLoaders$BootClassLoader; jdk/internal/loader/ClassLoaders$BootClassLoader
staticfield jdk/internal/loader/ClassLoaders PLATFORM_LOADER Ljdk/internal/loader/ClassLoaders$PlatformClassLoader; jdk/internal/loader/ClassLoaders$PlatformClassLoader
staticfield jdk/internal/loader/ClassLoaders APP_LOADER Ljdk/internal/loader/ClassLoaders$AppClassLoader; jdk/internal/loader/ClassLoaders$AppClassLoader
instanceKlass jdk/internal/loader/ClassLoaders$BootClassLoader
instanceKlass jdk/internal/loader/ClassLoaders$PlatformClassLoader
instanceKlass jdk/internal/loader/ClassLoaders$AppClassLoader
ciInstanceKlass jdk/internal/loader/BuiltinClassLoader 1 1 717 10 10 9 9 7 10 9 9 10 10 11 100 100 10 10 8 10 10 7 10 10 11 11 11 7 9 8 8 10 10 9 11 7 10 10 10 10 10 10 10 11 10 100 10 10 10 100 8 10 10 8 10 10 11 11 100 7 10 11 11 10 7 10 10 7 7 10 7 7 10 10 100 10 11 100 100 10 10 100 100 10 10 18 10 10 18 100 10 7 10 10 10 10 10 9 100 10 10 10 10 10 10 10 10 10 10 18 7 10 10 10 10 100 10 7 10 10 10 11 7 10 7 100 10 10 11 10 10 10 10 10 10 10 10 8 10 10 10 100 8 8 10 10 8 8 10 11 9 10 9 9 9 9 9 9 10 8 10 7 10 10 7 7 10 11 10 10 10 100 10 10 10 7 10 10 8 10 7 100 1 1 1 1 1 1 1 1 1 1 1 1 1 1 1 1 1 1 1 1 1 1 1 1 1 1 1 1 1 7 7 1 1 1 1 1 1 1 1 1 1 1 7 1 1 1 1 1 1 1 1 1 1 1 1 1 1 1 1 1 1 1 1 1 1 1 1 1 1 1 1 1 1 1 1 1 1 1 100 1 1 1 1 1 1 1 1 1 1 1 1 1 1 1 1 1 1 1 1 1 1 1 100 100 1 1 1 1 1 1 1 1 1 1 1 1 1 7 1 1 1 1 1 1 1 1 1 1 1 1 1 1 1 1 1 1 1 1 1 1 1 1 1 1 7 1 1 1 1 1 1 1 1 1 1 1 1 7 7 1 1 1 1 1 1 1 1 1 1 1 1 1 1 1 1 1 7 1 1 1 1 1 1 1 1 1 1 7 12 12 12 12 1 12 12 12 12 12 12 1 1 12 1 12 12 1 12 12 7 12 12 12 1 12 1 1 12 7 12 12 12 1 12 12 12 7 12 12 12 12 12 7 12 1 7 12 12 1 1 12 1 12 12 12 12 1 1 12 12 1 12 12 1 1 12 1 1 12 7 12 1 12 12 1 1 12 12 1 1 12 12 1 15 16 15 16 12 12 12 15 16 1 7 12 1 12 12 12 12 12 1 12 12 12 12 12 12 12 12 12 15 16 12 1 12 12 12 12 1 12 100 1 1 12 12 12 12 1 12 1 12 12 12 12 12 12 12 12 12 12 12 1 12 12 12 1 1 1 12 1 1 7 12 7 12 7 12 12 12 12 12 12 12 12 12 1 12 1 12 12 1 1 12 12 12 12 1 12 12 1 12 12 1 12 1 1 1 1 1 1 1 1 1 1 1 1 1 1 1 1 1 1 1 1 1 1 1 1 1 1 1 1 1 1 1 1 1 1 1 1 1 1 1 1 1 1 1 1 1 1 1 1 1 1 1 1 1 1 1 1 1 1 1 1 1 1 1 1 1 1 1 1 1 1 10 10 1 1 1 1 10 1 1 1 1 1 1 1 1 1 1 1 1 1 10 1 1 1 1 1 1 1 1 1 1 1 1 1 1 1 1 1 1 1 1 1 1 1 1 1 1 1 1 1 1 1 1 1 1 1 1 1 1 1 1 1 1 1 1 1 1 1 1 1 1 1 1 1 1 1 1 1 1 1 100 12 12 12 12 1 1 100 1 1 100 1 1
staticfield jdk/internal/loader/BuiltinClassLoader packageToModule Ljava/util/Map; java/util/concurrent/ConcurrentHashMap
staticfield jdk/internal/loader/BuiltinClassLoader $assertionsDisabled Z 1
ciInstanceKlass jdk/internal/loader/ClassLoaders$AppClassLoader 1 1 134 8 10 9 10 10 10 10 10 10 7 8 10 10 10 9 11 10 10 100 10 7 7 1 1 1 100 1 1 1 1 1 1 1 1 1 1 1 1 1 1 1 1 1 1 1 1 1 1 100 1 100 1 1 1 1 1 1 1 1 1 1 1 1 1 1 1 1 1 1 1 1 1 1 1 1 1 1 1 100 1 12 12 7 12 100 12 12 12 12 12 1 1 12 7 12 100 12 12 100 12 12 7 12 1 12 1 1 1 1 1 1 1 1 1 1 1 1 1 1 1 1 1 1 1 1 1 1 1 1 1 1 1 1
ciInstanceKlass jdk/internal/loader/ClassLoaders$PlatformClassLoader 1 1 57 8 10 9 11 10 100 10 100 7 1 100 1 1 1 1 1 1 1 1 1 1 1 1 1 1 1 1 1 1 1 1 1 1 1 100 1 12 12 100 12 7 12 1 12 1 1 1 1 1 1 1 1 1 1 1 1
ciInstanceKlass java/security/CodeSource 1 1 402 10 9 9 9 9 10 9 10 100 10 100 10 7 10 10 10 100 10 10 10 10 10 100 10 10 10 10 10 10 10 10 10 10 10 10 10 8 10 10 10 10 8 10 10 100 10 10 8 10 10 10 8 8 9 100 8 10 10 8 10 8 8 8 10 10 10 10 10 10 100 100 10 10 10 10 10 100 10 10 8 10 10 10 100 10 100 100 8 8 10 10 10 100 10 10 11 10 10 11 10 10 8 100 10 10 100 10 11 11 7 100 1 1 1 5 0 1 1 1 1 1 1 1 1 1 1 1 1 1 1 1 1 1 1 1 1 1 100 1 1 1 1 1 1 1 1 1 1 1 1 1 1 1 1 1 1 1 1 1 1 1 1 1 1 1 1 1 1 1 1 1 1 1 1 1 1 1 1 1 100 1 1 1 1 1 1 1 1 1 1 1 1 1 100 1 1 1 1 1 1 1 1 1 1 1 1 1 1 1 1 1 1 100 100 100 1 1 1 1 1 1 1 1 1 12 12 12 12 12 7 12 12 100 12 100 12 1 12 12 100 1 12 100 12 12 12 1 12 100 100 12 100 12 12 12 12 12 12 1 12 12 12 12 1 12 1 12 1 12 12 12 1 1 12 1 1 12 12 1 12 1 1 1 12 12 12 12 12 12 1 1 12 12 12 12 12 1 12 1 12 12 12 1 12 1 1 1 1 12 100 12 1 12 12 12 12 12 100 1 1 12 12 1 12 12 1 1 1 1 1 1 1 1 1 1 1 1 1 1 1 1 1 1 1 1 1 1 1 1 1 1 1 1 1 1 1 1 1 1 1 1 1 1 1 1 1 1 1 1 1 1 1 1 1 1 1 1 1 1 1 1 1 1 1 1 1 1 1 1 1 1 1 1 1 1 1 1 1 1 1 1
ciInstanceKlass java/lang/StackTraceElement 1 1 224 10 10 9 9 9 9 8 10 7 9 8 9 9 9 8 10 10 7 10 10 8 10 10 8 8 8 10 8 8 10 8 8 7 10 10 10 10 9 10 10 7 10 10 10 10 10 10 10 10 10 7 100 7 1 1 1 1 1 1 1 1 1 1 1 1 1 1 1 1 1 1 1 3 1 3 1 1 5 0 1 1 1 1 1 1 1 1 1 1 1 1 1 1 1 1 1 1 1 1 1 1 1 1 1 1 1 1 1 1 1 1 1 1 1 1 1 1 7 100 7 100 1 1 1 1 1 1 1 1 1 1 1 1 1 100 1 1 1 1 1 1 1 1 1 1 12 12 12 12 12 12 1 100 12 1 12 1 12 12 12 1 12 12 1 12 1 12 12 1 1 1 12 1 1 12 1 1 1 12 12 12 12 12 12 12 1 12 7 12 7 12 12 12 12 12 12 1 1 1 1 1 1 1 1 1 1 1 1 1 1 1 1 1 1 1 1 1 1 1 1 1 1 1
instanceKlass java/nio/IntBuffer
instanceKlass java/nio/LongBuffer
instanceKlass java/nio/CharBuffer
instanceKlass java/nio/ByteBuffer
ciInstanceKlass java/nio/Buffer 1 1 195 100 10 9 9 10 9 10 10 100 100 10 8 10 10 8 8 10 10 8 9 100 8 10 8 8 9 10 8 8 8 10 8 8 8 100 10 100 10 100 10 100 10 7 10 10 9 7 10 10 7 1 1 1 1 1 1 3 1 1 1 1 1 1 1 1 1 1 1 1 1 1 1 1 1 1 1 1 1 1 1 1 1 1 1 1 1 100 1 1 1 1 1 1 1 1 1 1 1 1 1 1 1 1 1 1 1 1 1 1 1 1 1 1 1 1 1 1 1 1 1 1 1 1 1 1 1 1 1 1 1 1 1 12 12 12 12 12 12 12 1 1 1 12 12 1 1 12 12 1 12 1 1 12 1 1 12 12 1 1 1 12 1 1 1 1 1 1 1 1 7 12 7 12 12 1 7 12 1 1 1 1 1 1 1 1 1 1 1 1 1 1 1 1 1
staticfield java/nio/Buffer UNSAFE Ljdk/internal/misc/Unsafe; jdk/internal/misc/Unsafe
staticfield java/nio/Buffer $assertionsDisabled Z 1
ciInstanceKlass java/lang/StackWalker 0 0 235 9 10 100 10 10 11 10 10 100 10 100 8 10 10 10 10 9 9 9 9 10 9 10 11 100 8 10 10 9 10 10 10 18 100 8 10 10 10 9 11 10 100 100 1 1 1 100 1 1 1 1 1 1 1 1 1 1 1 1 1 1 1 1 1 1 1 1 1 1 1 1 1 1 1 1 1 1 1 1 1 1 1 1 1 1 1 1 1 1 1 100 1 1 1 1 1 1 1 1 1 1 1 1 1 1 1 1 1 1 1 1 1 1 1 1 1 1 1 1 1 1 1 1 1 1 1 1 1 1 12 100 12 1 100 12 12 100 12 12 12 1 12 1 1 12 12 12 12 12 12 12 12 12 12 100 12 12 1 1 12 12 12 100 12 100 12 1 15 16 15 16 12 1 1 12 100 12 12 100 12 12 1 1 1 1 1 1 1 1 1 1 1 1 1 1 1 1 1 1 1 1 1 1 1 1 1 1 1 1 10 10 1 1 1 1 1 1 1 1 1 1 1 1 100 12 12 1 1 100 1 1 100 1 1
ciInstanceKlass java/lang/StackStreamFactory$AbstractStackWalker 1 0 306 100 100 3 10 10 10 9 10 9 9 9 9 9 10 10 9 10 10 9 9 100 10 8 10 10 8 10 10 100 8 10 8 10 9 10 9 8 5 0 8 8 9 10 10 10 9 10 10 10 10 10 10 8 10 10 10 10 8 100 10 10 10 10 10 10 9 8 10 10 10 10 10 10 10 10 10 10 8 100 1 1 1 1 1 1 1 1 1 1 100 1 1 1 1 1 1 1 1 1 1 1 1 1 1 1 1 1 1 1 1 1 1 1 1 1 1 1 1 1 1 1 1 1 100 1 1 1 1 1 1 100 1 1 1 1 1 1 1 100 1 1 1 1 1 1 1 1 1 1 1 1 1 1 1 1 1 1 1 1 1 1 1 1 1 12 12 100 12 12 12 12 12 12 12 100 12 100 12 12 12 12 12 12 100 12 1 1 12 12 1 12 100 12 1 1 12 1 12 100 12 12 12 1 1 1 12 12 12 12 12 12 12 12 12 12 12 1 12 12 12 12 1 1 12 12 12 12 12 100 12 12 1 12 12 12 12 12 12 12 12 12 12 1 1 1 1 1 1 1 1 1 1 1 1 1 1 1 1 1 1 1 1 1 1 1 1 1 1 1 1 1 1 1 1 1 1 1 1 1 1 1 1 1 1 1 1 1 1 1 1 1 1 1 1 1 1 1 1 1 1 1 1 1 1 1
instanceKlass java/lang/LiveStackFrameInfo
ciInstanceKlass java/lang/StackFrameInfo 0 0 132 10 9 9 9 11 9 11 10 10 10 11 11 11 10 9 10 10 10 11 10 9 10 100 8 10 10 100 100 100 1 1 1 1 1 1 1 1 1 1 1 1 1 1 1 1 1 1 1 1 1 1 1 1 1 1 1 1 1 1 1 1 1 1 1 1 1 1 1 1 1 100 100 1 1 1 1 1 12 100 12 12 100 12 12 12 12 100 12 12 12 12 12 12 12 12 12 12 12 12 12 12 1 1 12 100 12 1 1 1 1 1 1 1 1 1 1 1 1 1 1 1 1 1 1 1 1 1 1 1 1 1
ciInstanceKlass java/lang/LiveStackFrameInfo 0 0 97 10 9 9 9 9 9 100 10 10 8 10 100 8 8 8 10 100 10 100 10 100 100 100 1 1 1 1 1 1 1 1 3 1 3 1 1 1 1 1 1 1 1 1 1 1 1 1 1 1 1 1 1 1 1 1 1 1 100 1 1 1 1 1 1 1 1 1 1 12 12 12 12 12 12 1 12 12 1 12 1 1 1 1 1 12 1 12 1 1 1 1 1 1 1 1 1
instanceKlass java/util/concurrent/locks/AbstractQueuedSynchronizer
ciInstanceKlass java/util/concurrent/locks/AbstractOwnableSynchronizer 1 1 32 10 9 7 7 100 1 1 1 5 0 1 1 1 1 1 1 1 1 1 1 1 1 1 1 1 1 12 12 1 1 1
ciInstanceKlass java/lang/Boolean 1 1 128 10 9 10 10 8 10 9 9 8 10 7 10 10 100 100 10 10 8 10 9 7 100 100 1 1 1 1 1 1 1 1 1 1 1 1 5 0 1 1 1 1 1 1 1 1 1 1 1 1 1 1 1 1 1 1 1 1 1 1 1 1 1 1 7 1 1 1 1 1 1 1 1 1 1 1 100 1 1 1 1 1 1 1 1 1 1 1 1 1 1 1 1 1 12 12 12 12 1 12 12 12 1 12 1 12 7 12 1 1 12 12 1 7 12 12 1 1 1 1 1 1 1 1 1 1 1 1
staticfield java/lang/Boolean TRUE Ljava/lang/Boolean; java/lang/Boolean
staticfield java/lang/Boolean FALSE Ljava/lang/Boolean; java/lang/Boolean
staticfield java/lang/Boolean TYPE Ljava/lang/Class; java/lang/Class
ciInstanceKlass java/lang/Character 1 1 551 7 100 10 9 9 10 10 10 10 10 10 3 3 3 3 3 10 10 3 11 11 10 10 100 10 10 3 10 10 10 100 8 100 10 10 10 10 10 10 10 10 10 10 10 10 10 10 10 10 10 10 10 10 10 10 10 10 10 10 10 10 10 10 10 10 10 10 10 10 10 10 10 10 10 10 5 0 10 10 10 10 10 10 10 10 10 10 9 100 10 10 10 3 10 10 10 100 10 10 10 10 8 10 9 10 10 10 10 10 10 10 10 10 100 8 10 10 8 10 9 100 100 100 1 1 100 1 100 1 100 1 1 1 1 3 1 3 1 1 3 1 3 1 1 1 1 1 1 1 3 1 1 3 1 3 1 3 1 3 1 3 1 3 1 3 1 3 1 3 1 3 1 3 1 3 1 3 1 3 1 3 1 3 1 3 1 3 1 3 1 3 1 3 1 3 1 3 1 3 1 3 1 3 1 3 1 3 1 1 1 1 1 1 1 1 1 1 1 1 1 1 1 1 1 1 1 3 1 1 1 1 1 1 1 3 1 1 3 1 1 1 1 1 3 1 1 1 5 0 1 1 1 1 1 1 1 1 1 1 1 1 1 1 1 1 1 1 1 1 1 1 1 1 1 1 1 1 1 1 1 1 1 1 1 1 1 1 1 1 1 1 1 1 1 1 1 1 1 1 1 1 1 1 1 1 1 1 1 1 1 1 1 1 1 1 1 1 1 1 1 1 1 1 1 1 1 1 1 1 1 1 1 1 1 1 1 1 1 1 1 1 1 1 1 1 1 1 1 1 1 1 1 1 1 1 1 1 1 1 1 1 1 1 1 1 1 1 1 1 1 1 1 1 1 1 1 1 1 1 1 1 1 1 1 1 1 1 1 1 1 1 1 1 1 1 7 1 1 1 1 1 1 1 1 1 1 1 1 1 12 12 12 12 12 12 12 12 12 12 12 7 12 12 12 12 1 12 12 12 12 1 1 1 100 12 12 12 12 12 12 12 12 12 7 12 12 12 12 12 12 12 12 12 12 12 12 12 12 12 12 12 12 12 12 12 12 12 12 12 12 12 12 12 12 1 12 12 100 12 12 12 1 12 12 12 1 12 100 12 12 12 12 12 12 12 1 1 12 7 12 1 12 12 1 1 1 1 1 1 1 1 1 1 1 1 1 1 1 1 1 1 1 1 1 1 1 1 1 1 1 1 1 1 1 1 1 1 1 1 1 1 1 1 1 1 1 1 1 1 1
staticfield java/lang/Character TYPE Ljava/lang/Class; java/lang/Class
staticfield java/lang/Character $assertionsDisabled Z 1
instanceKlass java/math/BigDecimal
instanceKlass java/math/BigInteger
instanceKlass java/util/concurrent/atomic/AtomicLong
instanceKlass java/util/concurrent/atomic/AtomicInteger
instanceKlass java/lang/Long
instanceKlass java/lang/Integer
instanceKlass java/lang/Short
instanceKlass java/lang/Byte
instanceKlass java/lang/Double
instanceKlass java/lang/Float
ciInstanceKlass java/lang/Number 1 1 37 10 10 100 7 100 1 1 1 5 0 1 1 1 1 1 1 1 1 1 1 1 1 1 1 1 1 1 1 1 1 1 12 12 1 1 1
ciInstanceKlass java/lang/Float 1 1 192 7 100 10 10 4 100 10 10 8 8 10 10 10 10 4 4 4 10 9 10 10 10 10 10 10 3 10 10 10 10 8 10 9 7 100 1 1 1 1 1 4 1 1 1 4 1 1 3 1 3 1 3 1 3 1 1 1 1 1 1 1 5 0 1 1 1 1 1 1 1 1 1 1 1 1 1 7 1 1 1 1 1 1 1 1 1 1 1 1 1 1 1 1 1 1 1 1 1 1 1 1 1 1 1 1 1 1 1 1 1 1 1 1 1 1 1 1 1 1 1 1 1 1 1 1 1 1 1 1 1 1 1 1 1 1 1 1 1 1 1 1 1 1 1 1 7 12 100 12 1 12 12 1 1 100 12 12 12 12 12 12 12 12 12 12 12 12 12 12 12 1 7 12 12 1 1 1 1 1 1 1 1 1 1 1 1 1 1 1 1 1
staticfield java/lang/Float TYPE Ljava/lang/Class; java/lang/Class
ciInstanceKlass java/lang/Double 1 1 254 7 100 10 10 10 100 10 10 6 0 8 10 8 10 8 6 0 10 100 5 0 5 0 8 8 10 10 8 10 8 8 8 10 10 10 10 10 10 10 10 6 0 6 0 6 0 10 9 10 10 10 10 5 0 10 10 10 10 8 10 9 7 100 1 1 1 1 1 6 0 1 1 1 6 0 1 1 3 1 3 1 3 1 3 1 1 1 1 1 1 1 5 0 1 1 1 1 1 1 1 1 1 1 1 1 1 1 1 100 1 1 1 1 7 1 1 1 1 1 1 1 1 1 1 1 1 1 1 1 1 1 1 1 1 1 1 1 1 1 1 1 1 1 1 1 1 1 1 1 1 1 1 1 1 1 1 1 1 1 1 1 1 1 1 1 1 1 1 1 1 1 1 1 1 1 1 1 1 1 1 1 1 7 12 12 12 1 12 100 12 1 12 1 12 1 12 1 1 1 100 12 12 1 12 1 1 1 12 12 12 12 12 12 12 12 12 12 12 12 12 12 12 12 12 1 7 12 12 1 1 1 1 1 1 1 1 1 1 1 1 1 1 1 1 1 1 1 1 1 1 1 1 1
staticfield java/lang/Double TYPE Ljava/lang/Class; java/lang/Class
ciInstanceKlass java/lang/Byte 1 1 178 7 10 9 10 7 100 10 8 10 8 10 10 10 10 10 10 10 10 8 8 10 9 10 10 10 10 10 5 0 10 8 10 9 7 100 7 1 1 1 1 1 3 1 3 1 1 1 1 1 1 1 3 1 3 1 1 5 0 1 1 1 1 1 1 1 1 1 1 1 1 1 1 1 1 1 1 1 1 1 1 1 1 1 1 1 1 1 1 1 1 1 1 1 1 1 1 1 1 1 1 1 1 1 1 1 1 1 1 1 1 1 1 1 1 1 1 1 1 1 1 1 1 1 1 1 1 1 1 1 100 12 12 12 1 1 12 1 12 1 12 12 12 12 12 12 12 12 1 1 12 12 12 12 12 12 12 1 7 12 12 1 1 1 1 1 1 1 1 1 1 1 1 1 1 1 1 1
staticfield java/lang/Byte TYPE Ljava/lang/Class; java/lang/Class
ciInstanceKlass java/lang/Short 1 1 186 7 100 10 10 7 100 10 8 10 8 10 10 10 10 10 10 9 10 10 10 8 8 10 9 10 10 10 10 10 3 3 5 0 10 8 10 9 7 100 7 1 1 1 1 1 3 1 3 1 1 1 1 1 1 1 3 1 3 1 1 5 0 1 1 1 1 1 1 1 1 1 1 1 1 1 1 1 1 1 1 1 1 1 1 1 1 1 1 1 1 1 1 1 1 1 1 1 1 1 1 1 1 1 1 1 1 1 1 1 1 1 1 1 1 1 1 1 1 1 1 1 1 1 1 1 1 1 1 1 1 1 1 1 1 1 1 100 12 12 1 1 12 1 12 1 12 12 12 12 12 12 12 12 12 12 1 1 12 12 12 12 12 12 12 1 7 12 12 1 1 1 1 1 1 1 1 1 1 1 1 1 1 1 1 1
staticfield java/lang/Short TYPE Ljava/lang/Class; java/lang/Class
ciInstanceKlass java/lang/Integer 1 1 417 7 100 7 7 10 9 9 10 10 10 10 10 10 10 10 10 10 10 10 10 10 10 10 9 9 7 8 10 100 10 8 10 10 8 10 8 10 3 10 3 10 10 10 7 11 100 10 11 10 8 10 8 100 10 10 5 0 8 10 10 10 10 7 9 9 10 10 9 10 10 10 10 100 100 10 10 8 8 10 8 8 8 8 8 8 10 10 10 5 0 3 3 3 3 10 3 10 10 8 10 9 3 3 3 3 3 3 9 7 100 1 1 1 1 1 1 1 1 1 1 1 1 1 1 1 1 1 1 1 3 1 3 1 1 5 0 1 1 1 1 1 1 1 1 1 1 1 1 100 1 1 1 1 1 1 1 1 1 1 1 1 1 1 1 1 1 1 1 1 1 1 1 1 1 1 1 1 1 1 1 1 1 1 1 1 1 1 1 1 1 1 1 1 1 1 1 1 1 1 1 1 1 1 1 1 1 1 1 1 1 1 1 1 1 1 1 1 1 1 1 1 1 1 1 1 1 1 1 1 1 1 1 1 1 100 1 1 1 1 1 1 1 1 1 1 1 1 1 1 1 1 1 1 1 1 1 1 1 1 1 1 1 1 1 1 1 1 1 1 1 1 1 1 1 1 1 1 1 1 1 12 12 12 100 12 12 100 12 12 100 12 12 12 7 12 12 12 12 12 12 12 12 12 1 1 12 1 12 1 12 12 1 12 1 12 12 12 12 7 12 1 1 12 1 12 1 1 12 12 1 12 12 12 12 1 12 12 12 12 12 12 12 7 12 1 1 12 12 1 1 12 1 1 1 1 1 1 12 12 12 12 12 12 1 7 12 12 12 1 1 1 1 1 1 1 1 1 1 1 1 1 1 1 1 1 1 1 1 1 1 1 1 1 1 1 1 1 1 1 1 1 1 1 1 1 1 1 1 1 1 1 1 1 1 1 1
staticfield java/lang/Integer TYPE Ljava/lang/Class; java/lang/Class
staticfield java/lang/Integer digits [C 36
staticfield java/lang/Integer DigitTens [B 100
staticfield java/lang/Integer DigitOnes [B 100
staticfield java/lang/Integer sizeTable [I 10
ciInstanceKlass java/lang/Long 1 1 482 7 100 7 7 10 9 9 10 10 10 10 10 10 10 10 5 0 5 0 100 10 10 10 10 10 10 10 10 10 10 10 10 10 10 10 10 10 10 10 10 7 5 0 5 0 9 9 5 0 7 8 10 8 10 8 8 10 5 0 10 5 0 10 10 10 100 11 100 10 11 10 8 10 8 100 10 10 8 8 11 10 10 10 5 0 5 0 9 10 10 8 8 10 8 8 8 8 8 8 10 10 10 10 9 10 10 10 100 100 10 10 10 10 10 10 10 5 0 5 0 5 0 10 5 0 5 0 10 10 10 8 10 9 7 100 7 1 1 1 1 1 1 5 0 1 1 1 1 1 1 1 3 1 3 1 5 0 1 1 1 1 1 1 1 1 1 1 1 1 1 100 1 1 1 1 1 1 1 1 1 1 1 1 1 1 1 1 1 1 1 1 1 1 1 1 1 1 1 1 1 1 1 1 1 1 1 1 1 1 1 1 1 1 1 1 1 1 1 1 1 1 1 1 1 1 1 1 1 1 1 1 1 1 1 1 1 1 1 1 1 1 1 1 1 1 1 1 1 1 1 1 1 1 1 1 1 1 1 1 1 1 1 1 1 1 1 1 1 1 1 1 1 1 1 1 100 1 1 1 1 1 1 1 1 1 1 1 1 1 1 1 1 1 1 1 1 1 1 1 1 1 1 1 1 1 1 1 1 1 1 1 1 1 1 1 1 1 1 12 12 12 100 12 12 100 12 12 12 12 12 1 12 12 12 12 12 12 100 12 12 12 12 12 12 100 12 12 12 12 12 12 12 1 12 12 1 1 12 1 12 1 1 12 12 12 12 100 12 1 1 12 1 12 1 1 12 12 1 1 12 12 12 12 12 12 12 1 1 12 1 1 1 1 1 1 12 12 12 12 12 12 100 12 1 1 12 12 12 12 12 12 12 12 12 12 1 7 12 12 1 1 1 1 1 1 1 1 1 1 1 1 1 1 1 1 1 1 1 1 1 1 1 1 1 1 1 1 1 1 1 1 1 1 1 1 1 1 1 1 1 1 1 1 1 1 1 1 1 1 1 1 1 1 1 1 1 1 1 1 1 1
staticfield java/lang/Long TYPE Ljava/lang/Class; java/lang/Class
ciInstanceKlass java/lang/NullPointerException 1 1 26 10 10 100 7 1 1 1 5 0 1 1 1 1 1 1 1 1 1 1 1 1 12 12 1 1
ciInstanceKlass java/lang/ArithmeticException 1 1 26 10 10 100 100 1 1 1 5 0 1 1 1 1 1 1 1 1 1 1 1 1 12 12 1 1
instanceKlass java/util/AbstractMap$2
instanceKlass org/eclipse/sisu/inject/MildElements
instanceKlass org/eclipse/sisu/inject/MildValues$1
instanceKlass com/google/common/collect/AbstractMapBasedMultimap$WrappedCollection
instanceKlass com/google/common/collect/Maps$Values
instanceKlass com/google/common/collect/AbstractMultimap$Values
instanceKlass java/util/TreeMap$Values
instanceKlass com/google/common/collect/ImmutableCollection
instanceKlass java/util/IdentityHashMap$Values
instanceKlass java/util/AbstractQueue
instanceKlass java/util/LinkedHashMap$LinkedValues
instanceKlass java/util/HashMap$Values
instanceKlass java/util/ArrayDeque
instanceKlass java/util/AbstractList
instanceKlass java/util/AbstractSet
instanceKlass java/util/ImmutableCollections$AbstractImmutableCollection
ciInstanceKlass java/util/AbstractCollection 1 1 173 100 10 10 10 11 11 10 7 10 10 10 10 10 7 10 7 3 10 100 8 10 3 100 10 11 11 10 10 10 11 8 100 10 10 8 10 10 7 1 1 1 1 1 1 1 1 1 1 1 1 1 1 1 1 1 1 1 1 1 1 1 1 1 1 1 1 7 1 1 1 1 1 1 1 1 1 1 1 1 1 1 1 1 1 1 1 1 1 1 1 1 1 1 1 1 1 1 1 1 1 1 1 1 1 1 1 1 1 1 1 1 1 12 12 12 12 12 12 1 100 12 12 12 7 12 7 12 100 12 1 12 1 1 12 1 12 12 12 100 12 1 1 12 1 12 12 1 1 1 1 1 1 1 1 1 1 1 1 1 1 1 1 1 1 1 1 1 1 1 1 1 1
ciInstanceKlass java/util/Objects 1 1 140 10 100 8 10 10 10 10 10 10 10 11 100 10 10 8 10 8 100 11 8 100 10 10 10 100 7 1 1 1 1 1 1 1 1 1 1 1 1 1 1 1 1 1 1 1 1 1 1 1 1 1 1 1 1 1 1 1 1 1 1 1 1 1 1 1 1 1 1 1 1 1 1 1 1 1 1 1 1 1 1 1 1 1 1 1 1 1 1 1 1 1 1 1 1 1 1 1 1 1 12 1 1 12 12 7 12 12 12 12 12 100 12 1 12 12 1 12 1 1 7 12 12 12 1 1 1 1 1 1 1 1 1 1 1 1 1 1 1 1
instanceKlass java/util/Collections$SingletonMap
instanceKlass org/eclipse/sisu/wire/EntryMapAdapter
instanceKlass com/google/common/collect/Maps$ViewCachingAbstractMap
instanceKlass com/google/common/collect/MapMakerInternalMap
instanceKlass org/eclipse/sisu/wire/MergedProperties
instanceKlass com/google/common/cache/LocalCache
instanceKlass java/util/EnumMap
instanceKlass java/util/TreeMap
instanceKlass java/util/IdentityHashMap
instanceKlass java/util/WeakHashMap
instanceKlass java/util/ImmutableCollections$AbstractImmutableMap
instanceKlass java/util/Collections$EmptyMap
instanceKlass sun/util/PreHashedMap
instanceKlass java/util/concurrent/ConcurrentHashMap
instanceKlass java/util/HashMap
ciInstanceKlass java/util/AbstractMap 1 1 192 10 10 11 10 11 11 11 7 11 10 11 100 10 11 11 10 11 9 7 10 9 7 10 7 11 11 11 100 100 11 8 100 10 10 8 10 10 10 7 7 100 1 1 100 1 1 1 1 1 1 1 1 1 1 1 1 1 1 1 1 1 1 1 1 1 1 1 1 1 1 1 1 1 1 1 1 1 7 1 1 1 1 1 1 1 1 1 1 1 1 1 1 1 1 1 1 1 1 1 1 1 7 1 1 1 100 1 1 1 1 1 1 1 1 1 1 1 1 1 1 1 1 1 1 1 1 1 1 7 1 1 1 1 1 1 1 1 100 100 12 12 12 12 12 12 1 12 12 12 1 12 12 12 12 1 12 12 1 1 12 12 1 1 12 1 1 12 1 12 12 12 1 1 1 1 1 1 1 1 1 1 1 1 1 1 1 1 1 1 1 1
instanceKlass org/apache/maven/artifact/versioning/ManagedVersionMap
instanceKlass java/lang/ProcessEnvironment
instanceKlass java/util/LinkedHashMap
ciInstanceKlass java/util/HashMap 1 1 590 10 100 10 100 10 100 11 11 11 10 7 3 10 100 100 10 8 10 10 10 10 10 8 10 9 10 9 4 10 10 11 9 4 10 11 11 11 11 7 11 11 10 10 9 10 9 9 9 10 9 7 10 10 10 10 10 9 10 7 3 7 10 10 9 9 10 10 10 10 9 7 10 9 7 10 9 7 10 100 10 11 100 10 11 11 10 100 100 10 10 10 10 10 10 10 8 10 100 10 4 10 4 10 10 10 8 4 10 100 11 10 10 10 10 7 7 100 100 1 1 100 1 100 1 100 1 100 1 100 1 100 1 100 1 100 1 100 1 1 1 1 1 1 1 1 5 0 1 1 3 1 1 1 1 3 1 3 1 3 1 1 1 1 1 1 1 1 1 1 1 1 1 1 1 1 1 1 1 1 1 1 1 1 1 1 1 1 1 1 1 1 1 1 1 100 7 100 1 1 1 1 1 1 1 1 1 1 1 1 1 1 1 1 1 1 1 1 1 1 1 1 1 1 1 1 1 1 1 1 1 1 1 7 1 1 1 1 1 1 1 1 1 1 1 1 1 100 1 1 1 1 1 1 1 1 1 1 1 1 1 1 1 1 1 1 1 1 1 1 1 1 1 1 1 1 1 1 1 1 1 1 1 1 1 1 1 1 1 1 1 1 1 1 1 1 1 1 1 7 1 1 1 1 1 1 100 1 1 1 1 1 1 1 1 1 1 1 1 1 1 1 1 1 1 1 7 1 1 1 1 1 1 100 1 1 1 1 1 1 1 1 1 1 1 100 1 1 1 1 1 1 1 1 1 1 1 1 1 1 1 1 100 1 1 1 1 1 100 1 1 1 1 100 100 1 1 1 1 1 1 1 1 1 1 1 1 1 1 1 1 1 1 1 1 100 1 1 1 1 12 1 12 1 12 1 12 12 12 12 1 12 1 1 1 12 12 12 12 7 12 1 12 12 12 12 12 12 12 12 12 12 12 12 12 1 12 12 12 12 12 12 12 12 12 12 12 1 12 12 12 12 12 12 12 1 1 12 12 12 12 12 12 12 12 1 12 12 1 12 1 1 12 1 12 12 12 1 1 12 12 12 12 12 12 12 12 1 100 12 12 12 12 1 100 12 1 100 12 12 12 12 1 1 1 1 1 1 1 1 1 1 1 1 1 1 1 1 1 1 1 1 1 1 1 1 1 1 1 1 1 1 1 1 1 1 1 1 1 1 1 1 1 1 1 1 1 1 1 1 1 1 1 1 1 1 1 1 1 1 1 1 1 1 1 1 1 1 1 1 1 1 1 1 1 1 1 1 1 1 1 1 1 1 1 1 1 1 1 1
ciInstanceKlass java/lang/StringLatin1 1 1 314 7 10 100 10 10 10 10 10 10 10 10 10 10 10 10 10 9 10 10 10 10 10 10 10 100 10 10 10 8 8 8 10 10 10 7 10 10 10 10 10 10 10 10 10 10 10 8 10 100 10 10 10 10 10 7 100 100 1 1 1 1 1 1 1 1 1 1 1 1 1 1 1 1 1 1 1 1 1 1 1 1 1 1 1 1 1 1 1 1 1 1 1 1 1 1 1 1 1 1 1 1 1 1 1 1 1 1 1 1 1 1 1 1 1 1 1 1 1 1 1 1 1 100 1 1 1 1 1 1 1 1 1 1 1 1 1 1 1 1 1 1 1 1 1 1 1 1 1 1 1 1 1 1 1 1 1 1 1 1 1 1 1 1 1 1 1 1 1 1 1 1 1 1 1 1 1 1 1 1 100 7 1 1 1 1 1 1 1 1 1 1 1 1 1 1 1 1 1 1 1 1 1 1 1 1 1 1 1 1 1 1 1 1 1 1 1 1 1 12 1 12 12 7 12 12 7 12 12 7 12 12 12 12 12 7 12 12 12 12 12 12 12 12 1 12 12 1 1 1 12 100 12 12 1 12 12 12 12 12 12 12 12 12 12 1 12 1 12 100 12 7 12 12 1 1 1 1 1 1 1 1 1 1 1 1 1 1 1 1 1 1 1 1 1 1 1 1 1 1 1 1 1 1 1 1 1 1 1 1 1 1 1 1
ciInstanceKlass java/util/Arrays 1 1 1057 10 100 100 10 8 10 10 8 8 10 10 100 10 10 10 10 10 10 10 10 10 7 10 100 10 10 100 10 10 100 10 10 100 10 10 100 10 10 100 10 10 100 10 10 9 10 100 10 10 10 100 10 10 7 9 10 10 10 10 10 10 7 11 10 10 10 10 10 10 10 10 11 10 100 10 10 100 10 10 100 10 10 100 10 10 10 10 10 10 10 10 10 10 10 10 10 10 10 10 10 10 10 10 10 10 10 10 10 10 10 10 10 10 10 7 10 10 8 7 10 10 10 10 9 100 10 9 100 10 9 100 10 9 100 10 9 100 10 9 100 10 9 100 10 100 10 10 9 100 10 10 10 10 10 10 10 10 10 10 10 8 8 10 10 8 10 10 10 10 100 3 10 100 10 10 11 10 10 10 10 10 10 10 10 10 11 8 10 11 11 11 11 18 11 11 18 11 18 11 18 100 10 10 10 10 10 10 10 10 10 10 10 10 10 10 10 10 10 10 10 10 10 10 10 10 10 10 10 10 10 10 10 10 10 100 1 1 1 7 1 100 1 1 1 1 3 1 3 1 1 1 1 1 1 1 1 1 1 1 1 1 1 1 1 1 1 1 1 1 1 1 1 1 1 1 1 1 1 1 1 1 1 1 1 1 1 1 1 1 1 1 1 1 1 1 1 1 1 1 1 1 1 1 7 1 1 1 1 1 1 1 1 1 1 1 1 1 1 1 1 1 1 1 1 1 1 1 1 1 1 1 1 1 1 1 1 1 1 1 1 1 1 1 1 1 1 1 1 1 1 1 1 1 1 1 1 1 1 1 1 1 1 1 1 1 1 1 1 1 1 1 1 1 1 1 1 1 1 1 1 1 1 1 1 1 1 1 1 1 1 1 1 1 1 1 1 1 1 1 1 1 1 1 1 1 1 1 1 1 1 1 1 1 1 1 1 1 1 1 1 1 1 1 1 1 1 1 1 1 1 1 1 1 1 1 1 1 1 1 1 1 1 1 1 1 1 1 1 1 1 1 1 1 1 1 1 1 1 1 1 1 1 1 1 1 1 1 1 1 1 1 1 1 1 1 1 1 1 1 1 1 1 1 1 1 1 1 1 1 1 1 1 1 1 7 1 1 1 1 1 1 1 1 1 1 1 1 1 1 1 1 1 1 1 1 1 1 1 1 1 1 1 1 1 1 1 1 1 1 1 1 1 1 1 1 1 1 1 1 1 1 1 1 1 1 1 100 1 1 1 100 1 1 1 100 1 1 1 1 1 1 1 1 1 1 1 1 1 1 1 1 1 1 1 1 1 1 1 1 1 1 1 1 1 1 1 1 1 1 1 1 1 1 1 1 1 1 1 1 1 1 1 1 1 1 1 1 1 1 1 1 1 1 12 1 1 1 12 12 1 1 12 12 1 12 100 12 12 12 12 12 12 12 12 1 100 12 100 1 1 1 12 12 100 1 1 12 100 1 1 12 100 1 1 12 100 1 1 12 100 1 1 12 100 1 1 12 12 7 12 100 1 1 12 12 7 12 12 12 12 100 12 100 12 12 12 12 1 12 12 7 12 12 12 100 12 12 12 12 7 12 100 1 1 12 1 1 12 1 1 12 1 1 12 12 12 12 12 12 12 100 12 12 100 12 12 12 7 12 12 12 12 12 12 12 12 12 12 12 12 12 12 12 12 12 12 1 7 12 12 1 1 12 12 12 12 100 12 12 12 100 12 100 12 100 12 100 12 12 12 12 12 1 12 12 12 12 12 12 12 12 12 12 1 1 12 12 1 12 12 12 100 12 1 1 12 100 12 12 12 12 12 12 12 12 12 12 12 1 12 7 12 100 12 12 1 15 16 15 12 12 100 12 15 12 100 12 15 12 100 12 15 12 1 7 12 12 12 12 12 12 12 12 12 12 7 12 12 12 12 12 12 12 12 12 12 12 12 12 12 12 12 12 12 12 12 12 12 12 1 1 1 1 1 1 1 1 1 1 1 1 1 1 1 1 1 1 1 1 1 1 1 1 100 1 1 1 1 1 1 1 1 1 1 1 1 1 1 1 1 1 1 1 1 1 1 1 1 1 1 1 1 1 1 1 1 1 1 1 1 1 1 1 1 1 1 1 1 1 1 1 1 1 1 1 1 1 1 1 1 1 1 1 1 1 1 1 1 1 1 1 1 1 1 1 1 1 1 1 1 1 1 1 1 1 1 1 1 1 1 1 1 1 1 1 1 1 1 1 1 1 1 1 1 1 10 10 1 1 1 1 1 1 1 10 1 1 1 1 10 1 1 1 1 10 1 1 1 1 1 1 1 1 1 1 1 1 1 1 1 1 1 1 1 1 1 1 1 1 1 1 1 100 12 12 12 12 12 1 1 100 1 1 100 1 1
staticfield java/util/Arrays $assertionsDisabled Z 1
ciInstanceKlass java/lang/Math 1 1 389 10 10 10 10 10 10 10 7 6 0 6 0 10 10 10 10 10 10 10 10 10 10 10 10 100 3 3 3 10 100 5 0 5 0 5 0 5 0 5 0 9 10 100 8 10 8 10 10 100 5 0 5 0 100 3 5 0 3 5 0 10 10 10 9 9 10 7 6 0 10 9 100 10 10 100 10 10 10 10 10 10 10 10 10 6 0 10 10 10 10 7 4 10 10 10 10 10 10 10 10 10 10 10 5 0 6 0 4 6 0 4 6 0 4 10 9 10 9 10 4 6 0 100 100 1 1 1 1 1 6 0 1 6 0 1 1 1 1 1 1 1 1 1 1 1 1 1 1 1 1 1 1 1 1 1 1 1 1 1 1 1 1 1 1 1 1 1 1 1 1 1 1 1 1 1 1 1 1 1 1 1 1 1 1 1 1 1 1 1 1 1 1 1 1 1 1 1 1 1 1 1 1 1 1 1 1 1 1 1 1 1 1 1 1 1 1 1 1 1 1 1 1 1 1 1 1 1 1 1 1 1 1 1 1 1 1 1 1 1 1 1 1 1 1 1 1 1 1 1 1 1 1 1 1 1 1 1 1 1 1 1 1 1 1 1 1 1 1 1 1 1 1 1 1 1 1 1 1 1 1 1 1 12 100 12 12 12 12 12 12 1 12 12 12 12 12 12 12 12 12 12 12 12 1 12 1 12 100 12 1 1 12 1 12 12 1 1 12 12 12 12 12 12 1 12 12 1 12 1 12 12 12 12 12 12 12 12 12 12 12 12 12 1 12 12 12 12 12 12 12 12 12 12 12 12 12 12 12 7 12 1 1 1 1 1 1 1 1 1 1 1 1 1 1 1 1 1 1 1 1 1 1 1 1 1 1 1 1
staticfield java/lang/Math negativeZeroFloatBits J -2147483648
staticfield java/lang/Math negativeZeroDoubleBits J -9223372036854775808
staticfield java/lang/Math $assertionsDisabled Z 1
ciInstanceKlass java/lang/StringUTF16 1 1 532 100 7 10 100 10 7 3 100 100 10 8 10 10 8 10 10 9 10 100 8 10 9 9 10 10 10 10 10 10 10 10 10 10 10 10 10 10 10 10 10 10 100 10 10 10 10 10 10 10 10 10 10 10 10 100 3 10 10 10 10 10 10 10 9 10 10 10 10 100 10 10 10 10 10 8 8 8 10 10 10 10 10 10 10 10 10 10 10 10 10 10 10 10 8 10 100 10 10 10 10 11 10 10 10 9 9 5 0 5 0 10 10 10 10 10 100 100 1 1 100 1 1 1 1 1 1 1 1 1 1 1 1 1 1 1 1 1 1 1 1 1 1 1 1 1 1 1 1 1 1 1 1 1 1 1 1 1 1 1 1 1 1 1 1 1 1 1 1 1 1 1 1 1 1 1 1 100 1 1 1 1 1 1 1 1 1 1 1 1 1 1 1 1 1 1 1 1 1 1 1 1 1 1 1 1 1 1 1 1 1 1 1 1 1 1 1 1 1 1 1 1 1 1 1 1 1 1 1 1 1 1 1 1 1 1 1 1 1 1 1 1 1 1 1 1 1 1 1 1 1 1 1 1 1 1 1 1 1 1 1 1 1 1 1 1 1 1 1 1 1 1 1 1 100 100 1 1 1 1 1 1 1 1 1 1 1 1 1 1 1 1 1 1 1 1 1 1 1 1 1 1 1 1 1 1 1 1 1 1 1 1 1 1 1 1 1 1 1 1 1 1 1 1 1 1 1 1 1 1 1 1 1 1 1 1 1 1 1 1 1 1 1 1 1 1 1 1 1 1 1 1 1 1 1 1 1 1 1 1 12 1 1 1 1 1 12 12 1 12 12 12 12 1 1 12 12 12 12 12 12 12 12 12 12 12 12 12 12 12 12 12 12 12 12 1 12 12 12 12 12 100 12 100 12 12 12 12 12 1 12 12 12 12 12 12 12 12 12 12 12 12 1 12 12 100 12 12 1 1 1 12 12 12 12 100 12 12 12 12 12 12 12 12 7 12 12 12 12 1 12 1 12 100 12 12 12 7 12 12 12 12 12 12 12 12 12 7 12 12 1 1 1 1 1 1 1 1 1 1 1 1 1 1 1 1 1 1 1 1 1 1 1 1 1 1 1 1 1 1 1 1 1 1 1 1 1 1 1 1 1 1 1 1 1 1 1 1 1 1 1 1 1 1 1 1 1 1 1 1 1 1
staticfield java/lang/StringUTF16 HI_BYTE_SHIFT I 0
staticfield java/lang/StringUTF16 LO_BYTE_SHIFT I 8
staticfield java/lang/StringUTF16 $assertionsDisabled Z 1
ciInstanceKlass java/util/List 1 1 212 10 11 11 11 11 11 11 10 100 100 10 100 10 10 7 10 10 7 7 10 10 100 100 1 1 1 1 1 1 1 1 1 1 1 1 1 1 1 1 1 1 1 1 1 1 1 1 1 1 1 1 1 1 1 1 1 1 1 1 1 1 1 1 1 1 100 1 1 1 1 1 1 1 1 1 1 1 100 100 1 1 1 1 1 1 1 1 1 1 1 1 1 1 1 1 1 1 1 1 1 1 1 1 1 1 1 1 1 1 1 1 1 1 1 1 1 1 1 1 1 1 1 1 1 1 1 1 1 1 1 1 1 1 1 1 1 1 1 1 1 1 1 1 1 1 1 1 1 1 1 1 1 1 1 1 100 12 12 12 12 100 12 12 12 100 12 1 100 1 1 1 12 1 100 12 7 12 1 1 12 12 1 1 1 12 12 1 1 1 1 1 1 1 1 1 1 1 1 1 1 1 1 1 1 1 1 1 1 1 1 1
instanceKlass org/apache/maven/model/merge/ModelMerger$MergingList
instanceKlass java/util/ArrayList$SubList
instanceKlass sun/security/jca/ProviderList$3
instanceKlass com/google/common/collect/Lists$TransformingRandomAccessList
instanceKlass java/util/Collections$SingletonList
instanceKlass java/util/AbstractSequentialList
instanceKlass java/util/Arrays$ArrayList
instanceKlass java/util/Vector
instanceKlass java/util/ArrayList
instanceKlass java/util/Collections$EmptyList
ciInstanceKlass java/util/AbstractList 1 1 218 10 9 10 10 100 10 10 11 11 11 10 10 11 11 11 10 10 11 11 11 7 10 7 10 10 100 100 10 100 10 100 100 10 8 10 10 10 10 8 100 8 8 8 10 100 11 10 10 11 10 8 8 7 7 1 1 1 100 1 1 1 1 1 1 1 1 1 1 1 1 1 1 1 1 1 1 1 1 1 1 1 1 1 1 1 1 1 1 1 1 1 1 1 1 1 1 1 100 1 1 1 1 1 1 1 1 1 7 1 1 1 1 1 1 1 1 1 1 1 1 1 1 1 1 1 1 1 1 1 1 1 7 1 1 1 1 1 1 1 1 1 1 1 1 1 1 100 12 12 12 12 1 12 12 12 12 12 12 12 12 12 12 12 100 12 1 12 1 12 12 1 1 12 1 1 1 1 12 12 12 12 1 1 1 1 1 1 12 12 12 1 1 1 1 1 1 1 1 1 1 1 1 1 1 1 1 1 1 1 1 1 1 1 1 1 1 1
instanceKlass java/nio/charset/UnsupportedCharsetException
instanceKlass java/lang/NumberFormatException
ciInstanceKlass java/lang/IllegalArgumentException 1 1 35 10 10 10 10 100 100 1 1 1 5 0 1 1 1 1 1 1 1 1 1 1 1 1 1 1 1 1 1 12 12 12 12 1 1
instanceKlass org/apache/maven/artifact/versioning/ComparableVersion$ListItem
instanceKlass org/eclipse/sisu/bean/BeanScheduler$Pending
ciInstanceKlass java/util/ArrayList 1 1 500 100 10 7 9 9 100 100 10 8 10 10 10 10 9 11 9 10 7 7 10 9 10 10 10 10 100 10 3 10 3 10 10 10 10 10 100 100 10 10 10 10 10 10 10 10 7 10 10 10 100 10 11 11 11 10 10 10 100 10 10 10 10 8 8 8 8 10 10 11 100 10 10 10 10 10 10 11 10 100 8 10 7 10 7 10 10 7 10 10 11 7 10 10 11 10 10 10 10 11 10 7 100 100 100 1 1 1 1 1 1 1 1 5 0 1 1 3 1 1 1 1 1 1 1 1 1 1 1 1 1 1 1 1 1 1 1 1 1 1 1 7 1 1 1 1 1 1 1 1 1 1 1 1 1 1 1 1 1 1 1 1 1 1 1 1 1 1 1 1 1 1 1 1 1 1 1 1 1 1 1 1 1 1 1 1 1 1 1 1 1 1 1 1 1 1 1 1 1 1 1 1 1 1 1 1 1 1 1 1 1 1 1 1 1 1 100 1 1 1 1 1 1 1 1 1 1 1 1 1 1 1 1 1 1 1 1 1 1 1 1 1 1 1 1 1 1 1 1 1 1 1 1 1 1 1 1 1 1 1 1 1 1 1 1 1 1 100 1 1 1 1 100 1 1 1 1 1 1 1 1 1 1 1 1 1 1 1 1 7 1 1 1 1 1 1 1 1 1 1 1 1 1 1 1 1 1 1 1 1 1 1 100 1 1 1 1 1 1 1 1 1 1 1 1 1 1 1 1 1 1 1 1 1 100 7 1 12 1 12 12 1 1 1 12 12 12 12 12 12 12 12 1 7 12 12 12 12 12 7 12 1 12 12 12 12 12 12 1 1 12 7 12 7 12 12 12 12 12 12 1 12 12 12 1 12 12 12 12 12 12 1 12 12 12 1 1 1 1 12 12 12 1 100 12 12 12 100 12 12 100 12 100 12 12 1 1 1 12 1 12 12 1 12 12 12 1 12 12 7 12 12 12 12 12 100 12 12 1 1 1 1 1 1 1 1 1 1 1 1 1 1 1 1 1 1 1 1 1 1 1 1 1 1 1 1 1 1 1 1 1 1 1 1 1 1 1 1 1 1 1 1 1 1 1 1 1 1 1 1 1 1 1 1 1 1 1 1 1 1
staticfield java/util/ArrayList EMPTY_ELEMENTDATA [Ljava/lang/Object; 0 [Ljava/lang/Object;
staticfield java/util/ArrayList DEFAULTCAPACITY_EMPTY_ELEMENTDATA [Ljava/lang/Object; 0 [Ljava/lang/Object;
ciInstanceKlass jdk/internal/util/Preconditions 1 1 147 10 11 11 100 100 10 10 8 100 10 10 8 8 7 10 8 100 10 8 10 10 11 8 8 11 8 8 8 10 10 10 100 1 1 1 1 1 1 1 1 1 1 1 1 1 1 1 1 1 1 1 1 1 1 1 1 100 1 1 1 1 1 1 1 1 1 1 1 1 1 1 1 1 1 1 1 1 1 1 1 1 1 100 1 1 1 1 1 1 1 1 1 1 1 1 1 1 12 12 100 12 1 1 12 12 1 12 12 1 12 1 1 12 1 12 12 12 1 1 12 1 1 1 12 12 12 1 1 1 1 1 1 1 1 1 1 1 1 1 1 1 1 1 1 1 1
ciInstanceKlass jdk/internal/loader/URLClassPath$JarLoader 1 1 560 7 7 8 8 7 10 10 8 10 10 10 10 9 9 9 9 9 10 9 10 8 10 10 7 10 10 100 10 100 10 9 9 11 8 10 10 10 7 10 10 100 10 10 7 7 10 100 10 10 10 10 8 10 10 8 9 10 100 10 100 10 9 10 10 10 10 100 100 7 10 10 10 10 11 11 100 10 10 10 10 10 100 10 10 10 10 7 10 100 10 10 7 100 10 10 10 10 11 10 100 8 10 10 11 10 10 9 10 10 100 10 10 10 10 9 10 9 9 8 8 10 10 100 10 10 10 10 9 10 10 10 10 10 8 10 10 10 100 10 7 1 1 1 1 1 1 1 1 1 1 1 1 1 1 1 1 1 1 1 1 1 1 1 1 1 1 1 1 1 1 1 1 1 1 1 1 1 1 1 1 1 1 1 1 1 1 1 1 1 1 1 1 1 1 1 1 1 1 1 1 1 1 1 1 1 1 1 1 7 1 1 1 1 1 1 1 1 1 1 100 1 1 1 1 7 1 1 1 1 1 1 1 1 1 1 1 1 1 1 1 1 1 1 1 1 1 100 100 100 1 1 1 1 1 1 1 1 1 1 1 1 1 1 1 1 1 1 1 1 1 1 1 1 1 1 1 1 1 1 1 1 1 1 1 1 1 12 12 1 12 12 12 12 12 12 12 12 12 12 12 12 1 12 12 1 12 7 12 1 12 1 7 12 12 12 100 12 1 12 12 12 1 12 1 12 1 1 1 12 12 12 12 1 12 12 1 12 100 12 1 12 1 12 12 12 12 7 12 12 1 1 1 12 12 12 12 12 12 1 12 12 12 12 12 1 12 12 12 1 12 100 12 100 12 1 1 12 12 12 12 12 12 1 1 7 12 7 12 12 100 12 100 12 100 12 12 1 12 12 12 12 12 12 12 1 1 100 12 100 12 12 12 12 12 12 12 12 12 12 1 12 100 12 12 1 12 1 1 1 1 1 1 1 1 1 1 1 1 1 1 1 1 1 1 1 1 1 1 1 1 1 1 1 1 1 1 1 1 1 1 1 1 1 100 1 1 1 1 1 1 1 1 1 1 1 1 1 1 1 1 1 1 1 1 1 1 1 1 1 1 1 1 1 1 1 1 1 1 1 1 1 1 1 1 1 1 1 1 1 1 1 1 1 1 1 1 1 1 1 1 1 1 1 1 1 1 1 1 1 1 1 1 1 1 1 1 1 1 1 1 1 1 1 1 1 1 1 1 1 1 1 1 1 1 1 1 100 1 1
staticfield jdk/internal/loader/URLClassPath$JarLoader zipAccess Ljdk/internal/access/JavaUtilZipFileAccess; java/util/zip/ZipFile$1
ciInstanceKlass java/util/function/BiFunction 1 1 65 10 18 11 11 100 100 1 1 1 1 1 1 1 1 1 1 1 1 1 1 1 1 1 1 1 1 1 1 1 1 1 1 1 100 12 1 15 16 15 12 12 100 12 1 1 1 1 1 10 11 1 1 100 12 12 1 1 100 1 1 1 100 1 1
instanceKlass org/apache/http/conn/ssl/SSLInitializationException
instanceKlass java/util/concurrent/CancellationException
ciInstanceKlass java/lang/IllegalStateException 0 0 35 10 10 10 10 100 100 1 1 1 5 0 1 1 1 1 1 1 1 1 1 1 1 1 1 1 1 1 1 12 12 12 12 1 1
ciInstanceKlass org/codehaus/plexus/util/xml/pull/XmlPullParserException 0 0 110 10 9 9 100 10 8 10 8 10 8 11 8 8 10 10 11 11 9 10 10 9 10 8 10 10 100 100 1 1 1 1 1 1 1 1 1 1 1 1 1 1 1 1 1 1 1 1 1 1 1 100 100 100 1 1 1 1 1 1 1 100 1 1 12 12 12 1 12 1 12 1 12 1 12 1 1 12 12 12 12 12 12 12 100 12 12 1 100 12 1 1 1 1 1 1 1 1 1 1 1 1 1 1 1 1 1 1 1 1
ciInstanceKlass org/codehaus/plexus/util/xml/Xpp3DomBuilder 1 1 215 10 10 7 10 10 7 10 11 10 10 10 11 10 10 10 7 10 11 7 11 7 10 11 10 11 11 10 11 11 7 10 11 11 11 10 8 10 8 11 10 10 11 10 10 10 11 100 8 10 7 7 1 1 1 1 1 3 1 1 1 1 1 1 1 1 1 1 1 1 100 100 1 1 1 1 1 1 1 1 1 1 1 1 1 1 1 100 1 1 1 1 1 1 1 1 1 1 1 1 1 1 1 1 1 1 1 1 1 1 1 1 1 1 1 1 7 7 1 1 12 12 1 12 12 1 12 12 100 12 7 12 12 12 7 12 1 12 1 12 1 12 12 12 12 12 12 12 12 1 12 12 12 12 1 12 1 12 12 12 12 12 12 12 12 1 1 1 1 1 1 1 1 1 1 1 1 1 1 1 1 1 1 1 1 1 1 1 1 1 1 1 1 1 1 1 1 1 1 1 1 1 1 1 1 1 1 1 1 1 1 1 1 1 1
ciInstanceKlass org/codehaus/plexus/util/xml/pull/XmlPullParser 1 1 124 7 8 8 8 8 8 8 8 8 8 8 8 9 7 100 1 1 1 8 1 1 3 1 3 1 3 1 3 1 3 1 3 1 3 1 3 1 3 1 3 1 3 1 1 1 8 1 8 1 8 1 8 1 1 1 100 1 1 1 1 1 1 1 1 1 1 1 1 1 1 1 1 1 1 1 1 1 1 1 1 1 1 1 1 1 1 1 1 1 1 1 1 1 1 1 1 1 1 1 1 100 1 1 1 1 1 1 1 1 1 1 1 1 12 1 1 1 1 1 1 1 1 1
staticfield org/codehaus/plexus/util/xml/pull/XmlPullParser TYPES [Ljava/lang/String; 11 [Ljava/lang/String;
ciInstanceKlass org/codehaus/plexus/util/xml/pull/MXParser 1 1 1184 7 7 10 10 9 9 10 9 9 9 9 9 7 9 9 9 9 9 9 9 9 9 9 9 9 9 9 9 9 9 9 9 9 9 9 100 9 9 9 10 9 9 9 9 9 9 9 9 9 9 9 9 9 9 9 9 9 9 9 9 9 10 10 9 9 4 9 10 10 5 0 9 9 9 9 9 9 9 9 9 9 9 9 100 8 10 8 10 100 8 10 9 8 8 10 8 8 8 9 7 10 8 10 10 8 8 8 8 8 8 8 10 7 10 7 10 10 8 10 10 100 8 8 10 100 8 10 8 10 10 10 10 10 10 10 8 10 8 8 8 8 8 8 8 10 8 8 9 8 10 8 8 10 8 10 10 8 9 8 9 8 100 8 10 8 8 8 10 8 8 8 8 8 10 10 10 8 8 8 8 8 8 8 10 10 8 10 8 8 10 8 9 10 10 10 10 10 10 8 10 10 10 10 8 10 10 8 10 10 3 8 3 3 8 8 10 8 8 8 8 8 8 8 8 7 8 10 8 8 8 8 8 8 8 8 10 8 8 10 8 10 8 8 8 8 8 8 8 10 8 10 8 8 8 10 10 10 8 8 8 8 10 8 8 10 10 10 8 8 8 8 8 8 8 8 9 8 9 8 9 9 8 9 10 10 3 3 3 3 8 10 10 8 8 10 8 8 8 8 8 8 8 8 8 10 10 9 10 8 8 8 10 8 8 8 8 9 8 8 8 8 8 8 8 8 8 8 10 8 8 9 8 8 9 10 9 8 8 8 8 8 10 10 8 8 8 8 10 10 8 10 8 8 8 8 8 8 8 8 8 8 10 10 8 10 9 9 10 3 8 8 8 8 8 10 10 10 10 10 10 10 8 8 8 8 10 7 1 1 1 1 1 1 1 1 1 1 1 1 1 3 1 1 1 1 1 1 1 1 1 1 1 1 1 1 1 1 1 1 1 1 1 1 1 1 1 1 1 1 1 1 1 1 1 1 1 1 1 1 1 1 1 3 1 1 1 1 1 1 1 1 1 1 1 1 1 1 1 1 1 1 1 1 1 1 1 1 1 1 1 1 1 1 1 1 1 1 1 1 1 1 1 1 1 1 1 1 1 1 3 1 1 1 1 1 1 1 1 1 1 1 1 1 1 1 1 1 1 1 1 1 1 1 1 1 1 100 100 100 1 1 1 1 1 1 1 1 1 1 1 1 1 1 1 1 1 1 1 1 1 1 1 1 7 1 1 1 1 1 1 1 1 1 1 1 1 1 1 1 1 1 1 1 1 1 1 1 1 1 1 1 1 1 7 100 1 1 1 1 1 1 1 1 1 1 1 1 1 1 1 1 1 1 1 1 1 1 1 1 1 1 1 1 1 1 1 1 1 1 1 1 1 1 1 1 1 1 1 1 1 1 1 1 1 1 1 1 1 1 1 1 1 1 1 1 1 1 1 1 1 1 1 1 1 1 1 1 1 1 1 1 1 1 1 1 1 1 1 1 1 1 1 1 1 1 1 1 1 1 1 1 1 1 1 1 1 1 1 1 1 1 1 1 1 1 1 1 1 1 1 1 1 1 1 1 1 1 1 1 1 1 1 1 1 1 1 1 1 1 1 1 1 1 1 1 1 1 1 1 1 1 1 1 1 1 1 1 1 1 1 1 1 1 1 1 1 1 1 1 1 1 1 1 1 1 1 1 1 1 1 1 1 1 1 12 12 12 12 7 12 12 12 12 12 12 12 12 12 12 12 12 12 12 12 12 12 12 12 12 12 12 12 12 12 12 12 12 1 12 12 12 12 12 12 12 12 12 12 12 12 12 12 12 12 12 12 12 12 12 12 12 12 12 12 12 12 12 12 7 12 12 12 12 12 12 12 12 1 1 12 1 12 1 1 12 12 1 1 1 1 1 12 1 1 12 12 1 1 1 1 1 1 1 12 1 12 1 12 1 100 12 12 1 1 1 12 1 1 12 1 12 12 12 12 12 12 12 1 12 1 1 1 1 1 1 1 12 1 1 12 1 12 1 1 12 1 12 12 1 12 1 12 1 1 1 1 1 1 12 1 1 1 1 1 12 12 12 1 1 1 1 1 1 1 12 12 1 12 1 1 12 1 12 12 12 12 12 12 12 1 12 12 12 12 1 12 12 1 12 12 1 1 1 12 1 1 1 1 1 1 1 1 1 1 12 1 1 1 1 1 1 1 1 12 1 1 12 1 12 1 1 1 1 1 1 1 12 1 12 1 1 1 12 12 12 1 1 1 1 12 1 1 100 12 12 7 12 1 1 1 1 1 1 1 1 12 1 12 1 12 12 1 12 12 12 1 12 12 1 1 12 1 1 1 1 1 1 1 1 1 12 12 12 12 1 1 1 12 1 1 1 1 12 1 1 1 1 1 1 1 1 1 1 12 1 1 12 1 1 12 100 12 12 1 1 1 1 1 12 12 1 1 1 1 7 12 12 1 1 1 1 1 1 1 1 1 1 12 1 12 12 12 12 1 1 1 1 1 12 12 12 12 12 12 12 1 1 1 1 12 1 1 1 1 1 1 1 1 1 1 1 1 1 1 1 1 1 1 1 1 1 1 1 1 1 1 1 1 1 1 1 1 1 1 1 1 1 1 1 1 1 1 1 1 1 1 1 1 1 1 1 1 1 1 1 1 1 1 1 1 1 1 1
staticfield org/codehaus/plexus/util/xml/pull/MXParser BUF_NOT_RESOLVED [C 0
staticfield org/codehaus/plexus/util/xml/pull/MXParser BUF_LT [C 1
staticfield org/codehaus/plexus/util/xml/pull/MXParser BUF_AMP [C 1
staticfield org/codehaus/plexus/util/xml/pull/MXParser BUF_GT [C 1
staticfield org/codehaus/plexus/util/xml/pull/MXParser BUF_APO [C 1
staticfield org/codehaus/plexus/util/xml/pull/MXParser BUF_QUOT [C 1
staticfield org/codehaus/plexus/util/xml/pull/MXParser VERSION [C 7
staticfield org/codehaus/plexus/util/xml/pull/MXParser NCODING [C 7
staticfield org/codehaus/plexus/util/xml/pull/MXParser TANDALONE [C 9
staticfield org/codehaus/plexus/util/xml/pull/MXParser YES [C 3
staticfield org/codehaus/plexus/util/xml/pull/MXParser NO [C 2
staticfield org/codehaus/plexus/util/xml/pull/MXParser lookupNameStartChar [Z 1024
staticfield org/codehaus/plexus/util/xml/pull/MXParser lookupNameChar [Z 1024
ciInstanceKlass org/codehaus/plexus/util/xml/Xpp3Dom 1 1 371 7 10 9 7 10 9 10 9 10 10 10 10 10 10 10 10 10 10 10 10 9 9 11 9 11 11 7 11 7 10 11 100 8 10 8 7 10 11 11 11 11 11 11 10 10 11 11 9 11 7 10 10 11 11 11 10 11 11 9 100 10 10 10 100 8 8 10 10 10 11 10 8 8 10 11 11 7 8 10 10 11 11 10 11 11 100 10 100 8 10 10 10 10 10 7 100 1 1 1 5 0 1 1 1 1 1 1 1 1 1 1 1 1 1 1 1 1 1 1 1 1 8 1 1 1 1 1 1 1 1 1 1 1 1 1 1 1 1 1 1 1 1 1 1 1 1 1 1 1 1 1 1 1 1 1 1 1 1 1 1 1 1 1 1 1 7 1 1 1 1 1 1 1 1 1 1 1 1 1 1 1 1 1 1 1 1 1 1 1 1 1 1 1 1 1 1 1 1 1 1 1 1 1 1 1 1 1 1 1 1 1 1 1 1 1 1 1 1 1 1 100 7 1 1 1 1 1 1 1 1 1 1 1 1 1 1 1 1 1 1 1 1 1 1 12 12 1 12 12 12 12 12 12 12 12 12 12 12 12 12 12 12 12 12 12 12 12 7 12 12 1 100 12 12 1 1 1 1 12 7 12 12 12 12 12 12 12 12 12 12 7 12 12 12 12 12 12 12 1 12 100 12 12 1 1 1 12 12 12 1 1 12 12 12 1 1 12 12 12 1 1 1 12 12 12 12 12 1 1 1 1 1 1 1 1 1 1 1 1 1 1 1 1 1 1 1 1 1 1 1 1 1 1 1 1 1 1 1 1 1 1 1 1 1 1 1 1 1 1 1
staticfield org/codehaus/plexus/util/xml/Xpp3Dom EMPTY_STRING_ARRAY [Ljava/lang/String; 0 [Ljava/lang/String;
staticfield org/codehaus/plexus/util/xml/Xpp3Dom EMPTY_DOM_ARRAY [Lorg/codehaus/plexus/util/xml/Xpp3Dom; 0 [Lorg/codehaus/plexus/util/xml/Xpp3Dom;
instanceKlass com/google/inject/internal/asm/$MethodTooLargeException
instanceKlass com/google/inject/internal/asm/$ClassTooLargeException
instanceKlass java/lang/ArrayIndexOutOfBoundsException
instanceKlass java/lang/StringIndexOutOfBoundsException
ciInstanceKlass java/lang/IndexOutOfBoundsException 0 0 45 10 10 100 10 8 10 10 10 100 100 1 1 1 5 0 1 1 1 1 1 1 1 1 1 1 1 1 1 1 1 12 12 1 1 12 12 12 1 1 1 1 1 1 1
ciInstanceKlass org/codehaus/plexus/util/xml/Xpp3DomBuilder$InputLocationBuilder 1 0 13 100 100 1 1 1 1 100 1 1 1 1 1
ciMethod java/lang/Object <init> ()V 4097 1 611999 0 96
ciMethod java/lang/Object getClass ()Ljava/lang/Class; 2049 1 256 0 -1
ciMethod java/lang/Object toString ()Ljava/lang/String; 0 0 1 0 -1
ciMethod java/lang/String <init> ([CII)V 1129 1 14587 0 -1
ciMethod java/lang/String length ()I 4097 1 350227 0 64
ciMethod java/lang/String equals (Ljava/lang/Object;)Z 2569 1 5496 0 416
ciMethod java/lang/String trim ()Ljava/lang/String; 3449 1 32534 0 1408
ciMethod java/lang/String getBytes ([BIB)V 2081 1 6972 0 480
ciMethod java/lang/String <init> ([BB)V 2049 1 75232 0 256
ciMethod java/lang/String coder ()B 2057 1 490350 0 32
ciMethod java/lang/String isLatin1 ()Z 4097 1 782203 0 64
ciMethod java/lang/System arraycopy (Ljava/lang/Object;ILjava/lang/Object;II)V 3073 1 384 0 -1
ciMethod java/util/Map put (Ljava/lang/Object;Ljava/lang/Object;)Ljava/lang/Object; 0 0 1 0 -1
ciMethod java/lang/AbstractStringBuilder <init> (I)V 833 1 5274 0 448
ciMethod java/lang/AbstractStringBuilder ensureCapacityInternal (I)V 2761 1 5722 0 928
ciMethod java/lang/AbstractStringBuilder newCapacity (I)I 465 1 448 0 0
ciMethod java/lang/AbstractStringBuilder hugeCapacity (I)I 0 0 1 0 0
ciMethod java/lang/AbstractStringBuilder inflate ()V 0 0 304 0 0
ciMethod java/lang/AbstractStringBuilder append (Ljava/lang/String;)Ljava/lang/AbstractStringBuilder; 1801 1 11576 0 1600
ciMethod java/lang/AbstractStringBuilder appendNull ()Ljava/lang/AbstractStringBuilder; 0 0 1 0 -1
ciMethod java/lang/AbstractStringBuilder getCoder ()B 2081 1 11589 0 0
ciMethod java/lang/AbstractStringBuilder isLatin1 ()Z 2057 1 84616 0 64
ciMethod java/lang/AbstractStringBuilder putStringAt (ILjava/lang/String;)V 2081 1 11589 0 0
ciMethod java/lang/StringBuilder <init> ()V 785 1 52632 0 384
ciMethod java/lang/StringBuilder append (Ljava/lang/String;)Ljava/lang/StringBuilder; 1801 1 155648 0 1632
ciMethod java/lang/StringBuilder toString ()Ljava/lang/String; 833 1 49464 0 992
ciMethod java/util/AbstractCollection <init> ()V 2281 1 113699 0 32
ciMethod java/util/Objects checkIndex (II)I 3249 1 46365 0 -1
ciMethod java/util/HashMap <init> ()V 2809 1 22501 0 64
ciMethod java/util/AbstractMap <init> ()V 2529 1 39907 0 32
ciMethod java/lang/StringLatin1 equals ([B[B)Z 2049 1489 3919 0 -1
ciMethod java/lang/StringLatin1 trim ([B)Ljava/lang/String; 3097 5577 8163 0 1376
ciMethod java/lang/StringLatin1 newString ([BII)Ljava/lang/String; 1233 1 62798 0 0
ciMethod java/lang/StringLatin1 inflate ([BI[BII)V 1 1 276 0 -1
ciMethod java/util/Arrays copyOf ([Ljava/lang/Object;I)[Ljava/lang/Object; 729 1 14783 0 0
ciMethod java/util/Arrays copyOf ([Ljava/lang/Object;ILjava/lang/Class;)[Ljava/lang/Object; 825 1 5418 0 -1
ciMethod java/util/Arrays copyOf ([BI)[B 1025 1 21072 0 0
ciMethod java/util/Arrays copyOfRange ([BII)[B 2057 1 5936 0 576
ciMethod java/lang/Math max (II)I 3249 1 72755 0 -1
ciMethod java/lang/Math min (II)I 3033 1 60018 0 -1
ciMethod java/lang/StringUTF16 newBytesFor (I)[B 9 1 284 0 -1
ciMethod java/lang/StringUTF16 getChar ([BI)C 4097 1 56969 0 -1
ciMethod java/lang/StringUTF16 compress ([BII)[B 2185 1 361 0 -1
ciMethod java/lang/StringUTF16 equals ([B[B)Z 0 0 1 0 -1
ciMethod java/lang/StringUTF16 trim ([B)Ljava/lang/String; 0 0 10 0 0
ciMethod java/lang/StringUTF16 newString ([BII)Ljava/lang/String; 521 1 361 0 0
ciMethod java/util/List size ()I 0 0 1 0 -1
ciMethod java/util/List add (Ljava/lang/Object;)Z 0 0 1 0 -1
ciMethod java/util/List get (I)Ljava/lang/Object; 0 0 1 0 -1
ciMethod java/util/List remove (I)Ljava/lang/Object; 0 0 1 0 -1
ciMethod java/util/AbstractList <init> ()V 2481 1 86955 0 64
ciMethodData java/lang/String isLatin1 ()Z 2 782203 orig 80 0 0 0 0 0 0 0 0 0 0 0 0 225 1 0 0 0 0 0 0 0 0 0 0 0 0 0 0 0 0 0 0 0 0 0 0 0 0 0 0 0 0 0 0 0 0 0 0 0 0 0 0 0 0 0 0 0 0 0 0 0 0 0 0 0 0 0 0 0 0 0 0 0 0 0 0 0 0 0 0 data 18 0x30007 0x0 0x58 0xbed7b 0xa0007 0x396 0x38 0xbe9e5 0xe0003 0xbe9e5 0x18 0x0 0x0 0x0 0x0 0x9 0x1 0x0 oops 0 methods 0
ciMethodData java/lang/Object <init> ()V 2 612002 orig 80 1 0 0 0 0 0 0 0 0 0 0 0 0 0 0 0 0 0 0 0 0 0 0 0 0 0 0 0 0 0 0 0 0 0 0 0 0 0 0 0 0 0 0 0 0 0 0 0 0 0 0 0 0 0 0 0 0 0 0 0 0 0 0 0 0 0 0 0 0 0 0 0 0 0 0 0 0 0 0 0 data 4 0x0 0x9 0x1 0x0 oops 0 methods 0
ciMethodData java/lang/String coder ()B 2 490350 orig 80 0 0 0 0 0 0 0 0 0 0 0 0 254 127 0 0 0 0 0 0 0 0 0 0 0 0 0 0 0 0 0 0 0 0 0 0 0 0 0 0 0 0 0 0 0 0 0 0 0 0 0 0 0 0 0 0 0 0 0 0 0 0 0 0 0 0 0 0 0 0 0 0 0 0 0 0 0 0 0 0 data 14 0x30007 0x0 0x38 0x77a6d 0xa0003 0x77a6d 0x18 0x0 0x0 0x0 0x0 0x9 0x1 0x0 oops 0 methods 0
ciMethod java/util/ArrayList <init> ()V 1865 1 72538 0 256
ciMethod java/util/ArrayList grow (I)[Ljava/lang/Object; 329 1 8933 0 0
ciMethod java/util/ArrayList grow ()[Ljava/lang/Object; 329 1 4419 0 0
ciMethod java/util/ArrayList newCapacity (I)I 329 1 6397 0 160
ciMethod java/util/ArrayList hugeCapacity (I)I 0 0 1 0 -1
ciMethod java/util/ArrayList size ()I 1065 1 133 0 0
ciMethod java/util/ArrayList elementData (I)Ljava/lang/Object; 3249 1 26825 0 0
ciMethod java/util/ArrayList get (I)Ljava/lang/Object; 3249 1 25944 0 160
ciMethod java/util/ArrayList add (Ljava/lang/Object;[Ljava/lang/Object;I)V 2089 1 21333 0 0
ciMethod java/util/ArrayList add (Ljava/lang/Object;)Z 2089 1 21333 0 1344
ciMethod java/util/ArrayList remove (I)Ljava/lang/Object; 2121 1 19540 0 512
ciMethod java/util/ArrayList fastRemove ([Ljava/lang/Object;I)V 2121 1 6680 0 384
ciMethodData java/lang/String equals (Ljava/lang/Object;)Z 2 5496 orig 80 0 0 0 0 0 0 0 0 0 0 0 0 254 127 0 0 0 0 0 0 0 0 0 0 0 0 0 0 0 0 0 0 0 0 0 0 0 0 0 0 0 0 0 0 0 0 0 0 0 0 0 0 0 0 0 0 0 0 0 0 0 0 0 0 0 0 0 0 0 0 0 0 0 0 0 0 0 0 0 0 data 68 0x20007 0x1056 0x20 0x3e1 0x80104 0x0 0x0 0x1e10cd5f790 0x1043 0x0 0x0 0xb0007 0x13 0x178 0x1043 0xf0004 0x0 0x0 0x1e10cd5f790 0x1043 0x0 0x0 0x140005 0x1043 0x0 0x0 0x0 0x0 0x0 0x180005 0x1043 0x0 0x0 0x0 0x0 0x0 0x1b0007 0x2 0xb0 0x1041 0x1f0005 0x1041 0x0 0x0 0x0 0x0 0x0 0x220007 0x0 0x48 0x1041 0x2d0002 0x1041 0x300003 0x1041 0x28 0x3b0002 0x0 0x0 0x0 0x0 0x0 0x0 0x0 0x9 0x2 0x0 0x0 oops 2 7 java/lang/String 18 java/lang/String methods 0
ciMethodData java/util/AbstractCollection <init> ()V 2 113701 orig 80 0 0 0 0 0 0 0 0 0 0 0 0 254 127 0 0 0 0 0 0 0 0 0 0 0 0 0 0 0 0 0 0 0 0 0 0 0 0 0 0 0 0 0 0 0 0 0 0 0 0 0 0 0 0 0 0 0 0 0 0 0 0 0 0 0 0 0 0 0 0 0 0 0 0 0 0 0 0 0 0 data 7 0x10002 0x1bb07 0x0 0x0 0x9 0x1 0x0 oops 0 methods 0
ciMethod jdk/internal/util/Preconditions checkIndex (IILjava/util/function/BiFunction;)I 3249 1 52989 0 -1
ciMethodData java/lang/String length ()I 2 350227 orig 80 0 0 0 0 0 0 0 0 0 0 0 0 225 1 0 0 0 0 0 0 0 0 0 0 0 0 0 0 0 0 0 0 0 0 0 0 0 0 0 0 0 0 0 0 0 0 0 0 0 0 0 0 0 0 0 0 0 0 0 0 0 0 0 0 0 0 0 0 0 0 0 0 0 0 0 0 0 0 0 0 data 16 0x60005 0x55613 0x0 0x0 0x0 0x0 0x0 0x0 0x0 0x0 0x0 0x0 0x0 0x9 0x1 0x0 oops 0 methods 0
ciMethodData java/util/AbstractMap <init> ()V 2 39907 orig 80 0 0 0 0 0 0 0 0 0 0 0 0 254 127 0 0 0 0 0 0 0 0 0 0 0 0 0 0 0 0 0 0 0 0 0 0 0 0 0 0 0 0 0 0 0 0 0 0 0 0 0 0 0 0 0 0 0 0 0 0 0 0 0 0 0 0 0 0 0 0 0 0 0 0 0 0 0 0 0 0 data 7 0x10002 0x9aa7 0x0 0x0 0x9 0x1 0x0 oops 0 methods 0
ciMethodData java/lang/AbstractStringBuilder ensureCapacityInternal (I)V 2 5722 orig 80 0 0 0 0 0 0 0 0 0 0 0 0 254 127 0 0 0 0 0 0 0 0 0 0 0 0 0 0 0 0 0 0 0 0 0 0 0 0 0 0 0 0 0 0 0 0 0 0 0 0 0 0 0 0 0 0 0 0 0 0 0 0 0 0 0 0 0 0 0 0 0 0 0 0 0 0 0 0 0 0 data 23 0xe0007 0x137b 0x68 0x186 0x180005 0x186 0x0 0x0 0x0 0x0 0x0 0x200002 0x186 0x0 0x0 0x0 0x0 0x0 0x0 0x9 0x2 0xc 0x0 oops 0 methods 0
ciMethodData java/lang/AbstractStringBuilder newCapacity (I)I 1 448 orig 80 0 0 0 0 0 0 0 0 0 0 0 0 225 1 0 0 0 0 0 0 0 0 0 0 0 0 0 0 0 0 0 0 0 0 0 0 0 0 0 0 0 0 0 0 0 0 0 0 0 0 0 0 0 0 0 0 0 0 0 0 0 0 0 0 0 0 0 0 0 0 0 0 0 0 0 0 0 0 0 0 data 32 0x140007 0x56 0x20 0x130 0x230007 0x0 0x40 0x186 0x2a0007 0x186 0x70 0x0 0x2f0005 0x0 0x0 0x0 0x0 0x0 0x0 0x320003 0x0 0x18 0x0 0x0 0x0 0x0 0x0 0x0 0x9 0x2 0x0 0x0 oops 0 methods 0
ciMethodData java/util/Arrays copyOf ([BI)[B 2 21072 orig 80 0 0 0 0 0 0 0 0 0 0 0 0 225 1 0 0 0 0 0 0 0 0 0 0 0 0 0 0 0 0 0 0 0 0 0 0 0 0 0 0 0 0 0 0 0 0 0 0 0 0 0 0 0 0 0 0 0 0 0 0 0 0 0 0 0 0 0 0 0 0 0 0 0 0 0 0 0 0 0 0 data 14 0xb0002 0x51d0 0xe0002 0x51d0 0x0 0x0 0x0 0x0 0x0 0x0 0x9 0x2 0xffffffffffffffff 0x0 oops 0 methods 0
ciMethodData java/lang/AbstractStringBuilder isLatin1 ()Z 2 84621 orig 80 0 0 0 0 0 0 0 0 0 0 0 0 254 127 0 0 0 0 0 0 0 0 0 0 0 0 0 0 0 0 0 0 0 0 0 0 0 0 1 0 0 0 0 0 0 0 0 0 0 0 0 0 0 0 0 0 0 0 0 0 0 0 0 0 0 0 0 0 0 0 0 0 0 0 0 0 0 0 0 0 data 18 0x30007 0x0 0x58 0x1498c 0x80000006000a0007 0x19e0 0x38 0x12fad 0xe0003 0x12fad 0x18 0x0 0x0 0x0 0x0 0x9 0x1 0x0 oops 0 methods 0
ciMethodData java/lang/AbstractStringBuilder inflate ()V 1 304 orig 80 0 0 0 0 0 0 0 0 0 0 0 0 225 1 0 0 0 0 0 0 0 0 0 0 0 0 0 0 0 0 0 0 0 0 0 0 0 0 0 0 0 0 0 0 0 0 0 0 0 0 0 0 0 0 0 0 0 0 0 0 0 0 0 0 0 0 0 0 0 0 0 0 0 0 0 0 0 0 0 0 data 24 0x10005 0x130 0x0 0x0 0x0 0x0 0x0 0x40007 0x10a 0x20 0x26 0xd0002 0x10a 0x1c0002 0x10a 0x0 0x0 0x0 0x0 0x0 0x0 0x9 0x1 0xc oops 0 methods 0
ciMethodData java/lang/String <init> ([BB)V 2 75232 orig 80 0 0 0 0 0 0 0 0 0 0 0 0 254 127 0 0 0 0 0 0 0 0 0 0 0 0 0 0 0 0 0 0 0 0 0 0 0 0 0 0 0 0 0 0 0 0 0 0 0 0 0 0 0 0 0 0 0 0 0 0 0 0 0 0 0 0 0 0 0 0 0 0 0 0 0 0 0 0 0 0 data 11 0x10002 0x124e0 0x0 0x0 0x0 0x0 0x9 0x3 0xe 0x0 0x0 oops 0 methods 0
ciMethodData java/util/Arrays copyOfRange ([BII)[B 2 5936 orig 80 0 0 0 0 0 0 0 0 0 0 0 0 254 127 0 0 0 0 0 0 0 0 0 0 0 0 0 0 0 0 0 0 0 0 0 0 0 0 0 0 0 0 0 0 0 0 0 0 0 0 0 0 0 0 0 0 0 0 0 0 0 0 0 0 0 0 0 0 0 0 0 0 0 0 0 0 0 0 0 0 data 51 0x50007 0x162f 0x120 0x0 0x100002 0x0 0x140005 0x0 0x0 0x0 0x0 0x0 0x0 0x190005 0x0 0x0 0x0 0x0 0x0 0x0 0x1d0005 0x0 0x0 0x0 0x0 0x0 0x0 0x200005 0x0 0x0 0x0 0x0 0x0 0x0 0x230002 0x0 0x360002 0x162f 0x390002 0x162f 0x0 0x0 0x0 0x0 0x0 0x0 0x9 0x3 0xffffffffffffffff 0x0 0x0 oops 0 methods 0
ciMethodData java/lang/StringBuilder <init> ()V 2 52918 orig 80 0 0 0 0 0 0 0 0 0 0 0 0 225 1 0 0 0 0 0 0 0 0 0 0 0 0 0 0 0 0 0 0 0 0 0 0 0 0 0 0 0 0 0 0 0 0 0 0 0 0 0 0 0 0 0 0 0 0 0 0 0 0 0 0 0 0 0 0 0 0 0 0 0 0 0 0 0 0 0 0 data 7 0x30002 0xce54 0x0 0x0 0x9 0x1 0x0 oops 0 methods 0
ciMethodData java/lang/AbstractStringBuilder <init> (I)V 2 5274 orig 80 0 0 0 0 0 0 0 0 0 0 0 0 225 1 0 0 0 0 0 0 0 0 0 0 0 0 0 0 0 0 0 0 0 0 0 0 0 0 0 0 0 0 0 0 0 0 0 0 0 0 0 0 0 0 0 0 0 0 0 0 0 0 0 0 0 0 0 0 0 0 0 0 0 0 0 0 0 0 0 0 data 21 0x10002 0x1432 0x70007 0x0 0x38 0x1432 0x160003 0x1432 0x28 0x1b0002 0x0 0x0 0x0 0x0 0x0 0x0 0x0 0x9 0x2 0xc 0x0 oops 0 methods 0
ciMethodData java/lang/StringBuilder append (Ljava/lang/String;)Ljava/lang/StringBuilder; 2 155950 orig 80 1 0 0 0 0 0 0 0 0 0 0 0 225 1 0 0 0 0 0 0 0 0 0 0 0 0 0 0 0 0 0 0 0 0 0 0 0 0 0 0 0 0 0 0 0 0 0 0 0 0 0 0 0 0 0 0 0 0 0 0 0 0 0 0 0 0 0 0 0 0 0 0 0 0 0 0 0 0 0 0 data 9 0x20002 0x2604d 0x0 0x0 0x0 0x9 0x2 0xe 0x0 oops 0 methods 0
ciMethodData java/lang/AbstractStringBuilder append (Ljava/lang/String;)Ljava/lang/AbstractStringBuilder; 2 11576 orig 80 1 0 0 0 0 0 0 0 0 0 0 0 225 1 0 0 0 0 0 0 0 0 0 0 0 0 0 0 0 0 0 0 0 0 0 0 0 0 0 0 0 0 0 0 0 0 0 0 0 0 0 0 0 0 0 0 0 0 0 0 0 0 0 0 0 0 0 0 0 0 0 0 0 0 0 0 0 0 0 0 data 42 0x10007 0x2c57 0x58 0x0 0x50005 0x0 0x0 0x0 0x0 0x0 0x0 0xa0005 0x2c57 0x0 0x0 0x0 0x0 0x0 0x150005 0x2c57 0x0 0x0 0x0 0x0 0x0 0x1e0005 0x2c57 0x0 0x0 0x0 0x0 0x0 0x0 0x0 0x0 0x0 0x0 0x0 0x9 0x2 0xe 0x0 oops 0 methods 0
ciMethodData java/lang/StringBuilder toString ()Ljava/lang/String; 2 49468 orig 80 1 0 0 0 0 0 0 0 0 0 0 0 225 1 0 0 0 0 0 0 0 0 0 0 0 0 0 0 0 0 0 0 0 0 0 0 0 0 1 0 0 0 0 0 0 0 0 0 0 0 0 0 0 0 0 0 0 0 0 0 0 0 0 0 0 0 0 0 0 0 0 0 0 0 0 0 0 0 0 0 data 27 0x10005 0xc0d4 0x0 0x0 0x0 0x0 0x0 0x8000000600040007 0x53 0x48 0xc082 0x100002 0xc082 0x130003 0xc082 0x28 0x1f0002 0x53 0x0 0x0 0x0 0x0 0x0 0x0 0x9 0x1 0x0 oops 0 methods 0
ciMethodData java/lang/StringLatin1 newString ([BII)Ljava/lang/String; 2 62798 orig 80 0 0 0 0 0 0 0 0 0 0 0 0 225 1 0 0 0 0 0 0 0 0 0 0 0 0 0 0 0 0 0 0 0 0 0 0 0 0 0 0 0 0 0 0 0 0 0 0 0 0 0 0 0 0 0 0 0 0 0 0 0 0 0 0 0 0 0 0 0 0 0 0 0 0 0 0 0 0 0 0 data 15 0x90002 0xf4b4 0xd0002 0xf4b4 0x0 0x0 0x0 0x0 0x0 0x0 0x9 0x3 0x0 0x0 0x0 oops 0 methods 0
ciMethodData java/lang/StringUTF16 newString ([BII)Ljava/lang/String; 1 361 orig 80 0 0 0 0 0 0 0 0 0 0 0 0 225 1 0 0 0 0 0 0 0 0 0 0 0 0 0 0 0 0 0 0 0 0 0 0 0 0 0 0 0 0 0 0 0 0 0 0 0 0 0 0 0 0 0 0 0 0 0 0 0 0 0 0 0 0 0 0 0 0 0 0 0 0 0 0 0 0 0 0 data 27 0x30007 0x0 0x60 0x128 0x90002 0x128 0xe0007 0x78 0x30 0xb0 0x170002 0xb0 0x2a0002 0x78 0x2e0002 0x78 0x0 0x0 0x0 0x0 0x0 0x0 0x9 0x3 0xffffffffffffffff 0x0 0x0 oops 0 methods 0
ciMethodData java/lang/AbstractStringBuilder putStringAt (ILjava/lang/String;)V 2 11589 orig 80 0 0 0 0 0 0 0 0 0 0 0 0 254 127 0 0 0 0 0 0 0 0 0 0 0 0 0 0 0 0 0 0 0 0 0 0 0 0 2 0 0 0 0 0 0 0 0 0 0 0 0 0 0 0 0 0 0 0 0 0 0 0 0 0 0 0 0 0 0 0 0 0 0 0 0 0 0 0 0 0 data 43 0x10005 0x2c41 0x0 0x0 0x0 0x0 0x0 0x50005 0x2c41 0x0 0x0 0x0 0x0 0x0 0x8000000600080007 0x2c3d 0x58 0x6 0xc0005 0x6 0x0 0x0 0x0 0x0 0x0 0x190005 0x2c43 0x0 0x0 0x0 0x0 0x0 0x0 0x0 0x0 0x0 0x0 0x0 0x9 0x3 0xc 0x0 0x0 oops 0 methods 0
ciMethodData java/lang/AbstractStringBuilder getCoder ()B 2 11589 orig 80 0 0 0 0 0 0 0 0 0 0 0 0 225 1 0 0 0 0 0 0 0 0 0 0 0 0 0 0 0 0 0 0 0 0 0 0 0 0 0 0 0 0 0 0 0 0 0 0 0 0 0 0 0 0 0 0 0 0 0 0 0 0 0 0 0 0 0 0 0 0 0 0 0 0 0 0 0 0 0 0 data 14 0x30007 0x0 0x38 0x2c41 0xa0003 0x2c41 0x18 0x0 0x0 0x0 0x0 0x9 0x1 0x0 oops 0 methods 0
ciMethodData java/lang/String getBytes ([BIB)V 2 6972 orig 80 0 0 0 0 0 0 0 0 0 0 0 0 225 1 0 0 0 0 0 0 0 0 0 0 0 0 0 0 0 0 0 0 0 0 0 0 0 0 0 0 0 0 0 0 0 0 0 0 0 0 0 0 0 0 0 0 0 0 0 0 0 0 0 0 0 0 0 0 0 0 0 0 0 0 0 0 0 0 0 0 data 30 0x10005 0x1a38 0x0 0x0 0x0 0x0 0x0 0x50007 0x1 0x48 0x1a37 0x160002 0x1a37 0x190003 0x1a37 0x28 0x280002 0x1 0x0 0x0 0x0 0x0 0x0 0x0 0x9 0x4 0x0 0xffffffffffffffff 0x0 0x0 oops 0 methods 0
ciMethodData java/lang/AbstractStringBuilder hugeCapacity (I)I 1 0 orig 80 0 0 0 0 0 0 0 0 0 0 0 0 225 1 0 0 0 0 0 0 0 0 0 0 0 0 0 0 0 0 0 0 0 0 0 0 0 0 0 0 0 0 0 0 0 0 0 0 0 0 0 0 0 0 0 0 0 0 0 0 0 0 0 0 0 0 0 0 0 0 0 0 0 0 0 0 0 0 0 0 data 21 0x130007 0x0 0x30 0x0 0x1a0002 0x0 0x200007 0x0 0x38 0x0 0x240003 0x0 0x18 0x0 0x0 0x0 0x0 0x9 0x2 0x0 0x0 oops 0 methods 0
ciMethodData java/util/ArrayList add (Ljava/lang/Object;)Z 2 21333 orig 80 0 0 0 0 0 0 0 0 0 0 0 0 254 127 0 0 0 0 0 0 0 0 0 0 0 0 0 0 0 0 0 0 0 0 0 0 0 0 0 0 0 0 0 0 0 0 0 0 0 0 0 0 0 0 0 0 0 0 0 0 0 0 0 0 0 0 0 0 0 0 0 0 0 0 0 0 0 0 0 0 data 17 0x140005 0x5250 0x0 0x0 0x0 0x0 0x0 0x0 0x0 0x0 0x0 0x0 0x0 0x9 0x2 0xe 0x0 oops 0 methods 0
ciMethodData java/util/ArrayList add (Ljava/lang/Object;[Ljava/lang/Object;I)V 2 21333 orig 80 0 0 0 0 0 0 0 0 0 0 0 0 225 1 0 0 0 0 0 0 0 0 0 0 0 0 0 0 0 0 0 0 0 0 0 0 0 0 0 0 0 0 0 0 0 0 0 0 0 0 0 0 0 0 0 0 0 0 0 0 0 0 0 0 0 0 0 0 0 0 0 0 0 0 0 0 0 0 0 0 data 30 0x30007 0x414b 0x58 0x1105 0x70005 0x1105 0x0 0x0 0x0 0x0 0x0 0xe0104 0x0 0x0 0x1e10cd632b0 0x1dd 0x1e10d5c0340 0x1e 0x0 0x0 0x0 0x0 0x0 0x0 0x9 0x4 0xc 0x0 0xffffffffffffffff 0x0 oops 2 14 java/lang/Integer 16 jdk/internal/loader/URLClassPath$JarLoader methods 0
ciMethodData java/util/ArrayList grow ()[Ljava/lang/Object; 2 4419 orig 80 0 0 0 0 0 0 0 0 0 0 0 0 225 1 0 0 0 0 0 0 0 0 0 0 0 0 0 0 0 0 0 0 0 0 0 0 0 0 0 0 0 0 0 0 0 0 0 0 0 0 0 0 0 0 0 0 0 0 0 0 0 0 0 0 0 0 0 0 0 0 0 0 0 0 0 0 0 0 0 0 data 16 0x70005 0x111a 0x0 0x0 0x0 0x0 0x0 0x0 0x0 0x0 0x0 0x0 0x0 0x9 0x1 0xc oops 0 methods 0
ciMethodData java/util/ArrayList grow (I)[Ljava/lang/Object; 2 8933 orig 80 0 0 0 0 0 0 0 0 0 0 0 0 225 1 0 0 0 0 0 0 0 0 0 0 0 0 0 0 0 0 0 0 0 0 0 0 0 0 0 0 0 0 0 0 0 0 0 0 0 0 0 0 0 0 0 0 0 0 0 0 0 0 0 0 0 0 0 0 0 0 0 0 0 0 0 0 0 0 0 0 data 19 0x70005 0x22bc 0x0 0x0 0x0 0x0 0x0 0xa0002 0x22bc 0x0 0x0 0x0 0x0 0x0 0x0 0x9 0x2 0xc 0x0 oops 0 methods 0
ciMethodData java/util/ArrayList newCapacity (I)I 2 6397 orig 80 0 0 0 0 0 0 0 0 0 0 0 0 225 1 0 0 0 0 0 0 0 0 0 0 0 0 0 0 0 0 0 0 0 0 0 0 0 0 0 0 0 0 0 0 0 0 0 0 0 0 0 0 0 0 0 0 0 0 0 0 0 0 0 0 0 0 0 0 0 0 0 0 0 0 0 0 0 0 0 0 data 35 0xf0007 0x97 0x80 0x183d 0x190007 0x2 0x30 0x183b 0x1f0002 0x183b 0x240007 0x2 0x30 0x0 0x2b0002 0x0 0x350007 0x0 0x38 0x97 0x390003 0x97 0x28 0x3d0002 0x0 0x0 0x0 0x0 0x0 0x0 0x0 0x9 0x2 0x0 0x0 oops 0 methods 0
ciMethodData java/util/Arrays copyOf ([Ljava/lang/Object;I)[Ljava/lang/Object; 2 14783 orig 80 0 0 0 0 0 0 0 0 0 0 0 0 254 127 0 0 0 0 0 0 0 0 0 0 0 0 0 0 0 0 0 0 0 0 0 0 0 0 0 0 0 0 0 0 0 0 0 0 0 0 0 0 0 0 0 0 0 0 0 0 0 0 0 0 0 0 0 0 0 0 0 0 0 0 0 0 0 0 0 0 data 19 0x30005 0x3964 0x0 0x0 0x0 0x0 0x0 0x60002 0x3964 0x0 0x0 0x0 0x0 0x0 0x0 0x9 0x2 0x0 0x0 oops 0 methods 0
ciMethodData java/util/ArrayList get (I)Ljava/lang/Object; 2 25944 orig 80 0 0 0 0 0 0 0 0 0 0 0 0 254 127 0 0 0 0 0 0 0 0 0 0 0 0 0 0 0 0 0 0 0 0 0 0 0 0 0 0 0 0 0 0 0 0 0 0 0 0 0 0 0 0 0 0 0 0 0 0 0 0 0 0 0 0 0 0 0 0 0 0 0 0 0 0 0 0 0 0 data 19 0x50002 0x63c2 0xb0005 0x0 0x0 0x1e10e5d5000 0x63c2 0x0 0x0 0x0 0x0 0x0 0x0 0x0 0x0 0x9 0x2 0x0 0x0 oops 1 5 java/util/ArrayList methods 0
ciMethodData java/util/Objects checkIndex (II)I 2 46365 orig 80 0 0 0 0 0 0 0 0 0 0 0 0 225 1 0 0 0 0 0 0 0 0 0 0 0 0 0 0 0 0 0 0 0 0 0 0 0 0 0 0 0 0 0 0 0 0 0 0 0 0 0 0 0 0 0 0 0 0 0 0 0 0 0 0 0 0 0 0 0 0 0 0 0 0 0 0 0 0 0 0 data 12 0x30002 0xb387 0x0 0x0 0x0 0x0 0x0 0x0 0x9 0x2 0x0 0x0 oops 0 methods 0
ciMethodData java/util/ArrayList elementData (I)Ljava/lang/Object; 2 26825 orig 80 0 0 0 0 0 0 0 0 0 0 0 0 225 1 0 0 0 0 0 0 0 0 0 0 0 0 0 0 0 0 0 0 0 0 0 0 0 0 0 0 0 0 0 0 0 0 0 0 0 0 0 0 0 0 0 0 0 0 0 0 0 0 0 0 0 0 0 0 0 0 0 0 0 0 0 0 0 0 0 0 data 8 0x0 0x0 0x0 0x0 0x9 0x2 0x0 0x0 oops 0 methods 0
ciMethodData java/util/HashMap <init> ()V 2 22501 orig 80 0 0 0 0 0 0 0 0 0 0 0 0 225 1 0 0 0 0 0 0 0 0 0 0 0 0 0 0 0 0 0 0 0 0 0 0 0 0 0 0 0 0 0 0 0 0 0 0 0 0 0 0 0 0 0 0 0 0 0 0 0 0 0 0 0 0 0 0 0 0 0 0 0 0 0 0 0 0 0 0 data 9 0x10002 0x5686 0x0 0x0 0x0 0x0 0x9 0x1 0x10 oops 0 methods 0
ciMethodData java/util/ArrayList fastRemove ([Ljava/lang/Object;I)V 2 6680 orig 80 0 0 0 0 0 0 0 0 0 0 0 0 225 1 0 0 0 0 0 0 0 0 0 0 0 0 0 0 0 0 0 0 0 0 0 0 0 0 0 0 0 0 0 0 0 0 0 0 0 0 0 0 0 0 0 0 0 0 0 0 0 0 0 0 0 0 0 0 0 0 0 0 0 0 0 0 0 0 0 0 data 24 0x130007 0x190d 0x30 0x2 0x1f0002 0x2 0x2a0104 0x0 0x0 0x0 0x0 0x0 0x0 0x0 0x0 0x0 0x0 0x0 0x0 0x9 0x3 0x0 0x0 0x0 oops 0 methods 0
ciMethod org/codehaus/plexus/util/xml/Xpp3DomBuilder build (Lorg/codehaus/plexus/util/xml/pull/XmlPullParser;ZLorg/codehaus/plexus/util/xml/Xpp3DomBuilder$InputLocationBuilder;)Lorg/codehaus/plexus/util/xml/Xpp3Dom; 929 115257 1144 0 -1
ciMethod org/codehaus/plexus/util/xml/pull/XmlPullParser getText ()Ljava/lang/String; 0 0 1 0 -1
ciMethod org/codehaus/plexus/util/xml/pull/XmlPullParser getName ()Ljava/lang/String; 0 0 1 0 -1
ciMethod org/codehaus/plexus/util/xml/pull/XmlPullParser isEmptyElementTag ()Z 0 0 1 0 -1
ciMethod org/codehaus/plexus/util/xml/pull/XmlPullParser getAttributeCount ()I 0 0 1 0 -1
ciMethod org/codehaus/plexus/util/xml/pull/XmlPullParser getAttributeName (I)Ljava/lang/String; 0 0 1 0 -1
ciMethod org/codehaus/plexus/util/xml/pull/XmlPullParser getAttributeValue (I)Ljava/lang/String; 0 0 1 0 -1
ciMethod org/codehaus/plexus/util/xml/pull/XmlPullParser getEventType ()I 0 0 1 0 -1
ciMethod org/codehaus/plexus/util/xml/pull/XmlPullParser next ()I 0 0 1 0 -1
ciMethod org/codehaus/plexus/util/xml/pull/MXParser newString ([CII)Ljava/lang/String; 761 1 3746 0 -1
ciMethod org/codehaus/plexus/util/xml/pull/MXParser getText ()Ljava/lang/String; 3233 1 6065 0 3808
ciMethod org/codehaus/plexus/util/xml/pull/MXParser getName ()Ljava/lang/String; 2145 1 6010 0 128
ciMethod org/codehaus/plexus/util/xml/pull/MXParser isEmptyElementTag ()Z 2273 1 10040 0 0
ciMethod org/codehaus/plexus/util/xml/pull/MXParser getAttributeCount ()I 2081 1 15771 0 64
ciMethod org/codehaus/plexus/util/xml/pull/MXParser getAttributeName (I)Ljava/lang/String; 2145 1 1259 0 0
ciMethod org/codehaus/plexus/util/xml/pull/MXParser getAttributeValue (I)Ljava/lang/String; 2145 1 1259 0 0
ciMethod org/codehaus/plexus/util/xml/pull/MXParser getEventType ()I 1121 1 140 0 0
ciMethod org/codehaus/plexus/util/xml/pull/MXParser next ()I 3705 1 88617 0 64
ciMethod org/codehaus/plexus/util/xml/pull/MXParser nextImpl ()I 1985 16641 30258 0 -1
ciMethod org/codehaus/plexus/util/xml/pull/MXParser parseProlog ()I 9 57 260 0 -1
ciMethod org/codehaus/plexus/util/xml/pull/MXParser parseEpilog ()I 1 1 245 0 -1
ciMethod org/codehaus/plexus/util/xml/pull/MXParser parseEndTag ()I 545 15697 2009 0 -1
ciMethod org/codehaus/plexus/util/xml/pull/MXParser parseStartTag ()I 537 7465 2159 0 -1
ciMethod org/codehaus/plexus/util/xml/pull/MXParser parseEntityRef ()V 1 1 1187 0 -1
ciMethod org/codehaus/plexus/util/xml/pull/MXParser parseComment ()V 121 18329 835 0 -1
ciMethod org/codehaus/plexus/util/xml/pull/MXParser parsePI ()Z 9 25 224 0 -1
ciMethod org/codehaus/plexus/util/xml/pull/MXParser parseCDSect (Z)V 1 1 13 0 -1
ciMethod org/codehaus/plexus/util/xml/pull/MXParser more ()C 3385 1 28203 2 -1
ciMethod org/codehaus/plexus/util/xml/pull/MXParser ensurePC (I)V 0 0 1 0 -1
ciMethod org/codehaus/plexus/util/xml/pull/MXParser joinPC ()V 97 1 1481 0 -1
ciMethod org/codehaus/plexus/util/xml/pull/MXParser isNameStartChar (C)Z 1305 1 5433 0 -1
ciMethod org/codehaus/plexus/util/xml/Xpp3Dom <init> (Ljava/lang/String;)V 2049 1 10173 0 0
ciMethod org/codehaus/plexus/util/xml/Xpp3Dom setValue (Ljava/lang/String;)V 1137 1 142 0 0
ciMethod org/codehaus/plexus/util/xml/Xpp3Dom setAttribute (Ljava/lang/String;Ljava/lang/String;)V 409 1 897 0 0
ciMethod org/codehaus/plexus/util/xml/Xpp3Dom addChild (Lorg/codehaus/plexus/util/xml/Xpp3Dom;)V 2089 1 16052 0 1600
ciMethod org/codehaus/plexus/util/xml/Xpp3Dom getChildCount ()I 2297 1 26612 0 96
ciMethod org/codehaus/plexus/util/xml/Xpp3Dom setParent (Lorg/codehaus/plexus/util/xml/Xpp3Dom;)V 1129 1 141 0 0
ciMethod org/codehaus/plexus/util/xml/Xpp3Dom setInputLocation (Ljava/lang/Object;)V 145 1 18 0 -1
ciMethodData org/codehaus/plexus/util/xml/pull/MXParser nextImpl ()I 2 221970 orig 80 2 0 0 0 0 0 0 0 0 0 0 0 254 127 0 0 0 0 0 0 0 0 0 0 0 0 0 0 0 0 0 0 0 0 0 0 0 0 2 0 0 0 0 0 0 0 0 0 0 0 0 0 0 0 0 0 0 0 0 0 0 0 0 0 0 0 0 0 0 0 0 0 0 0 0 0 0 0 0 0 data 551 0x200007 0x57a8 0x20 0x1d92 0x430007 0x7498 0x20 0xa2 0x5b0007 0x22 0xdc0 0x7476 0x620007 0x5764 0x58 0x1d12 0x6c0005 0x0 0x0 0x1e10e5d4f50 0x1d12 0x0 0x0 0x780007 0x3a81 0x58 0x1ce3 0x820005 0x0 0x0 0x1e10e5d4f50 0x1ce3 0x0 0x0 0x8e0007 0x3a81 0x38 0x0 0x990003 0x0 0x60 0xa00007 0x3a81 0x38 0x0 0xab0003 0x0 0x28 0xaf0002 0x3a81 0xc40007 0x4388 0x5b8 0x3b21 0xc80007 0xa7 0x40 0x3a7a 0xcf0007 0x3a7a 0x20 0x0 0xdf0002 0x3b21 0xe60007 0x1e24 0x98 0x1cfd 0xed0007 0x0 0x40 0x1cfd 0x8000000600f10007 0x1b 0x20 0x1ce3 0x1020005 0x0 0x0 0x1e10e5d4f50 0x1b 0x0 0x0 0x10d0007 0x1d85 0x270 0x9f 0x1110002 0x9f 0x1180007 0x1 0xc0 0x9e 0x11c0002 0x9e 0x1230007 0x9e 0x20 0x0 0x1320007 0x11 0x58 0x8d 0x1360007 0x18 0x38 0x75 0x13b0003 0x75 0xa80 0x1460003 0x29 0xa68 0x14c0007 0x0 0xa8 0x1 0x1510002 0x1 0x1580007 0x1 0x20 0x0 0x1770007 0x0 0x40 0x1 0x1800007 0x0 0x20 0x1 0x1850003 0x1 0x9c0 0x1900002 0x0 0x1950005 0x0 0x0 0x0 0x0 0x0 0x0 0x1990002 0x0 0x19c0005 0x0 0x0 0x0 0x0 0x0 0x0 0x19f0005 0x0 0x0 0x0 0x0 0x0 0x0 0x1a40002 0x0 0x1ab0007 0x1d85 0xc0 0x0 0x1af0002 0x0 0x1b70007 0x0 0x20 0x0 0x1c60007 0x0 0x58 0x0 0x1ca0007 0x0 0x38 0x0 0x1cf0003 0x0 0x840 0x1da0003 0x0 0x828 0x1de0002 0x1d85 0x1e10007 0x0 0x98 0x1d85 0x1e80007 0x0 0x40 0x1d85 0x1ec0007 0x74 0x20 0x1d11 0x1fd0005 0x0 0x0 0x1e10e5d4f50 0x74 0x0 0x0 0x20d0002 0x0 0x2120005 0x0 0x0 0x0 0x0 0x0 0x0 0x2160002 0x0 0x2190005 0x0 0x0 0x0 0x0 0x0 0x0 0x21c0005 0x0 0x0 0x0 0x0 0x0 0x0 0x2210002 0x0 0x2280007 0x3eec 0x2d8 0x49c 0x22f0007 0x49c 0x40 0x0 0x2330007 0x0 0x20 0x0 0x2590002 0x49c 0x2600007 0x49c 0x20 0x0 0x2720007 0x49c 0x160 0x0 0x2790007 0x0 0x30 0x0 0x28f0002 0x0 0x29d0002 0x0 0x2a20005 0x0 0x0 0x0 0x0 0x0 0x0 0x2a90002 0x0 0x2ac0005 0x0 0x0 0x0 0x0 0x0 0x0 0x2b10005 0x0 0x0 0x0 0x0 0x0 0x0 0x2b40005 0x0 0x0 0x0 0x0 0x0 0x0 0x2b90002 0x0 0x2d70007 0x476 0x68 0x26 0x2db0007 0xd 0x48 0x19 0x2df0002 0x19 0x2e40003 0x19 0x18 0x3080007 0x49c 0x68 0x49c 0x31b0007 0x49c 0x30 0x0 0x3230002 0x0 0x33b0003 0x49c 0xffffffffffffffb0 0x3400003 0x49c 0x3d0 0x3440007 0x3e76 0x30 0x76 0x3480002 0x76 0x3560007 0x3eec 0x40 0x0 0x35d0007 0x0 0x38 0x0 0x3610003 0x3eec 0x18 0x3700007 0x3510a 0x70 0x3 0x3750007 0x3 0x38 0x0 0x37b0003 0x0 0xa0 0x3810003 0x3 0x88 0x3860007 0x3510a 0x50 0x0 0x38c0007 0x0 0x30 0x0 0x3970002 0x0 0x39d0007 0x35107 0x20 0x3 0x3a80007 0x0 0x1e8 0x3510d 0x3ae0007 0x3438c 0xd0 0xd81 0x3c20007 0x12b 0x68 0xc56 0x8000000603cd0007 0xc47 0x48 0x10 0x3d10002 0x10 0x3d40003 0x10 0x18 0x3ef0007 0xd82 0x30 0x0 0x3f70002 0x0 0x40c0003 0xd82 0x110 0x4120007 0x31a40 0xa8 0x294c 0x4170007 0xd82 0x70 0x1bca 0x41e0007 0x1a82 0x50 0x148 0x42a0007 0x148 0x30 0x0 0x4320002 0x0 0x44a0003 0x294c 0x68 0x4510007 0x25cd6 0x50 0xbd6a 0x45d0007 0xbd6a 0x30 0x0 0x4650002 0x0 0x47d0002 0x3510e 0x4840007 0x3a64 0x40 0x316aa 0x48a0007 0x31221 0xfffffffffffffd08 0x489 0x4970003 0x3eed 0xfffffffffffff3d0 0x49b0002 0x53b 0x49f0003 0x53b 0xfffffffffffff3a8 0x4a60007 0x17 0x30 0xb 0x4aa0002 0xb 0x4af0002 0x17 0x0 0x0 0x0 0x0 0x0 0x0 0x0 0x0 0x0 0x0 0x0 0x0 0x0 0x0 0x0 0x0 0x0 0x0 0x0 0x0 0x0 0x0 0x0 0x0 0x0 0x0 0x0 0x0 0x0 0x0 0x0 0x0 0x0 0x0 0x0 0x0 0x0 0x0 0x0 0x0 0x0 0x0 0x0 0x0 0x0 0x0 0x0 0x0 0x0 0x0 0x0 0x0 0x0 0x0 0x0 0x0 0x0 0x0 0x0 0x0 0x0 0x0 0x0 0x0 0x0 0x0 0x0 0x0 0x0 0x0 0x0 0x0 0x0 0x0 0x0 0x0 0x0 0x0 0x0 0x0 0x0 0x0 0x0 0x0 0x0 0x0 0x0 0x0 0x0 0x0 0x0 0x0 0x9 0x1 0x0 oops 4 19 org/codehaus/plexus/util/xml/pull/MXParser 30 org/codehaus/plexus/util/xml/pull/MXParser 79 org/codehaus/plexus/util/xml/pull/MXParser 202 org/codehaus/plexus/util/xml/pull/MXParser methods 0
ciMethodData org/codehaus/plexus/util/xml/pull/MXParser next ()I 2 88617 orig 80 0 0 0 0 0 0 0 0 0 0 0 0 254 127 0 0 0 0 0 0 0 0 0 0 0 0 0 0 0 0 0 0 0 0 0 0 0 0 0 0 0 0 0 0 0 0 0 0 0 0 0 0 0 0 0 0 0 0 0 0 0 0 0 0 0 0 0 0 0 0 0 0 0 0 0 0 0 0 0 0 data 9 0x60002 0x1585a 0x0 0x0 0x0 0x0 0x9 0x1 0x0 oops 0 methods 0
ciMethodData java/util/AbstractList <init> ()V 2 86955 orig 80 0 0 0 0 0 0 0 0 0 0 0 0 225 1 0 0 0 0 0 0 0 0 0 0 0 0 0 0 0 0 0 0 0 0 0 0 0 0 0 0 0 0 0 0 0 0 0 0 0 0 0 0 0 0 0 0 0 0 0 0 0 0 0 0 0 0 0 0 0 0 0 0 0 0 0 0 0 0 0 0 data 9 0x10002 0x15275 0x0 0x0 0x0 0x0 0x9 0x1 0x6 oops 0 methods 0
ciMethodData java/util/ArrayList <init> ()V 2 72538 orig 80 0 0 0 0 0 0 0 0 0 0 0 0 225 1 0 0 0 0 0 0 0 0 0 0 0 0 0 0 0 0 0 0 0 0 0 0 0 0 0 0 0 0 0 0 0 0 0 0 0 0 0 0 0 0 0 0 0 0 0 0 0 0 0 0 0 0 0 0 0 0 0 0 0 0 0 0 0 0 0 0 data 9 0x10002 0x11a71 0x0 0x0 0x0 0x0 0x9 0x1 0x0 oops 0 methods 0
ciMethodData java/util/ArrayList remove (I)Ljava/lang/Object; 2 19540 orig 80 0 0 0 0 0 0 0 0 0 0 0 0 254 127 0 0 0 0 0 0 0 0 0 0 0 0 0 0 0 0 0 0 0 0 0 0 0 0 0 0 0 0 0 0 0 0 0 0 0 0 0 0 0 0 0 0 0 0 0 0 0 0 0 0 0 0 0 0 0 0 0 0 0 0 0 0 0 0 0 0 data 19 0x50002 0x4b4b 0x150005 0x4b4b 0x0 0x0 0x0 0x0 0x0 0x0 0x0 0x0 0x0 0x0 0x0 0x9 0x2 0x0 0x0 oops 0 methods 0
ciMethodData java/lang/StringLatin1 trim ([B)Ljava/lang/String; 2 34356 orig 80 1 0 0 0 0 0 0 0 0 0 0 0 254 127 0 0 0 0 0 0 0 0 0 0 0 0 0 0 0 0 0 0 0 0 0 0 0 0 1 0 0 0 0 0 0 0 0 0 0 0 0 0 0 0 0 0 0 0 0 0 0 0 0 0 0 0 0 0 0 0 0 0 0 0 0 0 0 0 0 0 data 44 0x70007 0x96e 0x58 0x94d2 0x130007 0x14f2 0x38 0x7fe0 0x190003 0x7fe0 0xffffffffffffffc0 0x1e0007 0x96e 0x58 0x188d 0x2c0007 0x14f2 0x38 0x39b 0x320003 0x39b 0xffffffffffffffc0 0x360007 0x945 0x40 0x151b 0x80000006003c0007 0x1518 0x48 0x4 0x440002 0x949 0x470003 0x949 0x18 0x0 0x0 0x0 0x0 0x0 0x0 0x9 0x1 0x0 oops 0 methods 0
ciMethodData java/lang/String trim ()Ljava/lang/String; 2 32550 orig 80 1 0 0 0 0 0 0 0 0 0 0 0 254 127 0 0 0 0 0 0 0 0 0 0 0 0 0 0 0 0 0 0 0 0 0 0 0 0 1 0 0 0 0 0 0 0 0 0 0 0 0 0 0 0 0 0 0 0 0 0 0 0 0 0 0 0 0 0 0 0 0 0 0 0 0 0 0 0 0 0 data 34 0x10005 0x7d77 0x0 0x0 0x0 0x0 0x0 0x8000000600040007 0x3 0x48 0x7d75 0xb0002 0x7d75 0xe0003 0x7d75 0x28 0x150002 0x3 0x1a0007 0x2bc0 0x38 0x51b8 0x1e0003 0x51b8 0x18 0x0 0x0 0x0 0x0 0x0 0x0 0x9 0x1 0x0 oops 0 methods 0
ciMethodData java/lang/StringUTF16 trim ([B)Ljava/lang/String; 1 10 orig 80 0 0 0 0 0 0 0 0 0 0 0 0 225 1 0 0 0 0 0 0 0 0 0 0 0 0 0 0 0 0 0 0 0 0 0 0 0 0 0 0 0 0 0 0 0 0 0 0 0 0 0 0 0 0 0 0 0 0 0 0 0 0 0 0 0 0 0 0 0 0 0 0 0 0 0 0 0 0 0 0 data 50 0xb0007 0x0 0x68 0xa 0x100002 0xa 0x150007 0xa 0x38 0x0 0x1b0003 0x0 0xffffffffffffffb0 0x200007 0x0 0x68 0xa 0x270002 0xa 0x2c0007 0xa 0x38 0x0 0x320003 0x0 0xffffffffffffffb0 0x360007 0x0 0x40 0xa 0x3b0007 0xa 0x58 0x0 0x490002 0x0 0x4d0002 0x0 0x500003 0x0 0x18 0x0 0x0 0x0 0x0 0x0 0x0 0x9 0x1 0xffffffffffffffff oops 0 methods 0
ciMethodData org/codehaus/plexus/util/xml/pull/MXParser getName ()Ljava/lang/String; 2 6010 orig 80 0 0 0 0 0 0 0 0 0 0 0 0 254 127 0 0 0 0 0 0 0 0 0 0 0 0 0 0 0 0 0 0 0 0 0 0 0 0 0 0 0 0 0 0 0 0 0 0 0 0 0 0 0 0 0 0 0 0 0 0 0 0 0 0 0 0 0 0 0 0 0 0 0 0 0 0 0 0 0 0 data 31 0x50007 0x0 0x20 0x166e 0x170007 0x0 0x20 0x0 0x2a0007 0x0 0x50 0x0 0x310007 0x0 0x30 0x0 0x470002 0x0 0x0 0x0 0x0 0x0 0x0 0x0 0x0 0x0 0x0 0x0 0x9 0x1 0x0 oops 0 methods 0
ciMethodData org/codehaus/plexus/util/xml/pull/MXParser getText ()Ljava/lang/String; 2 6065 orig 80 0 0 0 0 0 0 0 0 0 0 0 0 254 127 0 0 0 0 0 0 0 0 0 0 0 0 0 0 0 0 0 0 0 0 0 0 0 0 0 0 0 0 0 0 0 0 0 0 0 0 0 0 0 0 0 0 0 0 0 0 0 0 0 0 0 0 0 0 0 0 0 0 0 0 0 0 0 0 0 0 data 50 0x40007 0x0 0x40 0x161d 0xc0007 0x161d 0x20 0x0 0x170007 0x161d 0x20 0x0 0x230007 0x0 0xb8 0x161d 0x2a0007 0x1521 0x60 0xfc 0x320007 0x0 0x40 0xfc 0x3a0007 0xfc 0x48 0x0 0x530002 0x1521 0x590003 0x1521 0x28 0x720002 0xfc 0x0 0x0 0x0 0x0 0x0 0x0 0x0 0x0 0x0 0x0 0x0 0x0 0x9 0x1 0x4000000 oops 0 methods 0
ciMethod org/codehaus/plexus/util/xml/Xpp3DomBuilder$InputLocationBuilder toInputLocation (Lorg/codehaus/plexus/util/xml/pull/XmlPullParser;)Ljava/lang/Object; 0 0 1 0 -1
ciMethodData org/codehaus/plexus/util/xml/pull/MXParser getAttributeCount ()I 2 15771 orig 80 0 0 0 0 0 0 0 0 0 0 0 0 254 127 0 0 0 0 0 0 0 0 0 0 0 0 0 0 0 0 0 0 0 0 0 0 0 0 0 0 0 0 0 0 0 0 0 0 0 0 0 0 0 0 0 0 0 0 0 0 0 0 0 0 0 0 0 0 0 0 0 0 0 0 0 0 0 0 0 0 data 11 0x50007 0x3c97 0x20 0x0 0x0 0x0 0x0 0x0 0x9 0x1 0x0 oops 0 methods 0
ciMethodData org/codehaus/plexus/util/xml/Xpp3Dom getChildCount ()I 2 26621 orig 80 0 0 0 0 0 0 0 0 0 0 0 0 254 127 0 0 0 0 0 0 0 0 0 0 0 0 0 0 0 0 0 0 0 0 0 0 0 0 0 0 0 0 0 0 0 0 0 0 0 0 0 0 0 0 0 0 0 0 0 0 0 0 0 0 0 0 0 0 0 0 0 0 0 0 0 0 0 0 0 0 data 20 0x50007 0x66de 0x20 0x0 0xe0005 0x0 0x0 0x1e10e5d5000 0x66de 0x0 0x0 0x0 0x0 0x0 0x0 0x0 0x0 0x9 0x1 0x0 oops 1 7 java/util/ArrayList methods 0
ciMethodData org/codehaus/plexus/util/xml/Xpp3Dom addChild (Lorg/codehaus/plexus/util/xml/Xpp3Dom;)V 2 16059 orig 80 0 0 0 0 0 0 0 0 0 0 0 0 254 127 0 0 0 0 0 0 0 0 0 0 0 0 0 0 0 0 0 0 0 0 0 0 0 0 0 0 0 0 0 0 0 0 0 0 0 0 0 0 0 0 0 0 0 0 0 0 0 0 0 0 0 0 0 0 0 0 0 0 0 0 0 0 0 0 0 0 data 24 0x20005 0x0 0x0 0x1e10e5d4350 0x3db6 0x0 0x0 0xa0005 0x0 0x0 0x1e10e5d5000 0x3db6 0x0 0x0 0x0 0x0 0x0 0x0 0x0 0x0 0x9 0x2 0x0 0x0 oops 2 3 org/codehaus/plexus/util/xml/Xpp3Dom 10 java/util/ArrayList methods 0
ciMethodData org/codehaus/plexus/util/xml/Xpp3Dom <init> (Ljava/lang/String;)V 2 10173 orig 80 0 0 0 0 0 0 0 0 0 0 0 0 254 127 0 0 0 0 0 0 0 0 0 0 0 0 0 0 0 0 0 0 0 0 0 0 0 0 0 0 0 0 0 0 0 0 0 0 0 0 0 0 0 0 0 0 0 0 0 0 0 0 0 0 0 0 0 0 0 0 0 0 0 0 0 0 0 0 0 0 data 12 0x10002 0x26bd 0xe0002 0x26bd 0x0 0x0 0x0 0x0 0x9 0x2 0xe 0x0 oops 0 methods 0
ciMethodData org/codehaus/plexus/util/xml/pull/MXParser isEmptyElementTag ()Z 2 10040 orig 80 0 0 0 0 0 0 0 0 0 0 0 0 254 127 0 0 0 0 0 0 0 0 0 0 0 0 0 0 0 0 0 0 0 0 0 0 0 0 0 0 0 0 0 0 0 0 0 0 0 0 0 0 0 0 0 0 0 0 0 0 0 0 0 0 0 0 0 0 0 0 0 0 0 0 0 0 0 0 0 0 data 13 0x50007 0x261c 0x30 0x0 0x100002 0x0 0x0 0x0 0x0 0x0 0x9 0x1 0x0 oops 0 methods 0
ciMethodData org/codehaus/plexus/util/xml/Xpp3Dom setAttribute (Ljava/lang/String;Ljava/lang/String;)V 1 897 orig 80 0 0 0 0 0 0 0 0 0 0 0 0 225 1 0 0 0 0 0 0 0 0 0 0 0 0 0 0 0 0 0 0 0 0 0 0 0 0 0 0 0 0 0 0 0 0 0 0 0 0 0 0 0 0 0 0 0 0 0 0 0 0 0 0 0 0 0 0 0 0 0 0 0 0 0 0 0 0 0 0 data 36 0x20007 0x34e 0x30 0x0 0xb0002 0x0 0x110007 0x34e 0x30 0x0 0x1a0002 0x0 0x230007 0xd1 0x30 0x27d 0x2b0002 0x27d 0x370005 0x0 0x0 0x1e10cf397d0 0x34e 0x0 0x0 0x0 0x0 0x0 0x0 0x0 0x0 0x9 0x3 0x0 0x0 0x0 oops 1 21 java/util/HashMap methods 0
ciMethodData org/codehaus/plexus/util/xml/pull/MXParser getAttributeName (I)Ljava/lang/String; 1 1259 orig 80 0 0 0 0 0 0 0 0 0 0 0 0 225 1 0 0 0 0 0 0 0 0 0 0 0 0 0 0 0 0 0 0 0 0 0 0 0 0 0 0 0 0 0 0 0 0 0 0 0 0 0 0 0 0 0 0 0 0 0 0 0 0 0 0 0 0 0 0 0 0 0 0 0 0 0 0 0 0 0 0 data 63 0x50007 0x3df 0x30 0x0 0xe0002 0x0 0x130007 0x0 0x40 0x3df 0x1b0007 0x3df 0x158 0x0 0x260002 0x0 0x2b0005 0x0 0x0 0x0 0x0 0x0 0x0 0x340005 0x0 0x0 0x0 0x0 0x0 0x0 0x390005 0x0 0x0 0x0 0x0 0x0 0x0 0x3d0005 0x0 0x0 0x0 0x0 0x0 0x0 0x400005 0x0 0x0 0x0 0x0 0x0 0x0 0x430002 0x0 0x0 0x0 0x0 0x0 0x0 0x0 0x9 0x2 0x0 0x0 oops 0 methods 0
ciMethodData org/codehaus/plexus/util/xml/pull/MXParser getAttributeValue (I)Ljava/lang/String; 1 1259 orig 80 0 0 0 0 0 0 0 0 0 0 0 0 254 127 0 0 0 0 0 0 0 0 0 0 0 0 0 0 0 0 0 0 0 0 0 0 0 0 0 0 0 0 0 0 0 0 0 0 0 0 0 0 0 0 0 0 0 0 0 0 0 0 0 0 0 0 0 0 0 0 0 0 0 0 0 0 0 0 0 0 data 63 0x50007 0x3df 0x30 0x0 0xe0002 0x0 0x130007 0x0 0x40 0x3df 0x1b0007 0x3df 0x158 0x0 0x260002 0x0 0x2b0005 0x0 0x0 0x0 0x0 0x0 0x0 0x340005 0x0 0x0 0x0 0x0 0x0 0x0 0x390005 0x0 0x0 0x0 0x0 0x0 0x0 0x3d0005 0x0 0x0 0x0 0x0 0x0 0x0 0x400005 0x0 0x0 0x0 0x0 0x0 0x0 0x430002 0x0 0x0 0x0 0x0 0x0 0x0 0x0 0x9 0x2 0x0 0x0 oops 0 methods 0
ciMethodData org/codehaus/plexus/util/xml/Xpp3DomBuilder build (Lorg/codehaus/plexus/util/xml/pull/XmlPullParser;ZLorg/codehaus/plexus/util/xml/Xpp3DomBuilder$InputLocationBuilder;)Lorg/codehaus/plexus/util/xml/Xpp3Dom; 2 38135 orig 80 0 0 0 0 0 0 0 0 0 0 0 0 254 127 0 0 0 0 0 0 0 0 0 0 0 0 0 0 0 0 0 0 0 0 0 0 0 0 0 0 0 0 0 0 0 0 0 0 0 0 0 0 0 0 0 0 0 0 0 0 0 0 0 0 0 0 0 0 0 0 0 0 0 0 0 0 0 0 0 0 data 337 0x40002 0x404 0xc0002 0x404 0x120005 0x0 0x0 0x1e10e5d4f50 0x404 0x0 0x0 0x1f0007 0x0 0x9c8 0x6014 0x250007 0x46ed 0x538 0x1927 0x2c0005 0x0 0x0 0x1e10e5d4f50 0x1927 0x0 0x0 0x390002 0x1927 0x3f0007 0x1927 0x90 0x0 0x460005 0x0 0x0 0x0 0x0 0x0 0x0 0x4b0005 0x0 0x0 0x0 0x0 0x0 0x0 0x4f0005 0x0 0x0 0x1e10e5d5000 0x1927 0x0 0x0 0x580007 0x404 0xc8 0x1523 0x600005 0x0 0x0 0x1e10e5d5000 0x1523 0x0 0x0 0x650004 0x0 0x0 0x1e10e5d4350 0x1523 0x0 0x0 0x6e0005 0x0 0x0 0x1e10e5d4350 0x1523 0x0 0x0 0x740005 0x0 0x0 0x1e10e5d5000 0x1927 0x0 0x0 0x7b0005 0x0 0x0 0x1e10e5d4f50 0x1927 0x0 0x0 0x800007 0x18d7 0x70 0x50 0x860005 0x0 0x0 0x1e10e5d5000 0x50 0x0 0x0 0x8c0003 0x50 0x60 0x950002 0x18d7 0x980005 0x0 0x0 0x1e10e5d5000 0x18d7 0x0 0x0 0x9f0005 0x0 0x0 0x1e10e5d4f50 0x1927 0x0 0x0 0xad0007 0x1927 0x1c8 0x96 0xb30005 0x0 0x0 0x1e10e5d4f50 0x96 0x0 0x0 0xbd0005 0x0 0x0 0x1e10e5d4f50 0x96 0x0 0x0 0xca0005 0x0 0x0 0x1e10e5d4350 0x96 0x0 0x0 0xcf0007 0x0 0xd0 0x96 0xd60005 0x96 0x0 0x0 0x0 0x0 0x0 0xd90007 0x96 0x90 0x0 0xe00005 0x0 0x0 0x0 0x0 0x0 0x0 0xe30007 0x0 0x38 0x0 0xe70003 0x0 0x18 0xf00003 0x96 0xfffffffffffffe50 0xf30003 0x1927 0x438 0xf90007 0x1927 0x1c8 0x2dc6 0xfe0005 0x0 0x0 0x1e10e5d5000 0x2dc6 0x0 0x0 0x10b0005 0x0 0x0 0x1e10e5d5000 0x2dc6 0x0 0x0 0x1100004 0x0 0x0 0x1e10cd623b0 0x2dc6 0x0 0x0 0x1160005 0x0 0x0 0x1e10e5d4f50 0x2dc6 0x0 0x0 0x11e0007 0x0 0x78 0x2dc6 0x1230007 0x0 0x58 0x2dc6 0x1280005 0x2dc6 0x0 0x0 0x0 0x0 0x0 0x1310005 0x2dc6 0x0 0x0 0x0 0x0 0x0 0x1350003 0x2dc6 0x270 0x13b0007 0x0 0x258 0x1927 0x13f0005 0x0 0x0 0x1e10e5d5000 0x1927 0x0 0x0 0x14b0005 0x0 0x0 0x1e10e5d5000 0x1927 0x0 0x0 0x1500004 0x0 0x0 0x1e10e5d4350 0x1927 0x0 0x0 0x1590005 0x0 0x0 0x1e10e5d5000 0x1927 0x0 0x0 0x1620005 0x0 0x0 0x1e10e5d4350 0x1927 0x0 0x0 0x1650007 0x9c8 0x100 0xf5f 0x16a0007 0xf0f 0x70 0x50 0x1700005 0x0 0x0 0x1e10e5d4350 0x50 0x0 0x0 0x1730003 0x50 0x88 0x17a0005 0x0 0x0 0x1e10cd623b0 0xf0f 0x0 0x0 0x17d0005 0x0 0x0 0x1e10e5d4350 0xf0f 0x0 0x0 0x1820007 0x1523 0x20 0x404 0x1890005 0x0 0x0 0x1e10e5d4f50 0x5c10 0x0 0x0 0x1900003 0x5c10 0xfffffffffffff650 0x1990002 0x0 0x0 0x0 0x0 0x0 0x0 0x0 0x9 0x3 0x0 0x0 0x0 oops 27 7 org/codehaus/plexus/util/xml/pull/MXParser 22 org/codehaus/plexus/util/xml/pull/MXParser 49 java/util/ArrayList 60 java/util/ArrayList 67 org/codehaus/plexus/util/xml/Xpp3Dom 74 org/codehaus/plexus/util/xml/Xpp3Dom 81 java/util/ArrayList 88 org/codehaus/plexus/util/xml/pull/MXParser 99 java/util/ArrayList 111 java/util/ArrayList 118 org/codehaus/plexus/util/xml/pull/MXParser 129 org/codehaus/plexus/util/xml/pull/MXParser 136 org/codehaus/plexus/util/xml/pull/MXParser 143 org/codehaus/plexus/util/xml/Xpp3Dom 189 java/util/ArrayList 196 java/util/ArrayList 203 java/lang/StringBuilder 210 org/codehaus/plexus/util/xml/pull/MXParser 246 java/util/ArrayList 253 java/util/ArrayList 260 org/codehaus/plexus/util/xml/Xpp3Dom 267 java/util/ArrayList 274 org/codehaus/plexus/util/xml/Xpp3Dom 289 org/codehaus/plexus/util/xml/Xpp3Dom 299 java/lang/StringBuilder 306 org/codehaus/plexus/util/xml/Xpp3Dom 317 org/codehaus/plexus/util/xml/pull/MXParser methods 0
compile org/codehaus/plexus/util/xml/Xpp3DomBuilder build (Lorg/codehaus/plexus/util/xml/pull/XmlPullParser;ZLorg/codehaus/plexus/util/xml/Xpp3DomBuilder$InputLocationBuilder;)Lorg/codehaus/plexus/util/xml/Xpp3Dom; -1 4 inline 97 0 -1 org/codehaus/plexus/util/xml/Xpp3DomBuilder build (Lorg/codehaus/plexus/util/xml/pull/XmlPullParser;ZLorg/codehaus/plexus/util/xml/Xpp3DomBuilder$InputLocationBuilder;)Lorg/codehaus/plexus/util/xml/Xpp3Dom; 1 4 java/util/ArrayList <init> ()V 2 1 java/util/AbstractList <init> ()V 3 1 java/util/AbstractCollection <init> ()V 4 1 java/lang/Object <init> ()V 1 12 java/util/ArrayList <init> ()V 2 1 java/util/AbstractList <init> ()V 3 1 java/util/AbstractCollection <init> ()V 4 1 java/lang/Object <init> ()V 1 18 org/codehaus/plexus/util/xml/pull/MXParser getEventType ()I 1 44 org/codehaus/plexus/util/xml/pull/MXParser getName ()Ljava/lang/String; 1 57 org/codehaus/plexus/util/xml/Xpp3Dom <init> (Ljava/lang/String;)V 2 1 java/lang/Object <init> ()V 2 14 java/util/ArrayList <init> ()V 3 1 java/util/AbstractList <init> ()V 4 1 java/util/AbstractCollection <init> ()V 5 1 java/lang/Object <init> ()V 1 79 java/util/ArrayList size ()I 1 96 java/util/ArrayList get (I)Ljava/lang/Object; 2 5 java/util/Objects checkIndex (II)I 2 11 java/util/ArrayList elementData (I)Ljava/lang/Object; 1 110 org/codehaus/plexus/util/xml/Xpp3Dom addChild (Lorg/codehaus/plexus/util/xml/Xpp3Dom;)V 2 2 org/codehaus/plexus/util/xml/Xpp3Dom setParent (Lorg/codehaus/plexus/util/xml/Xpp3Dom;)V 2 10 java/util/ArrayList add (Ljava/lang/Object;)Z 3 20 java/util/ArrayList add (Ljava/lang/Object;[Ljava/lang/Object;I)V 4 7 java/util/ArrayList grow ()[Ljava/lang/Object; 5 7 java/util/ArrayList grow (I)[Ljava/lang/Object; 6 7 java/util/ArrayList newCapacity (I)I 6 10 java/util/Arrays copyOf ([Ljava/lang/Object;I)[Ljava/lang/Object; 1 116 java/util/ArrayList add (Ljava/lang/Object;)Z 2 20 java/util/ArrayList add (Ljava/lang/Object;[Ljava/lang/Object;I)V 3 7 java/util/ArrayList grow ()[Ljava/lang/Object; 4 7 java/util/ArrayList grow (I)[Ljava/lang/Object; 5 7 java/util/ArrayList newCapacity (I)I 5 10 java/util/Arrays copyOf ([Ljava/lang/Object;I)[Ljava/lang/Object; 1 123 org/codehaus/plexus/util/xml/pull/MXParser isEmptyElementTag ()Z 1 149 java/lang/StringBuilder <init> ()V 2 3 java/lang/AbstractStringBuilder <init> (I)V 3 1 java/lang/Object <init> ()V 1 152 java/util/ArrayList add (Ljava/lang/Object;)Z 2 20 java/util/ArrayList add (Ljava/lang/Object;[Ljava/lang/Object;I)V 3 7 java/util/ArrayList grow ()[Ljava/lang/Object; 4 7 java/util/ArrayList grow (I)[Ljava/lang/Object; 5 7 java/util/ArrayList newCapacity (I)I 5 10 java/util/Arrays copyOf ([Ljava/lang/Object;I)[Ljava/lang/Object; 1 159 org/codehaus/plexus/util/xml/pull/MXParser getAttributeCount ()I 1 179 org/codehaus/plexus/util/xml/pull/MXParser getAttributeName (I)Ljava/lang/String; 1 189 org/codehaus/plexus/util/xml/pull/MXParser getAttributeValue (I)Ljava/lang/String; 1 202 org/codehaus/plexus/util/xml/Xpp3Dom setAttribute (Ljava/lang/String;Ljava/lang/String;)V 2 43 java/util/HashMap <init> ()V 3 1 java/util/AbstractMap <init> ()V 4 1 java/lang/Object <init> ()V 1 214 java/lang/String equals (Ljava/lang/Object;)Z 2 20 java/lang/String coder ()B 2 24 java/lang/String coder ()B 2 31 java/lang/String isLatin1 ()Z 1 254 java/util/ArrayList size ()I 1 267 java/util/ArrayList get (I)Ljava/lang/Object; 2 5 java/util/Objects checkIndex (II)I 2 11 java/util/ArrayList elementData (I)Ljava/lang/Object; 1 296 java/lang/String trim ()Ljava/lang/String; 2 1 java/lang/String isLatin1 ()Z 2 11 java/lang/StringLatin1 trim ([B)Ljava/lang/String; 3 68 java/lang/StringLatin1 newString ([BII)Ljava/lang/String; 4 9 java/util/Arrays copyOfRange ([BII)[B 4 13 java/lang/String <init> ([BB)V 5 1 java/lang/Object <init> ()V 1 305 java/lang/StringBuilder append (Ljava/lang/String;)Ljava/lang/StringBuilder; 2 2 java/lang/AbstractStringBuilder append (Ljava/lang/String;)Ljava/lang/AbstractStringBuilder; 3 10 java/lang/String length ()I 4 6 java/lang/String coder ()B 3 21 java/lang/AbstractStringBuilder ensureCapacityInternal (I)V 4 24 java/lang/AbstractStringBuilder newCapacity (I)I 4 32 java/util/Arrays copyOf ([BI)[B 3 30 java/lang/AbstractStringBuilder putStringAt (ILjava/lang/String;)V 4 1 java/lang/AbstractStringBuilder getCoder ()B 4 5 java/lang/String coder ()B 4 25 java/lang/String getBytes ([BIB)V 5 1 java/lang/String coder ()B 1 319 java/util/ArrayList size ()I 1 331 java/util/ArrayList remove (I)Ljava/lang/Object; 2 5 java/util/Objects checkIndex (II)I 2 21 java/util/ArrayList fastRemove ([Ljava/lang/Object;I)V 1 345 java/util/ArrayList remove (I)Ljava/lang/Object; 2 5 java/util/Objects checkIndex (II)I 2 21 java/util/ArrayList fastRemove ([Ljava/lang/Object;I)V 1 354 org/codehaus/plexus/util/xml/Xpp3Dom getChildCount ()I 2 14 java/util/ArrayList size ()I 1 368 org/codehaus/plexus/util/xml/Xpp3Dom setValue (Ljava/lang/String;)V 1 378 java/lang/StringBuilder toString ()Ljava/lang/String; 2 1 java/lang/AbstractStringBuilder isLatin1 ()Z 2 16 java/lang/StringLatin1 newString ([BII)Ljava/lang/String; 3 9 java/util/Arrays copyOfRange ([BII)[B 3 13 java/lang/String <init> ([BB)V 4 1 java/lang/Object <init> ()V 1 381 org/codehaus/plexus/util/xml/Xpp3Dom setValue (Ljava/lang/String;)V 1 393 org/codehaus/plexus/util/xml/pull/MXParser next ()I
